[WARN-rpc]2026/09/06,10:38:40.645073026|25;error on RPCClient init
An exception has occured:
NoneValueException
        at std.collection.TreeMap<...>::forward(T0, Bool)(std/collection/tree_map.cj: 0)
        at fountain::f_concurrent.LoadBalance<...>::iterator()(/mnt/d/docs/work/cangjie/projects/fountain/f_concurrent/src/LoadBalance.cj: 114)
        at fountain::f_net.client.MultiClient<...>::iterator()(/mnt/d/docs/work/cangjie/projects/fountain/f_net/src/client/MultiClient.cj: 218)
        at fountain::f_rpc.client.RPCClient::static.init::lambda.0()(/mnt/d/docs/work/cangjie/projects/fountain/f_rpc/src/client/RPCClient.cj.macrocall: 65)
[WARN-rpc]2026/09/06,10:38:41.651325127|25;error on RPCClient init
An exception has occured:
NoneValueException
        at std.collection.TreeMap<...>::forward(T0, Bool)(std/collection/tree_map.cj: 0)
        at fountain::f_concurrent.LoadBalance<...>::iterator()(/mnt/d/docs/work/cangjie/projects/fountain/f_concurrent/src/LoadBalance.cj: 114)
        at fountain::f_net.client.MultiClient<...>::iterator()(/mnt/d/docs/work/cangjie/projects/fountain/f_net/src/client/MultiClient.cj: 218)
        at fountain::f_rpc.client.RPCClient::static.init::lambda.0()(/mnt/d/docs/work/cangjie/projects/fountain/f_rpc/src/client/RPCClient.cj.macrocall: 65)
[WARN-rpc]2026/09/06,10:38:42.653571206|25;error on RPCClient init
An exception has occured:
NoneValueException
        at std.collection.TreeMap<...>::forward(T0, Bool)(std/collection/tree_map.cj: 0)
        at fountain::f_concurrent.LoadBalance<...>::iterator()(/mnt/d/docs/work/cangjie/projects/fountain/f_concurrent/src/LoadBalance.cj: 114)
        at fountain::f_net.client.MultiClient<...>::iterator()(/mnt/d/docs/work/cangjie/projects/fountain/f_net/src/client/MultiClient.cj: 218)
        at fountain::f_rpc.client.RPCClient::static.init::lambda.0()(/mnt/d/docs/work/cangjie/projects/fountain/f_rpc/src/client/RPCClient.cj.macrocall: 65)
[WARN-rpc]2026/09/06,10:38:43.655166593|25;error on RPCClient init
An exception has occured:
NoneValueException
        at std.collection.TreeMap<...>::forward(T0, Bool)(std/collection/tree_map.cj: 0)
        at fountain::f_concurrent.LoadBalance<...>::iterator()(/mnt/d/docs/work/cangjie/projects/fountain/f_concurrent/src/LoadBalance.cj: 114)
        at fountain::f_net.client.MultiClient<...>::iterator()(/mnt/d/docs/work/cangjie/projects/fountain/f_net/src/client/MultiClient.cj: 218)
        at fountain::f_rpc.client.RPCClient::static.init::lambda.0()(/mnt/d/docs/work/cangjie/projects/fountain/f_rpc/src/client/RPCClient.cj.macrocall: 65)
[WARN-rpc]2026/09/06,10:38:44.656290118|25;error on RPCClient init
An exception has occured:
NoneValueException
        at std.collection.TreeMap<...>::forward(T0, Bool)(std/collection/tree_map.cj: 0)
        at fountain::f_concurrent.LoadBalance<...>::iterator()(/mnt/d/docs/work/cangjie/projects/fountain/f_concurrent/src/LoadBalance.cj: 114)
        at fountain::f_net.client.MultiClient<...>::iterator()(/mnt/d/docs/work/cangjie/projects/fountain/f_net/src/client/MultiClient.cj: 218)
        at fountain::f_rpc.client.RPCClient::static.init::lambda.0()(/mnt/d/docs/work/cangjie/projects/fountain/f_rpc/src/client/RPCClient.cj.macrocall: 65)
[WARN-rpc]2026/09/06,10:38:45.658070299|25;error on RPCClient init
An exception has occured:
NoneValueException
        at std.collection.TreeMap<...>::forward(T0, Bool)(std/collection/tree_map.cj: 0)
        at fountain::f_concurrent.LoadBalance<...>::iterator()(/mnt/d/docs/work/cangjie/projects/fountain/f_concurrent/src/LoadBalance.cj: 114)
        at fountain::f_net.client.MultiClient<...>::iterator()(/mnt/d/docs/work/cangjie/projects/fountain/f_net/src/client/MultiClient.cj: 218)
        at fountain::f_rpc.client.RPCClient::static.init::lambda.0()(/mnt/d/docs/work/cangjie/projects/fountain/f_rpc/src/client/RPCClient.cj.macrocall: 65)
[WARN-rpc]2026/09/06,10:38:46.660238907|25;error on RPCClient init
An exception has occured:
NoneValueException
        at std.collection.TreeMap<...>::forward(T0, Bool)(std/collection/tree_map.cj: 0)
        at fountain::f_concurrent.LoadBalance<...>::iterator()(/mnt/d/docs/work/cangjie/projects/fountain/f_concurrent/src/LoadBalance.cj: 114)
        at fountain::f_net.client.MultiClient<...>::iterator()(/mnt/d/docs/work/cangjie/projects/fountain/f_net/src/client/MultiClient.cj: 218)
        at fountain::f_rpc.client.RPCClient::static.init::lambda.0()(/mnt/d/docs/work/cangjie/projects/fountain/f_rpc/src/client/RPCClient.cj.macrocall: 65)
[WARN-rpc]2026/09/06,10:38:47.661008832|25;error on RPCClient init
An exception has occured:
NoneValueException
        at std.collection.TreeMap<...>::forward(T0, Bool)(std/collection/tree_map.cj: 0)
        at fountain::f_concurrent.LoadBalance<...>::iterator()(/mnt/d/docs/work/cangjie/projects/fountain/f_concurrent/src/LoadBalance.cj: 114)
        at fountain::f_net.client.MultiClient<...>::iterator()(/mnt/d/docs/work/cangjie/projects/fountain/f_net/src/client/MultiClient.cj: 218)
        at fountain::f_rpc.client.RPCClient::static.init::lambda.0()(/mnt/d/docs/work/cangjie/projects/fountain/f_rpc/src/client/RPCClient.cj.macrocall: 65)
[WARN-rpc]2026/09/06,10:38:48.663303398|25;error on RPCClient init
An exception has occured:
NoneValueException
        at std.collection.TreeMap<...>::forward(T0, Bool)(std/collection/tree_map.cj: 0)
        at fountain::f_concurrent.LoadBalance<...>::iterator()(/mnt/d/docs/work/cangjie/projects/fountain/f_concurrent/src/LoadBalance.cj: 114)
        at fountain::f_net.client.MultiClient<...>::iterator()(/mnt/d/docs/work/cangjie/projects/fountain/f_net/src/client/MultiClient.cj: 218)
        at fountain::f_rpc.client.RPCClient::static.init::lambda.0()(/mnt/d/docs/work/cangjie/projects/fountain/f_rpc/src/client/RPCClient.cj.macrocall: 65)
[WARN-rpc]2026/09/06,10:38:49.665226180|25;error on RPCClient init
An exception has occured:
NoneValueException
        at std.collection.TreeMap<...>::forward(T0, Bool)(std/collection/tree_map.cj: 0)
        at fountain::f_concurrent.LoadBalance<...>::iterator()(/mnt/d/docs/work/cangjie/projects/fountain/f_concurrent/src/LoadBalance.cj: 114)
        at fountain::f_net.client.MultiClient<...>::iterator()(/mnt/d/docs/work/cangjie/projects/fountain/f_net/src/client/MultiClient.cj: 218)
        at fountain::f_rpc.client.RPCClient::static.init::lambda.0()(/mnt/d/docs/work/cangjie/projects/fountain/f_rpc/src/client/RPCClient.cj.macrocall: 65)
[WARN-rpc]2026/09/06,10:38:50.668304540|25;error on RPCClient init
An exception has occured:
NoneValueException
        at std.collection.TreeMap<...>::forward(T0, Bool)(std/collection/tree_map.cj: 0)
        at fountain::f_concurrent.LoadBalance<...>::iterator()(/mnt/d/docs/work/cangjie/projects/fountain/f_concurrent/src/LoadBalance.cj: 114)
        at fountain::f_net.client.MultiClient<...>::iterator()(/mnt/d/docs/work/cangjie/projects/fountain/f_net/src/client/MultiClient.cj: 218)
        at fountain::f_rpc.client.RPCClient::static.init::lambda.0()(/mnt/d/docs/work/cangjie/projects/fountain/f_rpc/src/client/RPCClient.cj.macrocall: 65)
[WARN-rpc]2026/09/06,10:38:51.669775256|25;error on RPCClient init
An exception has occured:
NoneValueException
        at std.collection.TreeMap<...>::forward(T0, Bool)(std/collection/tree_map.cj: 0)
        at fountain::f_concurrent.LoadBalance<...>::iterator()(/mnt/d/docs/work/cangjie/projects/fountain/f_concurrent/src/LoadBalance.cj: 114)
        at fountain::f_net.client.MultiClient<...>::iterator()(/mnt/d/docs/work/cangjie/projects/fountain/f_net/src/client/MultiClient.cj: 218)
        at fountain::f_rpc.client.RPCClient::static.init::lambda.0()(/mnt/d/docs/work/cangjie/projects/fountain/f_rpc/src/client/RPCClient.cj.macrocall: 65)
[WARN-rpc]2026/09/06,10:38:52.671873080|25;error on RPCClient init
An exception has occured:
NoneValueException
        at std.collection.TreeMap<...>::forward(T0, Bool)(std/collection/tree_map.cj: 0)
        at fountain::f_concurrent.LoadBalance<...>::iterator()(/mnt/d/docs/work/cangjie/projects/fountain/f_concurrent/src/LoadBalance.cj: 114)
        at fountain::f_net.client.MultiClient<...>::iterator()(/mnt/d/docs/work/cangjie/projects/fountain/f_net/src/client/MultiClient.cj: 218)
        at fountain::f_rpc.client.RPCClient::static.init::lambda.0()(/mnt/d/docs/work/cangjie/projects/fountain/f_rpc/src/client/RPCClient.cj.macrocall: 65)
[WARN-rpc]2026/09/06,10:38:53.674662251|25;error on RPCClient init
An exception has occured:
NoneValueException
        at std.collection.TreeMap<...>::forward(T0, Bool)(std/collection/tree_map.cj: 0)
        at fountain::f_concurrent.LoadBalance<...>::iterator()(/mnt/d/docs/work/cangjie/projects/fountain/f_concurrent/src/LoadBalance.cj: 114)
        at fountain::f_net.client.MultiClient<...>::iterator()(/mnt/d/docs/work/cangjie/projects/fountain/f_net/src/client/MultiClient.cj: 218)
        at fountain::f_rpc.client.RPCClient::static.init::lambda.0()(/mnt/d/docs/work/cangjie/projects/fountain/f_rpc/src/client/RPCClient.cj.macrocall: 65)
[WARN-rpc]2026/09/06,10:38:54.676106571|25;error on RPCClient init
An exception has occured:
NoneValueException
        at std.collection.TreeMap<...>::forward(T0, Bool)(std/collection/tree_map.cj: 0)
        at fountain::f_concurrent.LoadBalance<...>::iterator()(/mnt/d/docs/work/cangjie/projects/fountain/f_concurrent/src/LoadBalance.cj: 114)
        at fountain::f_net.client.MultiClient<...>::iterator()(/mnt/d/docs/work/cangjie/projects/fountain/f_net/src/client/MultiClient.cj: 218)
        at fountain::f_rpc.client.RPCClient::static.init::lambda.0()(/mnt/d/docs/work/cangjie/projects/fountain/f_rpc/src/client/RPCClient.cj.macrocall: 65)
[WARN-rpc]2026/09/06,10:38:55.678959620|25;error on RPCClient init
An exception has occured:
NoneValueException
        at std.collection.TreeMap<...>::forward(T0, Bool)(std/collection/tree_map.cj: 0)
        at fountain::f_concurrent.LoadBalance<...>::iterator()(/mnt/d/docs/work/cangjie/projects/fountain/f_concurrent/src/LoadBalance.cj: 114)
        at fountain::f_net.client.MultiClient<...>::iterator()(/mnt/d/docs/work/cangjie/projects/fountain/f_net/src/client/MultiClient.cj: 218)
        at fountain::f_rpc.client.RPCClient::static.init::lambda.0()(/mnt/d/docs/work/cangjie/projects/fountain/f_rpc/src/client/RPCClient.cj.macrocall: 65)
[WARN-rpc]2026/09/06,10:38:56.680392663|25;error on RPCClient init
An exception has occured:
NoneValueException
        at std.collection.TreeMap<...>::forward(T0, Bool)(std/collection/tree_map.cj: 0)
        at fountain::f_concurrent.LoadBalance<...>::iterator()(/mnt/d/docs/work/cangjie/projects/fountain/f_concurrent/src/LoadBalance.cj: 114)
        at fountain::f_net.client.MultiClient<...>::iterator()(/mnt/d/docs/work/cangjie/projects/fountain/f_net/src/client/MultiClient.cj: 218)
        at fountain::f_rpc.client.RPCClient::static.init::lambda.0()(/mnt/d/docs/work/cangjie/projects/fountain/f_rpc/src/client/RPCClient.cj.macrocall: 65)
[WARN-rpc]2026/09/06,10:38:57.682094759|25;error on RPCClient init
An exception has occured:
NoneValueException
        at std.collection.TreeMap<...>::forward(T0, Bool)(std/collection/tree_map.cj: 0)
        at fountain::f_concurrent.LoadBalance<...>::iterator()(/mnt/d/docs/work/cangjie/projects/fountain/f_concurrent/src/LoadBalance.cj: 114)
        at fountain::f_net.client.MultiClient<...>::iterator()(/mnt/d/docs/work/cangjie/projects/fountain/f_net/src/client/MultiClient.cj: 218)
        at fountain::f_rpc.client.RPCClient::static.init::lambda.0()(/mnt/d/docs/work/cangjie/projects/fountain/f_rpc/src/client/RPCClient.cj.macrocall: 65)
[WARN-rpc]2026/09/06,10:38:58.684544630|25;error on RPCClient init
An exception has occured:
NoneValueException
        at std.collection.TreeMap<...>::forward(T0, Bool)(std/collection/tree_map.cj: 0)
        at fountain::f_concurrent.LoadBalance<...>::iterator()(/mnt/d/docs/work/cangjie/projects/fountain/f_concurrent/src/LoadBalance.cj: 114)
        at fountain::f_net.client.MultiClient<...>::iterator()(/mnt/d/docs/work/cangjie/projects/fountain/f_net/src/client/MultiClient.cj: 218)
        at fountain::f_rpc.client.RPCClient::static.init::lambda.0()(/mnt/d/docs/work/cangjie/projects/fountain/f_rpc/src/client/RPCClient.cj.macrocall: 65)
[WARN-rpc]2026/09/06,10:38:59.686641881|25;error on RPCClient init
An exception has occured:
NoneValueException
        at std.collection.TreeMap<...>::forward(T0, Bool)(std/collection/tree_map.cj: 0)
        at fountain::f_concurrent.LoadBalance<...>::iterator()(/mnt/d/docs/work/cangjie/projects/fountain/f_concurrent/src/LoadBalance.cj: 114)
        at fountain::f_net.client.MultiClient<...>::iterator()(/mnt/d/docs/work/cangjie/projects/fountain/f_net/src/client/MultiClient.cj: 218)
        at fountain::f_rpc.client.RPCClient::static.init::lambda.0()(/mnt/d/docs/work/cangjie/projects/fountain/f_rpc/src/client/RPCClient.cj.macrocall: 65)
[WARN-rpc]2026/09/06,10:39:00.689227436|25;error on RPCClient init
An exception has occured:
NoneValueException
        at std.collection.TreeMap<...>::forward(T0, Bool)(std/collection/tree_map.cj: 0)
        at fountain::f_concurrent.LoadBalance<...>::iterator()(/mnt/d/docs/work/cangjie/projects/fountain/f_concurrent/src/LoadBalance.cj: 114)
        at fountain::f_net.client.MultiClient<...>::iterator()(/mnt/d/docs/work/cangjie/projects/fountain/f_net/src/client/MultiClient.cj: 218)
        at fountain::f_rpc.client.RPCClient::static.init::lambda.0()(/mnt/d/docs/work/cangjie/projects/fountain/f_rpc/src/client/RPCClient.cj.macrocall: 65)
[WARN-rpc]2026/09/06,10:39:01.690896460|25;error on RPCClient init
An exception has occured:
NoneValueException
        at std.collection.TreeMap<...>::forward(T0, Bool)(std/collection/tree_map.cj: 0)
        at fountain::f_concurrent.LoadBalance<...>::iterator()(/mnt/d/docs/work/cangjie/projects/fountain/f_concurrent/src/LoadBalance.cj: 114)
        at fountain::f_net.client.MultiClient<...>::iterator()(/mnt/d/docs/work/cangjie/projects/fountain/f_net/src/client/MultiClient.cj: 218)
        at fountain::f_rpc.client.RPCClient::static.init::lambda.0()(/mnt/d/docs/work/cangjie/projects/fountain/f_rpc/src/client/RPCClient.cj.macrocall: 65)
[WARN-rpc]2026/09/06,10:39:02.693868130|25;error on RPCClient init
An exception has occured:
NoneValueException
        at std.collection.TreeMap<...>::forward(T0, Bool)(std/collection/tree_map.cj: 0)
        at fountain::f_concurrent.LoadBalance<...>::iterator()(/mnt/d/docs/work/cangjie/projects/fountain/f_concurrent/src/LoadBalance.cj: 114)
        at fountain::f_net.client.MultiClient<...>::iterator()(/mnt/d/docs/work/cangjie/projects/fountain/f_net/src/client/MultiClient.cj: 218)
        at fountain::f_rpc.client.RPCClient::static.init::lambda.0()(/mnt/d/docs/work/cangjie/projects/fountain/f_rpc/src/client/RPCClient.cj.macrocall: 65)
[WARN-rpc]2026/09/06,10:55:05.532037704|25;error on RPCClient init
An exception has occured:
NoneValueException
        at std.collection.TreeMap<...>::forward(T0, Bool)(std/collection/tree_map.cj: 0)
        at fountain::f_concurrent.LoadBalance<...>::iterator()(/mnt/d/docs/work/cangjie/projects/fountain/f_concurrent/src/LoadBalance.cj: 114)
        at fountain::f_net.client.MultiClient<...>::iterator()(/mnt/d/docs/work/cangjie/projects/fountain/f_net/src/client/MultiClient.cj: 218)
        at fountain::f_rpc.client.RPCClient::static.init::lambda.0()(/mnt/d/docs/work/cangjie/projects/fountain/f_rpc/src/client/RPCClient.cj.macrocall: 65)
[WARN-rpc]2026/09/06,10:55:06.541832196|25;error on RPCClient init
An exception has occured:
NoneValueException
        at std.collection.TreeMap<...>::forward(T0, Bool)(std/collection/tree_map.cj: 0)
        at fountain::f_concurrent.LoadBalance<...>::iterator()(/mnt/d/docs/work/cangjie/projects/fountain/f_concurrent/src/LoadBalance.cj: 114)
        at fountain::f_net.client.MultiClient<...>::iterator()(/mnt/d/docs/work/cangjie/projects/fountain/f_net/src/client/MultiClient.cj: 218)
        at fountain::f_rpc.client.RPCClient::static.init::lambda.0()(/mnt/d/docs/work/cangjie/projects/fountain/f_rpc/src/client/RPCClient.cj.macrocall: 65)
[WARN-rpc]2026/09/06,10:55:07.545524897|25;error on RPCClient init
An exception has occured:
NoneValueException
        at std.collection.TreeMap<...>::forward(T0, Bool)(std/collection/tree_map.cj: 0)
        at fountain::f_concurrent.LoadBalance<...>::iterator()(/mnt/d/docs/work/cangjie/projects/fountain/f_concurrent/src/LoadBalance.cj: 114)
        at fountain::f_net.client.MultiClient<...>::iterator()(/mnt/d/docs/work/cangjie/projects/fountain/f_net/src/client/MultiClient.cj: 218)
        at fountain::f_rpc.client.RPCClient::static.init::lambda.0()(/mnt/d/docs/work/cangjie/projects/fountain/f_rpc/src/client/RPCClient.cj.macrocall: 65)
[WARN-rpc]2026/09/06,10:55:08.553664442|25;error on RPCClient init
An exception has occured:
NoneValueException
        at std.collection.TreeMap<...>::forward(T0, Bool)(std/collection/tree_map.cj: 0)
        at fountain::f_concurrent.LoadBalance<...>::iterator()(/mnt/d/docs/work/cangjie/projects/fountain/f_concurrent/src/LoadBalance.cj: 114)
        at fountain::f_net.client.MultiClient<...>::iterator()(/mnt/d/docs/work/cangjie/projects/fountain/f_net/src/client/MultiClient.cj: 218)
        at fountain::f_rpc.client.RPCClient::static.init::lambda.0()(/mnt/d/docs/work/cangjie/projects/fountain/f_rpc/src/client/RPCClient.cj.macrocall: 65)
[WARN-rpc]2026/09/06,10:55:19.378849393|25;error on RPCClient init
An exception has occured:
NoneValueException
        at std.collection.TreeMap<...>::forward(T0, Bool)(std/collection/tree_map.cj: 0)
        at fountain::f_concurrent.LoadBalance<...>::iterator()(/mnt/d/docs/work/cangjie/projects/fountain/f_concurrent/src/LoadBalance.cj: 114)
        at fountain::f_net.client.MultiClient<...>::iterator()(/mnt/d/docs/work/cangjie/projects/fountain/f_net/src/client/MultiClient.cj: 218)
        at fountain::f_rpc.client.RPCClient::static.init::lambda.0()(/mnt/d/docs/work/cangjie/projects/fountain/f_rpc/src/client/RPCClient.cj.macrocall: 65)
[WARN-rpc]2026/09/06,10:55:20.379298495|25;error on RPCClient init
An exception has occured:
NoneValueException
        at std.collection.TreeMap<...>::forward(T0, Bool)(std/collection/tree_map.cj: 0)
        at fountain::f_concurrent.LoadBalance<...>::iterator()(/mnt/d/docs/work/cangjie/projects/fountain/f_concurrent/src/LoadBalance.cj: 114)
        at fountain::f_net.client.MultiClient<...>::iterator()(/mnt/d/docs/work/cangjie/projects/fountain/f_net/src/client/MultiClient.cj: 218)
        at fountain::f_rpc.client.RPCClient::static.init::lambda.0()(/mnt/d/docs/work/cangjie/projects/fountain/f_rpc/src/client/RPCClient.cj.macrocall: 65)
[WARN-rpc]2026/09/06,11:04:17.862184111|25;error on RPCClient init
An exception has occured:
NoneValueException
        at std.collection.TreeMap<...>::forward(T0, Bool)(std/collection/tree_map.cj: 0)
        at fountain::f_concurrent.LoadBalance<...>::iterator()(/mnt/d/docs/work/cangjie/projects/fountain/f_concurrent/src/LoadBalance.cj: 114)
        at fountain::f_net.client.MultiClient<...>::iterator()(/mnt/d/docs/work/cangjie/projects/fountain/f_net/src/client/MultiClient.cj: 219)
        at fountain::f_rpc.client.RPCClient::static.init::lambda.0()(/mnt/d/docs/work/cangjie/projects/fountain/f_rpc/src/client/RPCClient.cj.macrocall: 65)
[WARN-rpc]2026/09/06,11:04:18.872430355|25;error on RPCClient init
An exception has occured:
NoneValueException
        at std.collection.TreeMap<...>::forward(T0, Bool)(std/collection/tree_map.cj: 0)
        at fountain::f_concurrent.LoadBalance<...>::iterator()(/mnt/d/docs/work/cangjie/projects/fountain/f_concurrent/src/LoadBalance.cj: 114)
        at fountain::f_net.client.MultiClient<...>::iterator()(/mnt/d/docs/work/cangjie/projects/fountain/f_net/src/client/MultiClient.cj: 219)
        at fountain::f_rpc.client.RPCClient::static.init::lambda.0()(/mnt/d/docs/work/cangjie/projects/fountain/f_rpc/src/client/RPCClient.cj.macrocall: 65)
[WARN-rpc]2026/09/06,11:09:18.082012711|25;error on RPCClient init
An exception has occured:
NoneValueException
        at std.collection.TreeMap<...>::forward(T0, Bool)(std/collection/tree_map.cj: 0)
        at fountain::f_concurrent.LoadBalance<...>::iterator()(/mnt/d/docs/work/cangjie/projects/fountain/f_concurrent/src/LoadBalance.cj: 114)
        at fountain::f_net.client.MultiClient<...>::iterator()(/mnt/d/docs/work/cangjie/projects/fountain/f_net/src/client/MultiClient.cj: 218)
        at fountain::f_rpc.client.RPCClient::static.init::lambda.0()(/mnt/d/docs/work/cangjie/projects/fountain/f_rpc/src/client/RPCClient.cj.macrocall: 65)
[WARN-rpc]2026/09/06,11:09:19.089194839|25;error on RPCClient init
An exception has occured:
NoneValueException
        at std.collection.TreeMap<...>::forward(T0, Bool)(std/collection/tree_map.cj: 0)
        at fountain::f_concurrent.LoadBalance<...>::iterator()(/mnt/d/docs/work/cangjie/projects/fountain/f_concurrent/src/LoadBalance.cj: 114)
        at fountain::f_net.client.MultiClient<...>::iterator()(/mnt/d/docs/work/cangjie/projects/fountain/f_net/src/client/MultiClient.cj: 218)
        at fountain::f_rpc.client.RPCClient::static.init::lambda.0()(/mnt/d/docs/work/cangjie/projects/fountain/f_rpc/src/client/RPCClient.cj.macrocall: 65)
[WARN-rpc]2026/09/06,11:10:24.827179952|25;error on RPCClient init
An exception has occured:
NoneValueException
        at std.collection.TreeMap<...>::forward(T0, Bool)(std/collection/tree_map.cj: 0)
        at fountain::f_concurrent.LoadBalance<...>::iterator()(/mnt/d/docs/work/cangjie/projects/fountain/f_concurrent/src/LoadBalance.cj: 114)
        at fountain::f_net.client.MultiClient<...>::iterator()(/mnt/d/docs/work/cangjie/projects/fountain/f_net/src/client/MultiClient.cj: 218)
        at fountain::f_rpc.client.RPCClient::static.init::lambda.0()(/mnt/d/docs/work/cangjie/projects/fountain/f_rpc/src/client/RPCClient.cj.macrocall: 65)
[WARN-rpc]2026/09/06,11:10:25.828158440|25;error on RPCClient init
An exception has occured:
NoneValueException
        at std.collection.TreeMap<...>::forward(T0, Bool)(std/collection/tree_map.cj: 0)
        at fountain::f_concurrent.LoadBalance<...>::iterator()(/mnt/d/docs/work/cangjie/projects/fountain/f_concurrent/src/LoadBalance.cj: 114)
        at fountain::f_net.client.MultiClient<...>::iterator()(/mnt/d/docs/work/cangjie/projects/fountain/f_net/src/client/MultiClient.cj: 218)
        at fountain::f_rpc.client.RPCClient::static.init::lambda.0()(/mnt/d/docs/work/cangjie/projects/fountain/f_rpc/src/client/RPCClient.cj.macrocall: 65)
[WARN-rpc]2026/09/06,11:10:26.837161529|25;error on RPCClient init
An exception has occured:
NoneValueException
        at std.collection.TreeMap<...>::forward(T0, Bool)(std/collection/tree_map.cj: 0)
        at fountain::f_concurrent.LoadBalance<...>::iterator()(/mnt/d/docs/work/cangjie/projects/fountain/f_concurrent/src/LoadBalance.cj: 114)
        at fountain::f_net.client.MultiClient<...>::iterator()(/mnt/d/docs/work/cangjie/projects/fountain/f_net/src/client/MultiClient.cj: 218)
        at fountain::f_rpc.client.RPCClient::static.init::lambda.0()(/mnt/d/docs/work/cangjie/projects/fountain/f_rpc/src/client/RPCClient.cj.macrocall: 65)
[WARN-rpc]2026/09/06,11:10:27.845713811|25;error on RPCClient init
An exception has occured:
NoneValueException
        at std.collection.TreeMap<...>::forward(T0, Bool)(std/collection/tree_map.cj: 0)
        at fountain::f_concurrent.LoadBalance<...>::iterator()(/mnt/d/docs/work/cangjie/projects/fountain/f_concurrent/src/LoadBalance.cj: 114)
        at fountain::f_net.client.MultiClient<...>::iterator()(/mnt/d/docs/work/cangjie/projects/fountain/f_net/src/client/MultiClient.cj: 218)
        at fountain::f_rpc.client.RPCClient::static.init::lambda.0()(/mnt/d/docs/work/cangjie/projects/fountain/f_rpc/src/client/RPCClient.cj.macrocall: 65)
[WARN-rpc]2026/09/06,11:10:28.854287133|25;error on RPCClient init
An exception has occured:
NoneValueException
        at std.collection.TreeMap<...>::forward(T0, Bool)(std/collection/tree_map.cj: 0)
        at fountain::f_concurrent.LoadBalance<...>::iterator()(/mnt/d/docs/work/cangjie/projects/fountain/f_concurrent/src/LoadBalance.cj: 114)
        at fountain::f_net.client.MultiClient<...>::iterator()(/mnt/d/docs/work/cangjie/projects/fountain/f_net/src/client/MultiClient.cj: 218)
        at fountain::f_rpc.client.RPCClient::static.init::lambda.0()(/mnt/d/docs/work/cangjie/projects/fountain/f_rpc/src/client/RPCClient.cj.macrocall: 65)
[WARN-rpc]2026/09/06,13:14:40.709017465|25;error on RPCClient init
An exception has occured:
NoneValueException
        at std.collection.TreeMap<...>::forward(T0, Bool)(std/collection/tree_map.cj: 0)
        at fountain::f_concurrent.LoadBalance<...>::iterator()(/mnt/d/docs/work/cangjie/projects/fountain/f_concurrent/src/LoadBalance.cj: 114)
        at fountain::f_net.client.MultiClient<...>::iterator()(/mnt/d/docs/work/cangjie/projects/fountain/f_net/src/client/MultiClient.cj: 218)
        at fountain::f_rpc.client.RPCClient::static.init::lambda.0()(/mnt/d/docs/work/cangjie/projects/fountain/f_rpc/src/client/RPCClient.cj.macrocall: 65)
[WARN-rpc]2026/09/06,13:14:41.718320859|25;error on RPCClient init
An exception has occured:
NoneValueException
        at std.collection.TreeMap<...>::forward(T0, Bool)(std/collection/tree_map.cj: 0)
        at fountain::f_concurrent.LoadBalance<...>::iterator()(/mnt/d/docs/work/cangjie/projects/fountain/f_concurrent/src/LoadBalance.cj: 114)
        at fountain::f_net.client.MultiClient<...>::iterator()(/mnt/d/docs/work/cangjie/projects/fountain/f_net/src/client/MultiClient.cj: 218)
        at fountain::f_rpc.client.RPCClient::static.init::lambda.0()(/mnt/d/docs/work/cangjie/projects/fountain/f_rpc/src/client/RPCClient.cj.macrocall: 65)
[WARN-rpc]2026/09/06,13:14:42.726150465|25;error on RPCClient init
An exception has occured:
NoneValueException
        at std.collection.TreeMap<...>::forward(T0, Bool)(std/collection/tree_map.cj: 0)
        at fountain::f_concurrent.LoadBalance<...>::iterator()(/mnt/d/docs/work/cangjie/projects/fountain/f_concurrent/src/LoadBalance.cj: 114)
        at fountain::f_net.client.MultiClient<...>::iterator()(/mnt/d/docs/work/cangjie/projects/fountain/f_net/src/client/MultiClient.cj: 218)
        at fountain::f_rpc.client.RPCClient::static.init::lambda.0()(/mnt/d/docs/work/cangjie/projects/fountain/f_rpc/src/client/RPCClient.cj.macrocall: 65)
[WARN-rpc]2026/09/06,13:14:43.733101550|25;error on RPCClient init
An exception has occured:
NoneValueException
        at std.collection.TreeMap<...>::forward(T0, Bool)(std/collection/tree_map.cj: 0)
        at fountain::f_concurrent.LoadBalance<...>::iterator()(/mnt/d/docs/work/cangjie/projects/fountain/f_concurrent/src/LoadBalance.cj: 114)
        at fountain::f_net.client.MultiClient<...>::iterator()(/mnt/d/docs/work/cangjie/projects/fountain/f_net/src/client/MultiClient.cj: 218)
        at fountain::f_rpc.client.RPCClient::static.init::lambda.0()(/mnt/d/docs/work/cangjie/projects/fountain/f_rpc/src/client/RPCClient.cj.macrocall: 65)
[WARN-rpc]2026/09/06,13:14:44.740106482|25;error on RPCClient init
An exception has occured:
NoneValueException
        at std.collection.TreeMap<...>::forward(T0, Bool)(std/collection/tree_map.cj: 0)
        at fountain::f_concurrent.LoadBalance<...>::iterator()(/mnt/d/docs/work/cangjie/projects/fountain/f_concurrent/src/LoadBalance.cj: 114)
        at fountain::f_net.client.MultiClient<...>::iterator()(/mnt/d/docs/work/cangjie/projects/fountain/f_net/src/client/MultiClient.cj: 218)
        at fountain::f_rpc.client.RPCClient::static.init::lambda.0()(/mnt/d/docs/work/cangjie/projects/fountain/f_rpc/src/client/RPCClient.cj.macrocall: 65)
[WARN-rpc]2026/09/06,13:22:53.628623429|25;error on RPCClient init
An exception has occured:
NoneValueException
        at std.collection.TreeMap<...>::forward(T0, Bool)(std/collection/tree_map.cj: 0)
        at fountain::f_concurrent.LoadBalance<...>::iterator()(/mnt/d/docs/work/cangjie/projects/fountain/f_concurrent/src/LoadBalance.cj: 114)
        at fountain::f_net.client.MultiClient<...>::iterator()(/mnt/d/docs/work/cangjie/projects/fountain/f_net/src/client/MultiClient.cj: 218)
        at fountain::f_rpc.client.RPCClient::static.init::lambda.0()(/mnt/d/docs/work/cangjie/projects/fountain/f_rpc/src/client/RPCClient.cj.macrocall: 65)
[WARN-rpc]2026/09/06,13:22:54.638298508|25;error on RPCClient init
An exception has occured:
NoneValueException
        at std.collection.TreeMap<...>::forward(T0, Bool)(std/collection/tree_map.cj: 0)
        at fountain::f_concurrent.LoadBalance<...>::iterator()(/mnt/d/docs/work/cangjie/projects/fountain/f_concurrent/src/LoadBalance.cj: 114)
        at fountain::f_net.client.MultiClient<...>::iterator()(/mnt/d/docs/work/cangjie/projects/fountain/f_net/src/client/MultiClient.cj: 218)
        at fountain::f_rpc.client.RPCClient::static.init::lambda.0()(/mnt/d/docs/work/cangjie/projects/fountain/f_rpc/src/client/RPCClient.cj.macrocall: 65)
[WARN-rpc]2026/09/06,13:22:55.639939153|25;error on RPCClient init
An exception has occured:
NoneValueException
        at std.collection.TreeMap<...>::forward(T0, Bool)(std/collection/tree_map.cj: 0)
        at fountain::f_concurrent.LoadBalance<...>::iterator()(/mnt/d/docs/work/cangjie/projects/fountain/f_concurrent/src/LoadBalance.cj: 114)
        at fountain::f_net.client.MultiClient<...>::iterator()(/mnt/d/docs/work/cangjie/projects/fountain/f_net/src/client/MultiClient.cj: 218)
        at fountain::f_rpc.client.RPCClient::static.init::lambda.0()(/mnt/d/docs/work/cangjie/projects/fountain/f_rpc/src/client/RPCClient.cj.macrocall: 65)
[WARN-rpc]2026/09/06,13:22:56.643337917|25;error on RPCClient init
An exception has occured:
NoneValueException
        at std.collection.TreeMap<...>::forward(T0, Bool)(std/collection/tree_map.cj: 0)
        at fountain::f_concurrent.LoadBalance<...>::iterator()(/mnt/d/docs/work/cangjie/projects/fountain/f_concurrent/src/LoadBalance.cj: 114)
        at fountain::f_net.client.MultiClient<...>::iterator()(/mnt/d/docs/work/cangjie/projects/fountain/f_net/src/client/MultiClient.cj: 218)
        at fountain::f_rpc.client.RPCClient::static.init::lambda.0()(/mnt/d/docs/work/cangjie/projects/fountain/f_rpc/src/client/RPCClient.cj.macrocall: 65)
[WARN-rpc]2026/09/06,13:22:57.646273538|25;error on RPCClient init
An exception has occured:
NoneValueException
        at std.collection.TreeMap<...>::forward(T0, Bool)(std/collection/tree_map.cj: 0)
        at fountain::f_concurrent.LoadBalance<...>::iterator()(/mnt/d/docs/work/cangjie/projects/fountain/f_concurrent/src/LoadBalance.cj: 114)
        at fountain::f_net.client.MultiClient<...>::iterator()(/mnt/d/docs/work/cangjie/projects/fountain/f_net/src/client/MultiClient.cj: 218)
        at fountain::f_rpc.client.RPCClient::static.init::lambda.0()(/mnt/d/docs/work/cangjie/projects/fountain/f_rpc/src/client/RPCClient.cj.macrocall: 65)
[WARN-rpc]2026/09/06,13:22:58.649093541|25;error on RPCClient init
An exception has occured:
NoneValueException
        at std.collection.TreeMap<...>::forward(T0, Bool)(std/collection/tree_map.cj: 0)
        at fountain::f_concurrent.LoadBalance<...>::iterator()(/mnt/d/docs/work/cangjie/projects/fountain/f_concurrent/src/LoadBalance.cj: 114)
        at fountain::f_net.client.MultiClient<...>::iterator()(/mnt/d/docs/work/cangjie/projects/fountain/f_net/src/client/MultiClient.cj: 218)
        at fountain::f_rpc.client.RPCClient::static.init::lambda.0()(/mnt/d/docs/work/cangjie/projects/fountain/f_rpc/src/client/RPCClient.cj.macrocall: 65)
[WARN-rpc]2026/09/06,13:22:59.652496382|25;error on RPCClient init
An exception has occured:
NoneValueException
        at std.collection.TreeMap<...>::forward(T0, Bool)(std/collection/tree_map.cj: 0)
        at fountain::f_concurrent.LoadBalance<...>::iterator()(/mnt/d/docs/work/cangjie/projects/fountain/f_concurrent/src/LoadBalance.cj: 114)
        at fountain::f_net.client.MultiClient<...>::iterator()(/mnt/d/docs/work/cangjie/projects/fountain/f_net/src/client/MultiClient.cj: 218)
        at fountain::f_rpc.client.RPCClient::static.init::lambda.0()(/mnt/d/docs/work/cangjie/projects/fountain/f_rpc/src/client/RPCClient.cj.macrocall: 65)
[WARN-rpc]2026/09/06,13:23:00.655233651|25;error on RPCClient init
An exception has occured:
NoneValueException
        at std.collection.TreeMap<...>::forward(T0, Bool)(std/collection/tree_map.cj: 0)
        at fountain::f_concurrent.LoadBalance<...>::iterator()(/mnt/d/docs/work/cangjie/projects/fountain/f_concurrent/src/LoadBalance.cj: 114)
        at fountain::f_net.client.MultiClient<...>::iterator()(/mnt/d/docs/work/cangjie/projects/fountain/f_net/src/client/MultiClient.cj: 218)
        at fountain::f_rpc.client.RPCClient::static.init::lambda.0()(/mnt/d/docs/work/cangjie/projects/fountain/f_rpc/src/client/RPCClient.cj.macrocall: 65)
[WARN-rpc]2026/09/06,13:23:01.657204668|25;error on RPCClient init
An exception has occured:
NoneValueException
        at std.collection.TreeMap<...>::forward(T0, Bool)(std/collection/tree_map.cj: 0)
        at fountain::f_concurrent.LoadBalance<...>::iterator()(/mnt/d/docs/work/cangjie/projects/fountain/f_concurrent/src/LoadBalance.cj: 114)
        at fountain::f_net.client.MultiClient<...>::iterator()(/mnt/d/docs/work/cangjie/projects/fountain/f_net/src/client/MultiClient.cj: 218)
        at fountain::f_rpc.client.RPCClient::static.init::lambda.0()(/mnt/d/docs/work/cangjie/projects/fountain/f_rpc/src/client/RPCClient.cj.macrocall: 65)
[WARN-rpc]2026/09/06,13:23:02.659279408|25;error on RPCClient init
An exception has occured:
NoneValueException
        at std.collection.TreeMap<...>::forward(T0, Bool)(std/collection/tree_map.cj: 0)
        at fountain::f_concurrent.LoadBalance<...>::iterator()(/mnt/d/docs/work/cangjie/projects/fountain/f_concurrent/src/LoadBalance.cj: 114)
        at fountain::f_net.client.MultiClient<...>::iterator()(/mnt/d/docs/work/cangjie/projects/fountain/f_net/src/client/MultiClient.cj: 218)
        at fountain::f_rpc.client.RPCClient::static.init::lambda.0()(/mnt/d/docs/work/cangjie/projects/fountain/f_rpc/src/client/RPCClient.cj.macrocall: 65)
[WARN-rpc]2026/09/06,13:23:03.660641269|25;error on RPCClient init
An exception has occured:
NoneValueException
        at std.collection.TreeMap<...>::forward(T0, Bool)(std/collection/tree_map.cj: 0)
        at fountain::f_concurrent.LoadBalance<...>::iterator()(/mnt/d/docs/work/cangjie/projects/fountain/f_concurrent/src/LoadBalance.cj: 114)
        at fountain::f_net.client.MultiClient<...>::iterator()(/mnt/d/docs/work/cangjie/projects/fountain/f_net/src/client/MultiClient.cj: 218)
        at fountain::f_rpc.client.RPCClient::static.init::lambda.0()(/mnt/d/docs/work/cangjie/projects/fountain/f_rpc/src/client/RPCClient.cj.macrocall: 65)
[WARN-rpc]2026/09/06,13:23:04.662626148|25;error on RPCClient init
An exception has occured:
NoneValueException
        at std.collection.TreeMap<...>::forward(T0, Bool)(std/collection/tree_map.cj: 0)
        at fountain::f_concurrent.LoadBalance<...>::iterator()(/mnt/d/docs/work/cangjie/projects/fountain/f_concurrent/src/LoadBalance.cj: 114)
        at fountain::f_net.client.MultiClient<...>::iterator()(/mnt/d/docs/work/cangjie/projects/fountain/f_net/src/client/MultiClient.cj: 218)
        at fountain::f_rpc.client.RPCClient::static.init::lambda.0()(/mnt/d/docs/work/cangjie/projects/fountain/f_rpc/src/client/RPCClient.cj.macrocall: 65)
[WARN-rpc]2026/09/06,13:23:05.666098161|25;error on RPCClient init
An exception has occured:
NoneValueException
        at std.collection.TreeMap<...>::forward(T0, Bool)(std/collection/tree_map.cj: 0)
        at fountain::f_concurrent.LoadBalance<...>::iterator()(/mnt/d/docs/work/cangjie/projects/fountain/f_concurrent/src/LoadBalance.cj: 114)
        at fountain::f_net.client.MultiClient<...>::iterator()(/mnt/d/docs/work/cangjie/projects/fountain/f_net/src/client/MultiClient.cj: 218)
        at fountain::f_rpc.client.RPCClient::static.init::lambda.0()(/mnt/d/docs/work/cangjie/projects/fountain/f_rpc/src/client/RPCClient.cj.macrocall: 65)
[WARN-rpc]2026/09/06,13:23:06.668024964|25;error on RPCClient init
An exception has occured:
NoneValueException
        at std.collection.TreeMap<...>::forward(T0, Bool)(std/collection/tree_map.cj: 0)
        at fountain::f_concurrent.LoadBalance<...>::iterator()(/mnt/d/docs/work/cangjie/projects/fountain/f_concurrent/src/LoadBalance.cj: 114)
        at fountain::f_net.client.MultiClient<...>::iterator()(/mnt/d/docs/work/cangjie/projects/fountain/f_net/src/client/MultiClient.cj: 218)
        at fountain::f_rpc.client.RPCClient::static.init::lambda.0()(/mnt/d/docs/work/cangjie/projects/fountain/f_rpc/src/client/RPCClient.cj.macrocall: 65)
[WARN-rpc]2026/09/06,13:23:07.670752458|25;error on RPCClient init
An exception has occured:
NoneValueException
        at std.collection.TreeMap<...>::forward(T0, Bool)(std/collection/tree_map.cj: 0)
        at fountain::f_concurrent.LoadBalance<...>::iterator()(/mnt/d/docs/work/cangjie/projects/fountain/f_concurrent/src/LoadBalance.cj: 114)
        at fountain::f_net.client.MultiClient<...>::iterator()(/mnt/d/docs/work/cangjie/projects/fountain/f_net/src/client/MultiClient.cj: 218)
        at fountain::f_rpc.client.RPCClient::static.init::lambda.0()(/mnt/d/docs/work/cangjie/projects/fountain/f_rpc/src/client/RPCClient.cj.macrocall: 65)
[WARN-rpc]2026/09/06,13:23:08.673684854|25;error on RPCClient init
An exception has occured:
NoneValueException
        at std.collection.TreeMap<...>::forward(T0, Bool)(std/collection/tree_map.cj: 0)
        at fountain::f_concurrent.LoadBalance<...>::iterator()(/mnt/d/docs/work/cangjie/projects/fountain/f_concurrent/src/LoadBalance.cj: 114)
        at fountain::f_net.client.MultiClient<...>::iterator()(/mnt/d/docs/work/cangjie/projects/fountain/f_net/src/client/MultiClient.cj: 218)
        at fountain::f_rpc.client.RPCClient::static.init::lambda.0()(/mnt/d/docs/work/cangjie/projects/fountain/f_rpc/src/client/RPCClient.cj.macrocall: 65)
[WARN-rpc]2026/09/06,13:23:09.676826633|25;error on RPCClient init
An exception has occured:
NoneValueException
        at std.collection.TreeMap<...>::forward(T0, Bool)(std/collection/tree_map.cj: 0)
        at fountain::f_concurrent.LoadBalance<...>::iterator()(/mnt/d/docs/work/cangjie/projects/fountain/f_concurrent/src/LoadBalance.cj: 114)
        at fountain::f_net.client.MultiClient<...>::iterator()(/mnt/d/docs/work/cangjie/projects/fountain/f_net/src/client/MultiClient.cj: 218)
        at fountain::f_rpc.client.RPCClient::static.init::lambda.0()(/mnt/d/docs/work/cangjie/projects/fountain/f_rpc/src/client/RPCClient.cj.macrocall: 65)
[WARN-rpc]2026/09/06,13:23:10.678423630|25;error on RPCClient init
An exception has occured:
NoneValueException
        at std.collection.TreeMap<...>::forward(T0, Bool)(std/collection/tree_map.cj: 0)
        at fountain::f_concurrent.LoadBalance<...>::iterator()(/mnt/d/docs/work/cangjie/projects/fountain/f_concurrent/src/LoadBalance.cj: 114)
        at fountain::f_net.client.MultiClient<...>::iterator()(/mnt/d/docs/work/cangjie/projects/fountain/f_net/src/client/MultiClient.cj: 218)
        at fountain::f_rpc.client.RPCClient::static.init::lambda.0()(/mnt/d/docs/work/cangjie/projects/fountain/f_rpc/src/client/RPCClient.cj.macrocall: 65)
[WARN-rpc]2026/09/06,13:23:11.682335481|25;error on RPCClient init
An exception has occured:
NoneValueException
        at std.collection.TreeMap<...>::forward(T0, Bool)(std/collection/tree_map.cj: 0)
        at fountain::f_concurrent.LoadBalance<...>::iterator()(/mnt/d/docs/work/cangjie/projects/fountain/f_concurrent/src/LoadBalance.cj: 114)
        at fountain::f_net.client.MultiClient<...>::iterator()(/mnt/d/docs/work/cangjie/projects/fountain/f_net/src/client/MultiClient.cj: 218)
        at fountain::f_rpc.client.RPCClient::static.init::lambda.0()(/mnt/d/docs/work/cangjie/projects/fountain/f_rpc/src/client/RPCClient.cj.macrocall: 65)
[WARN-rpc]2026/09/06,13:23:12.683602232|25;error on RPCClient init
An exception has occured:
NoneValueException
        at std.collection.TreeMap<...>::forward(T0, Bool)(std/collection/tree_map.cj: 0)
        at fountain::f_concurrent.LoadBalance<...>::iterator()(/mnt/d/docs/work/cangjie/projects/fountain/f_concurrent/src/LoadBalance.cj: 114)
        at fountain::f_net.client.MultiClient<...>::iterator()(/mnt/d/docs/work/cangjie/projects/fountain/f_net/src/client/MultiClient.cj: 218)
        at fountain::f_rpc.client.RPCClient::static.init::lambda.0()(/mnt/d/docs/work/cangjie/projects/fountain/f_rpc/src/client/RPCClient.cj.macrocall: 65)
[WARN-rpc]2026/09/06,13:23:13.686111201|25;error on RPCClient init
An exception has occured:
NoneValueException
        at std.collection.TreeMap<...>::forward(T0, Bool)(std/collection/tree_map.cj: 0)
        at fountain::f_concurrent.LoadBalance<...>::iterator()(/mnt/d/docs/work/cangjie/projects/fountain/f_concurrent/src/LoadBalance.cj: 114)
        at fountain::f_net.client.MultiClient<...>::iterator()(/mnt/d/docs/work/cangjie/projects/fountain/f_net/src/client/MultiClient.cj: 218)
        at fountain::f_rpc.client.RPCClient::static.init::lambda.0()(/mnt/d/docs/work/cangjie/projects/fountain/f_rpc/src/client/RPCClient.cj.macrocall: 65)
[WARN-rpc]2026/09/06,13:23:14.687104905|25;error on RPCClient init
An exception has occured:
NoneValueException
        at std.collection.TreeMap<...>::forward(T0, Bool)(std/collection/tree_map.cj: 0)
        at fountain::f_concurrent.LoadBalance<...>::iterator()(/mnt/d/docs/work/cangjie/projects/fountain/f_concurrent/src/LoadBalance.cj: 114)
        at fountain::f_net.client.MultiClient<...>::iterator()(/mnt/d/docs/work/cangjie/projects/fountain/f_net/src/client/MultiClient.cj: 218)
        at fountain::f_rpc.client.RPCClient::static.init::lambda.0()(/mnt/d/docs/work/cangjie/projects/fountain/f_rpc/src/client/RPCClient.cj.macrocall: 65)
[WARN-rpc]2026/09/06,13:23:15.689311150|25;error on RPCClient init
An exception has occured:
NoneValueException
        at std.collection.TreeMap<...>::forward(T0, Bool)(std/collection/tree_map.cj: 0)
        at fountain::f_concurrent.LoadBalance<...>::iterator()(/mnt/d/docs/work/cangjie/projects/fountain/f_concurrent/src/LoadBalance.cj: 114)
        at fountain::f_net.client.MultiClient<...>::iterator()(/mnt/d/docs/work/cangjie/projects/fountain/f_net/src/client/MultiClient.cj: 218)
        at fountain::f_rpc.client.RPCClient::static.init::lambda.0()(/mnt/d/docs/work/cangjie/projects/fountain/f_rpc/src/client/RPCClient.cj.macrocall: 65)
[WARN-rpc]2026/09/06,13:23:16.690912760|25;error on RPCClient init
An exception has occured:
NoneValueException
        at std.collection.TreeMap<...>::forward(T0, Bool)(std/collection/tree_map.cj: 0)
        at fountain::f_concurrent.LoadBalance<...>::iterator()(/mnt/d/docs/work/cangjie/projects/fountain/f_concurrent/src/LoadBalance.cj: 114)
        at fountain::f_net.client.MultiClient<...>::iterator()(/mnt/d/docs/work/cangjie/projects/fountain/f_net/src/client/MultiClient.cj: 218)
        at fountain::f_rpc.client.RPCClient::static.init::lambda.0()(/mnt/d/docs/work/cangjie/projects/fountain/f_rpc/src/client/RPCClient.cj.macrocall: 65)
[WARN-rpc]2026/09/06,13:23:17.694759004|25;error on RPCClient init
An exception has occured:
NoneValueException
        at std.collection.TreeMap<...>::forward(T0, Bool)(std/collection/tree_map.cj: 0)
        at fountain::f_concurrent.LoadBalance<...>::iterator()(/mnt/d/docs/work/cangjie/projects/fountain/f_concurrent/src/LoadBalance.cj: 114)
        at fountain::f_net.client.MultiClient<...>::iterator()(/mnt/d/docs/work/cangjie/projects/fountain/f_net/src/client/MultiClient.cj: 218)
        at fountain::f_rpc.client.RPCClient::static.init::lambda.0()(/mnt/d/docs/work/cangjie/projects/fountain/f_rpc/src/client/RPCClient.cj.macrocall: 65)
[WARN-rpc]2026/09/06,13:23:18.696637638|25;error on RPCClient init
An exception has occured:
NoneValueException
        at std.collection.TreeMap<...>::forward(T0, Bool)(std/collection/tree_map.cj: 0)
        at fountain::f_concurrent.LoadBalance<...>::iterator()(/mnt/d/docs/work/cangjie/projects/fountain/f_concurrent/src/LoadBalance.cj: 114)
        at fountain::f_net.client.MultiClient<...>::iterator()(/mnt/d/docs/work/cangjie/projects/fountain/f_net/src/client/MultiClient.cj: 218)
        at fountain::f_rpc.client.RPCClient::static.init::lambda.0()(/mnt/d/docs/work/cangjie/projects/fountain/f_rpc/src/client/RPCClient.cj.macrocall: 65)
[WARN-rpc]2026/09/06,13:23:19.699288446|25;error on RPCClient init
An exception has occured:
NoneValueException
        at std.collection.TreeMap<...>::forward(T0, Bool)(std/collection/tree_map.cj: 0)
        at fountain::f_concurrent.LoadBalance<...>::iterator()(/mnt/d/docs/work/cangjie/projects/fountain/f_concurrent/src/LoadBalance.cj: 114)
        at fountain::f_net.client.MultiClient<...>::iterator()(/mnt/d/docs/work/cangjie/projects/fountain/f_net/src/client/MultiClient.cj: 218)
        at fountain::f_rpc.client.RPCClient::static.init::lambda.0()(/mnt/d/docs/work/cangjie/projects/fountain/f_rpc/src/client/RPCClient.cj.macrocall: 65)
[WARN-rpc]2026/09/06,13:23:20.700408076|25;error on RPCClient init
An exception has occured:
NoneValueException
        at std.collection.TreeMap<...>::forward(T0, Bool)(std/collection/tree_map.cj: 0)
        at fountain::f_concurrent.LoadBalance<...>::iterator()(/mnt/d/docs/work/cangjie/projects/fountain/f_concurrent/src/LoadBalance.cj: 114)
        at fountain::f_net.client.MultiClient<...>::iterator()(/mnt/d/docs/work/cangjie/projects/fountain/f_net/src/client/MultiClient.cj: 218)
        at fountain::f_rpc.client.RPCClient::static.init::lambda.0()(/mnt/d/docs/work/cangjie/projects/fountain/f_rpc/src/client/RPCClient.cj.macrocall: 65)
[WARN-rpc]2026/09/06,13:23:21.701496203|25;error on RPCClient init
An exception has occured:
NoneValueException
        at std.collection.TreeMap<...>::forward(T0, Bool)(std/collection/tree_map.cj: 0)
        at fountain::f_concurrent.LoadBalance<...>::iterator()(/mnt/d/docs/work/cangjie/projects/fountain/f_concurrent/src/LoadBalance.cj: 114)
        at fountain::f_net.client.MultiClient<...>::iterator()(/mnt/d/docs/work/cangjie/projects/fountain/f_net/src/client/MultiClient.cj: 218)
        at fountain::f_rpc.client.RPCClient::static.init::lambda.0()(/mnt/d/docs/work/cangjie/projects/fountain/f_rpc/src/client/RPCClient.cj.macrocall: 65)
[WARN-rpc]2026/09/06,13:23:22.705192747|25;error on RPCClient init
An exception has occured:
NoneValueException
        at std.collection.TreeMap<...>::forward(T0, Bool)(std/collection/tree_map.cj: 0)
        at fountain::f_concurrent.LoadBalance<...>::iterator()(/mnt/d/docs/work/cangjie/projects/fountain/f_concurrent/src/LoadBalance.cj: 114)
        at fountain::f_net.client.MultiClient<...>::iterator()(/mnt/d/docs/work/cangjie/projects/fountain/f_net/src/client/MultiClient.cj: 218)
        at fountain::f_rpc.client.RPCClient::static.init::lambda.0()(/mnt/d/docs/work/cangjie/projects/fountain/f_rpc/src/client/RPCClient.cj.macrocall: 65)
[WARN-rpc]2026/09/06,13:23:23.707602887|25;error on RPCClient init
An exception has occured:
NoneValueException
        at std.collection.TreeMap<...>::forward(T0, Bool)(std/collection/tree_map.cj: 0)
        at fountain::f_concurrent.LoadBalance<...>::iterator()(/mnt/d/docs/work/cangjie/projects/fountain/f_concurrent/src/LoadBalance.cj: 114)
        at fountain::f_net.client.MultiClient<...>::iterator()(/mnt/d/docs/work/cangjie/projects/fountain/f_net/src/client/MultiClient.cj: 218)
        at fountain::f_rpc.client.RPCClient::static.init::lambda.0()(/mnt/d/docs/work/cangjie/projects/fountain/f_rpc/src/client/RPCClient.cj.macrocall: 65)
[WARN-rpc]2026/09/06,13:23:24.709799806|25;error on RPCClient init
An exception has occured:
NoneValueException
        at std.collection.TreeMap<...>::forward(T0, Bool)(std/collection/tree_map.cj: 0)
        at fountain::f_concurrent.LoadBalance<...>::iterator()(/mnt/d/docs/work/cangjie/projects/fountain/f_concurrent/src/LoadBalance.cj: 114)
        at fountain::f_net.client.MultiClient<...>::iterator()(/mnt/d/docs/work/cangjie/projects/fountain/f_net/src/client/MultiClient.cj: 218)
        at fountain::f_rpc.client.RPCClient::static.init::lambda.0()(/mnt/d/docs/work/cangjie/projects/fountain/f_rpc/src/client/RPCClient.cj.macrocall: 65)
[WARN-rpc]2026/09/06,13:23:25.712071603|25;error on RPCClient init
An exception has occured:
NoneValueException
        at std.collection.TreeMap<...>::forward(T0, Bool)(std/collection/tree_map.cj: 0)
        at fountain::f_concurrent.LoadBalance<...>::iterator()(/mnt/d/docs/work/cangjie/projects/fountain/f_concurrent/src/LoadBalance.cj: 114)
        at fountain::f_net.client.MultiClient<...>::iterator()(/mnt/d/docs/work/cangjie/projects/fountain/f_net/src/client/MultiClient.cj: 218)
        at fountain::f_rpc.client.RPCClient::static.init::lambda.0()(/mnt/d/docs/work/cangjie/projects/fountain/f_rpc/src/client/RPCClient.cj.macrocall: 65)
[WARN-rpc]2026/09/06,13:23:26.714971974|25;error on RPCClient init
An exception has occured:
NoneValueException
        at std.collection.TreeMap<...>::forward(T0, Bool)(std/collection/tree_map.cj: 0)
        at fountain::f_concurrent.LoadBalance<...>::iterator()(/mnt/d/docs/work/cangjie/projects/fountain/f_concurrent/src/LoadBalance.cj: 114)
        at fountain::f_net.client.MultiClient<...>::iterator()(/mnt/d/docs/work/cangjie/projects/fountain/f_net/src/client/MultiClient.cj: 218)
        at fountain::f_rpc.client.RPCClient::static.init::lambda.0()(/mnt/d/docs/work/cangjie/projects/fountain/f_rpc/src/client/RPCClient.cj.macrocall: 65)
[WARN-rpc]2026/09/06,13:23:27.719656549|25;error on RPCClient init
An exception has occured:
NoneValueException
        at std.collection.TreeMap<...>::forward(T0, Bool)(std/collection/tree_map.cj: 0)
        at fountain::f_concurrent.LoadBalance<...>::iterator()(/mnt/d/docs/work/cangjie/projects/fountain/f_concurrent/src/LoadBalance.cj: 114)
        at fountain::f_net.client.MultiClient<...>::iterator()(/mnt/d/docs/work/cangjie/projects/fountain/f_net/src/client/MultiClient.cj: 218)
        at fountain::f_rpc.client.RPCClient::static.init::lambda.0()(/mnt/d/docs/work/cangjie/projects/fountain/f_rpc/src/client/RPCClient.cj.macrocall: 65)
[WARN-rpc]2026/09/06,13:23:28.723326463|25;error on RPCClient init
An exception has occured:
NoneValueException
        at std.collection.TreeMap<...>::forward(T0, Bool)(std/collection/tree_map.cj: 0)
        at fountain::f_concurrent.LoadBalance<...>::iterator()(/mnt/d/docs/work/cangjie/projects/fountain/f_concurrent/src/LoadBalance.cj: 114)
        at fountain::f_net.client.MultiClient<...>::iterator()(/mnt/d/docs/work/cangjie/projects/fountain/f_net/src/client/MultiClient.cj: 218)
        at fountain::f_rpc.client.RPCClient::static.init::lambda.0()(/mnt/d/docs/work/cangjie/projects/fountain/f_rpc/src/client/RPCClient.cj.macrocall: 65)
[WARN-rpc]2026/09/06,13:23:29.725672985|25;error on RPCClient init
An exception has occured:
NoneValueException
        at std.collection.TreeMap<...>::forward(T0, Bool)(std/collection/tree_map.cj: 0)
        at fountain::f_concurrent.LoadBalance<...>::iterator()(/mnt/d/docs/work/cangjie/projects/fountain/f_concurrent/src/LoadBalance.cj: 114)
        at fountain::f_net.client.MultiClient<...>::iterator()(/mnt/d/docs/work/cangjie/projects/fountain/f_net/src/client/MultiClient.cj: 218)
        at fountain::f_rpc.client.RPCClient::static.init::lambda.0()(/mnt/d/docs/work/cangjie/projects/fountain/f_rpc/src/client/RPCClient.cj.macrocall: 65)
[WARN-rpc]2026/09/06,13:23:30.727324654|25;error on RPCClient init
An exception has occured:
NoneValueException
        at std.collection.TreeMap<...>::forward(T0, Bool)(std/collection/tree_map.cj: 0)
        at fountain::f_concurrent.LoadBalance<...>::iterator()(/mnt/d/docs/work/cangjie/projects/fountain/f_concurrent/src/LoadBalance.cj: 114)
        at fountain::f_net.client.MultiClient<...>::iterator()(/mnt/d/docs/work/cangjie/projects/fountain/f_net/src/client/MultiClient.cj: 218)
        at fountain::f_rpc.client.RPCClient::static.init::lambda.0()(/mnt/d/docs/work/cangjie/projects/fountain/f_rpc/src/client/RPCClient.cj.macrocall: 65)
[WARN-rpc]2026/09/06,13:23:31.728942011|25;error on RPCClient init
An exception has occured:
NoneValueException
        at std.collection.TreeMap<...>::forward(T0, Bool)(std/collection/tree_map.cj: 0)
        at fountain::f_concurrent.LoadBalance<...>::iterator()(/mnt/d/docs/work/cangjie/projects/fountain/f_concurrent/src/LoadBalance.cj: 114)
        at fountain::f_net.client.MultiClient<...>::iterator()(/mnt/d/docs/work/cangjie/projects/fountain/f_net/src/client/MultiClient.cj: 218)
        at fountain::f_rpc.client.RPCClient::static.init::lambda.0()(/mnt/d/docs/work/cangjie/projects/fountain/f_rpc/src/client/RPCClient.cj.macrocall: 65)
[WARN-rpc]2026/09/06,13:23:32.730340971|25;error on RPCClient init
An exception has occured:
NoneValueException
        at std.collection.TreeMap<...>::forward(T0, Bool)(std/collection/tree_map.cj: 0)
        at fountain::f_concurrent.LoadBalance<...>::iterator()(/mnt/d/docs/work/cangjie/projects/fountain/f_concurrent/src/LoadBalance.cj: 114)
        at fountain::f_net.client.MultiClient<...>::iterator()(/mnt/d/docs/work/cangjie/projects/fountain/f_net/src/client/MultiClient.cj: 218)
        at fountain::f_rpc.client.RPCClient::static.init::lambda.0()(/mnt/d/docs/work/cangjie/projects/fountain/f_rpc/src/client/RPCClient.cj.macrocall: 65)
[WARN-rpc]2026/09/06,13:23:33.733015681|25;error on RPCClient init
An exception has occured:
NoneValueException
        at std.collection.TreeMap<...>::forward(T0, Bool)(std/collection/tree_map.cj: 0)
        at fountain::f_concurrent.LoadBalance<...>::iterator()(/mnt/d/docs/work/cangjie/projects/fountain/f_concurrent/src/LoadBalance.cj: 114)
        at fountain::f_net.client.MultiClient<...>::iterator()(/mnt/d/docs/work/cangjie/projects/fountain/f_net/src/client/MultiClient.cj: 218)
        at fountain::f_rpc.client.RPCClient::static.init::lambda.0()(/mnt/d/docs/work/cangjie/projects/fountain/f_rpc/src/client/RPCClient.cj.macrocall: 65)
[WARN-rpc]2026/09/06,13:23:34.734651742|25;error on RPCClient init
An exception has occured:
NoneValueException
        at std.collection.TreeMap<...>::forward(T0, Bool)(std/collection/tree_map.cj: 0)
        at fountain::f_concurrent.LoadBalance<...>::iterator()(/mnt/d/docs/work/cangjie/projects/fountain/f_concurrent/src/LoadBalance.cj: 114)
        at fountain::f_net.client.MultiClient<...>::iterator()(/mnt/d/docs/work/cangjie/projects/fountain/f_net/src/client/MultiClient.cj: 218)
        at fountain::f_rpc.client.RPCClient::static.init::lambda.0()(/mnt/d/docs/work/cangjie/projects/fountain/f_rpc/src/client/RPCClient.cj.macrocall: 65)
[WARN-rpc]2026/09/06,13:23:35.737044592|25;error on RPCClient init
An exception has occured:
NoneValueException
        at std.collection.TreeMap<...>::forward(T0, Bool)(std/collection/tree_map.cj: 0)
        at fountain::f_concurrent.LoadBalance<...>::iterator()(/mnt/d/docs/work/cangjie/projects/fountain/f_concurrent/src/LoadBalance.cj: 114)
        at fountain::f_net.client.MultiClient<...>::iterator()(/mnt/d/docs/work/cangjie/projects/fountain/f_net/src/client/MultiClient.cj: 218)
        at fountain::f_rpc.client.RPCClient::static.init::lambda.0()(/mnt/d/docs/work/cangjie/projects/fountain/f_rpc/src/client/RPCClient.cj.macrocall: 65)
[WARN-rpc]2026/09/06,13:23:36.739874374|25;error on RPCClient init
An exception has occured:
NoneValueException
        at std.collection.TreeMap<...>::forward(T0, Bool)(std/collection/tree_map.cj: 0)
        at fountain::f_concurrent.LoadBalance<...>::iterator()(/mnt/d/docs/work/cangjie/projects/fountain/f_concurrent/src/LoadBalance.cj: 114)
        at fountain::f_net.client.MultiClient<...>::iterator()(/mnt/d/docs/work/cangjie/projects/fountain/f_net/src/client/MultiClient.cj: 218)
        at fountain::f_rpc.client.RPCClient::static.init::lambda.0()(/mnt/d/docs/work/cangjie/projects/fountain/f_rpc/src/client/RPCClient.cj.macrocall: 65)
[WARN-rpc]2026/09/06,13:23:37.742173523|25;error on RPCClient init
An exception has occured:
NoneValueException
        at std.collection.TreeMap<...>::forward(T0, Bool)(std/collection/tree_map.cj: 0)
        at fountain::f_concurrent.LoadBalance<...>::iterator()(/mnt/d/docs/work/cangjie/projects/fountain/f_concurrent/src/LoadBalance.cj: 114)
        at fountain::f_net.client.MultiClient<...>::iterator()(/mnt/d/docs/work/cangjie/projects/fountain/f_net/src/client/MultiClient.cj: 218)
        at fountain::f_rpc.client.RPCClient::static.init::lambda.0()(/mnt/d/docs/work/cangjie/projects/fountain/f_rpc/src/client/RPCClient.cj.macrocall: 65)
[WARN-rpc]2026/09/06,13:23:38.743994975|25;error on RPCClient init
An exception has occured:
NoneValueException
        at std.collection.TreeMap<...>::forward(T0, Bool)(std/collection/tree_map.cj: 0)
        at fountain::f_concurrent.LoadBalance<...>::iterator()(/mnt/d/docs/work/cangjie/projects/fountain/f_concurrent/src/LoadBalance.cj: 114)
        at fountain::f_net.client.MultiClient<...>::iterator()(/mnt/d/docs/work/cangjie/projects/fountain/f_net/src/client/MultiClient.cj: 218)
        at fountain::f_rpc.client.RPCClient::static.init::lambda.0()(/mnt/d/docs/work/cangjie/projects/fountain/f_rpc/src/client/RPCClient.cj.macrocall: 65)
[WARN-rpc]2026/09/06,13:23:39.747840858|25;error on RPCClient init
An exception has occured:
NoneValueException
        at std.collection.TreeMap<...>::forward(T0, Bool)(std/collection/tree_map.cj: 0)
        at fountain::f_concurrent.LoadBalance<...>::iterator()(/mnt/d/docs/work/cangjie/projects/fountain/f_concurrent/src/LoadBalance.cj: 114)
        at fountain::f_net.client.MultiClient<...>::iterator()(/mnt/d/docs/work/cangjie/projects/fountain/f_net/src/client/MultiClient.cj: 218)
        at fountain::f_rpc.client.RPCClient::static.init::lambda.0()(/mnt/d/docs/work/cangjie/projects/fountain/f_rpc/src/client/RPCClient.cj.macrocall: 65)
[WARN-rpc]2026/09/06,13:23:40.753735259|25;error on RPCClient init
An exception has occured:
NoneValueException
        at std.collection.TreeMap<...>::forward(T0, Bool)(std/collection/tree_map.cj: 0)
        at fountain::f_concurrent.LoadBalance<...>::iterator()(/mnt/d/docs/work/cangjie/projects/fountain/f_concurrent/src/LoadBalance.cj: 114)
        at fountain::f_net.client.MultiClient<...>::iterator()(/mnt/d/docs/work/cangjie/projects/fountain/f_net/src/client/MultiClient.cj: 218)
        at fountain::f_rpc.client.RPCClient::static.init::lambda.0()(/mnt/d/docs/work/cangjie/projects/fountain/f_rpc/src/client/RPCClient.cj.macrocall: 65)
[WARN-rpc]2026/09/06,13:23:41.755801878|25;error on RPCClient init
An exception has occured:
NoneValueException
        at std.collection.TreeMap<...>::forward(T0, Bool)(std/collection/tree_map.cj: 0)
        at fountain::f_concurrent.LoadBalance<...>::iterator()(/mnt/d/docs/work/cangjie/projects/fountain/f_concurrent/src/LoadBalance.cj: 114)
        at fountain::f_net.client.MultiClient<...>::iterator()(/mnt/d/docs/work/cangjie/projects/fountain/f_net/src/client/MultiClient.cj: 218)
        at fountain::f_rpc.client.RPCClient::static.init::lambda.0()(/mnt/d/docs/work/cangjie/projects/fountain/f_rpc/src/client/RPCClient.cj.macrocall: 65)
[WARN-rpc]2026/09/06,13:23:42.757973481|25;error on RPCClient init
An exception has occured:
NoneValueException
        at std.collection.TreeMap<...>::forward(T0, Bool)(std/collection/tree_map.cj: 0)
        at fountain::f_concurrent.LoadBalance<...>::iterator()(/mnt/d/docs/work/cangjie/projects/fountain/f_concurrent/src/LoadBalance.cj: 114)
        at fountain::f_net.client.MultiClient<...>::iterator()(/mnt/d/docs/work/cangjie/projects/fountain/f_net/src/client/MultiClient.cj: 218)
        at fountain::f_rpc.client.RPCClient::static.init::lambda.0()(/mnt/d/docs/work/cangjie/projects/fountain/f_rpc/src/client/RPCClient.cj.macrocall: 65)
[WARN-rpc]2026/09/06,13:23:43.759951516|25;error on RPCClient init
An exception has occured:
NoneValueException
        at std.collection.TreeMap<...>::forward(T0, Bool)(std/collection/tree_map.cj: 0)
        at fountain::f_concurrent.LoadBalance<...>::iterator()(/mnt/d/docs/work/cangjie/projects/fountain/f_concurrent/src/LoadBalance.cj: 114)
        at fountain::f_net.client.MultiClient<...>::iterator()(/mnt/d/docs/work/cangjie/projects/fountain/f_net/src/client/MultiClient.cj: 218)
        at fountain::f_rpc.client.RPCClient::static.init::lambda.0()(/mnt/d/docs/work/cangjie/projects/fountain/f_rpc/src/client/RPCClient.cj.macrocall: 65)
[WARN-rpc]2026/09/06,13:23:44.761334641|25;error on RPCClient init
An exception has occured:
NoneValueException
        at std.collection.TreeMap<...>::forward(T0, Bool)(std/collection/tree_map.cj: 0)
        at fountain::f_concurrent.LoadBalance<...>::iterator()(/mnt/d/docs/work/cangjie/projects/fountain/f_concurrent/src/LoadBalance.cj: 114)
        at fountain::f_net.client.MultiClient<...>::iterator()(/mnt/d/docs/work/cangjie/projects/fountain/f_net/src/client/MultiClient.cj: 218)
        at fountain::f_rpc.client.RPCClient::static.init::lambda.0()(/mnt/d/docs/work/cangjie/projects/fountain/f_rpc/src/client/RPCClient.cj.macrocall: 65)
[WARN-rpc]2026/09/06,13:23:45.763915351|25;error on RPCClient init
An exception has occured:
NoneValueException
        at std.collection.TreeMap<...>::forward(T0, Bool)(std/collection/tree_map.cj: 0)
        at fountain::f_concurrent.LoadBalance<...>::iterator()(/mnt/d/docs/work/cangjie/projects/fountain/f_concurrent/src/LoadBalance.cj: 114)
        at fountain::f_net.client.MultiClient<...>::iterator()(/mnt/d/docs/work/cangjie/projects/fountain/f_net/src/client/MultiClient.cj: 218)
        at fountain::f_rpc.client.RPCClient::static.init::lambda.0()(/mnt/d/docs/work/cangjie/projects/fountain/f_rpc/src/client/RPCClient.cj.macrocall: 65)
[WARN-rpc]2026/09/06,13:23:46.766055847|25;error on RPCClient init
An exception has occured:
NoneValueException
        at std.collection.TreeMap<...>::forward(T0, Bool)(std/collection/tree_map.cj: 0)
        at fountain::f_concurrent.LoadBalance<...>::iterator()(/mnt/d/docs/work/cangjie/projects/fountain/f_concurrent/src/LoadBalance.cj: 114)
        at fountain::f_net.client.MultiClient<...>::iterator()(/mnt/d/docs/work/cangjie/projects/fountain/f_net/src/client/MultiClient.cj: 218)
        at fountain::f_rpc.client.RPCClient::static.init::lambda.0()(/mnt/d/docs/work/cangjie/projects/fountain/f_rpc/src/client/RPCClient.cj.macrocall: 65)
[WARN-rpc]2026/09/06,13:23:47.770318919|25;error on RPCClient init
An exception has occured:
NoneValueException
        at std.collection.TreeMap<...>::forward(T0, Bool)(std/collection/tree_map.cj: 0)
        at fountain::f_concurrent.LoadBalance<...>::iterator()(/mnt/d/docs/work/cangjie/projects/fountain/f_concurrent/src/LoadBalance.cj: 114)
        at fountain::f_net.client.MultiClient<...>::iterator()(/mnt/d/docs/work/cangjie/projects/fountain/f_net/src/client/MultiClient.cj: 218)
        at fountain::f_rpc.client.RPCClient::static.init::lambda.0()(/mnt/d/docs/work/cangjie/projects/fountain/f_rpc/src/client/RPCClient.cj.macrocall: 65)
[WARN-rpc]2026/09/06,13:23:48.771457324|25;error on RPCClient init
An exception has occured:
NoneValueException
        at std.collection.TreeMap<...>::forward(T0, Bool)(std/collection/tree_map.cj: 0)
        at fountain::f_concurrent.LoadBalance<...>::iterator()(/mnt/d/docs/work/cangjie/projects/fountain/f_concurrent/src/LoadBalance.cj: 114)
        at fountain::f_net.client.MultiClient<...>::iterator()(/mnt/d/docs/work/cangjie/projects/fountain/f_net/src/client/MultiClient.cj: 218)
        at fountain::f_rpc.client.RPCClient::static.init::lambda.0()(/mnt/d/docs/work/cangjie/projects/fountain/f_rpc/src/client/RPCClient.cj.macrocall: 65)
[WARN-rpc]2026/09/06,13:23:49.773283625|25;error on RPCClient init
An exception has occured:
NoneValueException
        at std.collection.TreeMap<...>::forward(T0, Bool)(std/collection/tree_map.cj: 0)
        at fountain::f_concurrent.LoadBalance<...>::iterator()(/mnt/d/docs/work/cangjie/projects/fountain/f_concurrent/src/LoadBalance.cj: 114)
        at fountain::f_net.client.MultiClient<...>::iterator()(/mnt/d/docs/work/cangjie/projects/fountain/f_net/src/client/MultiClient.cj: 218)
        at fountain::f_rpc.client.RPCClient::static.init::lambda.0()(/mnt/d/docs/work/cangjie/projects/fountain/f_rpc/src/client/RPCClient.cj.macrocall: 65)
[WARN-rpc]2026/09/06,13:23:50.775620141|25;error on RPCClient init
An exception has occured:
NoneValueException
        at std.collection.TreeMap<...>::forward(T0, Bool)(std/collection/tree_map.cj: 0)
        at fountain::f_concurrent.LoadBalance<...>::iterator()(/mnt/d/docs/work/cangjie/projects/fountain/f_concurrent/src/LoadBalance.cj: 114)
        at fountain::f_net.client.MultiClient<...>::iterator()(/mnt/d/docs/work/cangjie/projects/fountain/f_net/src/client/MultiClient.cj: 218)
        at fountain::f_rpc.client.RPCClient::static.init::lambda.0()(/mnt/d/docs/work/cangjie/projects/fountain/f_rpc/src/client/RPCClient.cj.macrocall: 65)
[WARN-rpc]2026/09/06,13:23:51.778284244|25;error on RPCClient init
An exception has occured:
NoneValueException
        at std.collection.TreeMap<...>::forward(T0, Bool)(std/collection/tree_map.cj: 0)
        at fountain::f_concurrent.LoadBalance<...>::iterator()(/mnt/d/docs/work/cangjie/projects/fountain/f_concurrent/src/LoadBalance.cj: 114)
        at fountain::f_net.client.MultiClient<...>::iterator()(/mnt/d/docs/work/cangjie/projects/fountain/f_net/src/client/MultiClient.cj: 218)
        at fountain::f_rpc.client.RPCClient::static.init::lambda.0()(/mnt/d/docs/work/cangjie/projects/fountain/f_rpc/src/client/RPCClient.cj.macrocall: 65)
[WARN-rpc]2026/09/06,13:23:52.780805460|25;error on RPCClient init
An exception has occured:
NoneValueException
        at std.collection.TreeMap<...>::forward(T0, Bool)(std/collection/tree_map.cj: 0)
        at fountain::f_concurrent.LoadBalance<...>::iterator()(/mnt/d/docs/work/cangjie/projects/fountain/f_concurrent/src/LoadBalance.cj: 114)
        at fountain::f_net.client.MultiClient<...>::iterator()(/mnt/d/docs/work/cangjie/projects/fountain/f_net/src/client/MultiClient.cj: 218)
        at fountain::f_rpc.client.RPCClient::static.init::lambda.0()(/mnt/d/docs/work/cangjie/projects/fountain/f_rpc/src/client/RPCClient.cj.macrocall: 65)
[WARN-rpc]2026/09/06,13:23:53.783641644|25;error on RPCClient init
An exception has occured:
NoneValueException
        at std.collection.TreeMap<...>::forward(T0, Bool)(std/collection/tree_map.cj: 0)
        at fountain::f_concurrent.LoadBalance<...>::iterator()(/mnt/d/docs/work/cangjie/projects/fountain/f_concurrent/src/LoadBalance.cj: 114)
        at fountain::f_net.client.MultiClient<...>::iterator()(/mnt/d/docs/work/cangjie/projects/fountain/f_net/src/client/MultiClient.cj: 218)
        at fountain::f_rpc.client.RPCClient::static.init::lambda.0()(/mnt/d/docs/work/cangjie/projects/fountain/f_rpc/src/client/RPCClient.cj.macrocall: 65)
[WARN-rpc]2026/09/06,13:23:54.785230506|25;error on RPCClient init
An exception has occured:
NoneValueException
        at std.collection.TreeMap<...>::forward(T0, Bool)(std/collection/tree_map.cj: 0)
        at fountain::f_concurrent.LoadBalance<...>::iterator()(/mnt/d/docs/work/cangjie/projects/fountain/f_concurrent/src/LoadBalance.cj: 114)
        at fountain::f_net.client.MultiClient<...>::iterator()(/mnt/d/docs/work/cangjie/projects/fountain/f_net/src/client/MultiClient.cj: 218)
        at fountain::f_rpc.client.RPCClient::static.init::lambda.0()(/mnt/d/docs/work/cangjie/projects/fountain/f_rpc/src/client/RPCClient.cj.macrocall: 65)
[WARN-rpc]2026/09/06,13:23:55.787408184|25;error on RPCClient init
An exception has occured:
NoneValueException
        at std.collection.TreeMap<...>::forward(T0, Bool)(std/collection/tree_map.cj: 0)
        at fountain::f_concurrent.LoadBalance<...>::iterator()(/mnt/d/docs/work/cangjie/projects/fountain/f_concurrent/src/LoadBalance.cj: 114)
        at fountain::f_net.client.MultiClient<...>::iterator()(/mnt/d/docs/work/cangjie/projects/fountain/f_net/src/client/MultiClient.cj: 218)
        at fountain::f_rpc.client.RPCClient::static.init::lambda.0()(/mnt/d/docs/work/cangjie/projects/fountain/f_rpc/src/client/RPCClient.cj.macrocall: 65)
[WARN-rpc]2026/09/06,13:23:56.790709086|25;error on RPCClient init
An exception has occured:
NoneValueException
        at std.collection.TreeMap<...>::forward(T0, Bool)(std/collection/tree_map.cj: 0)
        at fountain::f_concurrent.LoadBalance<...>::iterator()(/mnt/d/docs/work/cangjie/projects/fountain/f_concurrent/src/LoadBalance.cj: 114)
        at fountain::f_net.client.MultiClient<...>::iterator()(/mnt/d/docs/work/cangjie/projects/fountain/f_net/src/client/MultiClient.cj: 218)
        at fountain::f_rpc.client.RPCClient::static.init::lambda.0()(/mnt/d/docs/work/cangjie/projects/fountain/f_rpc/src/client/RPCClient.cj.macrocall: 65)
[WARN-rpc]2026/09/06,13:23:57.794339567|25;error on RPCClient init
An exception has occured:
NoneValueException
        at std.collection.TreeMap<...>::forward(T0, Bool)(std/collection/tree_map.cj: 0)
        at fountain::f_concurrent.LoadBalance<...>::iterator()(/mnt/d/docs/work/cangjie/projects/fountain/f_concurrent/src/LoadBalance.cj: 114)
        at fountain::f_net.client.MultiClient<...>::iterator()(/mnt/d/docs/work/cangjie/projects/fountain/f_net/src/client/MultiClient.cj: 218)
        at fountain::f_rpc.client.RPCClient::static.init::lambda.0()(/mnt/d/docs/work/cangjie/projects/fountain/f_rpc/src/client/RPCClient.cj.macrocall: 65)
[WARN-rpc]2026/09/06,13:23:58.796863179|25;error on RPCClient init
An exception has occured:
NoneValueException
        at std.collection.TreeMap<...>::forward(T0, Bool)(std/collection/tree_map.cj: 0)
        at fountain::f_concurrent.LoadBalance<...>::iterator()(/mnt/d/docs/work/cangjie/projects/fountain/f_concurrent/src/LoadBalance.cj: 114)
        at fountain::f_net.client.MultiClient<...>::iterator()(/mnt/d/docs/work/cangjie/projects/fountain/f_net/src/client/MultiClient.cj: 218)
        at fountain::f_rpc.client.RPCClient::static.init::lambda.0()(/mnt/d/docs/work/cangjie/projects/fountain/f_rpc/src/client/RPCClient.cj.macrocall: 65)
[WARN-rpc]2026/09/06,13:23:59.800063821|25;error on RPCClient init
An exception has occured:
NoneValueException
        at std.collection.TreeMap<...>::forward(T0, Bool)(std/collection/tree_map.cj: 0)
        at fountain::f_concurrent.LoadBalance<...>::iterator()(/mnt/d/docs/work/cangjie/projects/fountain/f_concurrent/src/LoadBalance.cj: 114)
        at fountain::f_net.client.MultiClient<...>::iterator()(/mnt/d/docs/work/cangjie/projects/fountain/f_net/src/client/MultiClient.cj: 218)
        at fountain::f_rpc.client.RPCClient::static.init::lambda.0()(/mnt/d/docs/work/cangjie/projects/fountain/f_rpc/src/client/RPCClient.cj.macrocall: 65)
[WARN-rpc]2026/09/06,13:24:00.801993261|25;error on RPCClient init
An exception has occured:
NoneValueException
        at std.collection.TreeMap<...>::forward(T0, Bool)(std/collection/tree_map.cj: 0)
        at fountain::f_concurrent.LoadBalance<...>::iterator()(/mnt/d/docs/work/cangjie/projects/fountain/f_concurrent/src/LoadBalance.cj: 114)
        at fountain::f_net.client.MultiClient<...>::iterator()(/mnt/d/docs/work/cangjie/projects/fountain/f_net/src/client/MultiClient.cj: 218)
        at fountain::f_rpc.client.RPCClient::static.init::lambda.0()(/mnt/d/docs/work/cangjie/projects/fountain/f_rpc/src/client/RPCClient.cj.macrocall: 65)
[WARN-rpc]2026/09/06,13:24:01.804392188|25;error on RPCClient init
An exception has occured:
NoneValueException
        at std.collection.TreeMap<...>::forward(T0, Bool)(std/collection/tree_map.cj: 0)
        at fountain::f_concurrent.LoadBalance<...>::iterator()(/mnt/d/docs/work/cangjie/projects/fountain/f_concurrent/src/LoadBalance.cj: 114)
        at fountain::f_net.client.MultiClient<...>::iterator()(/mnt/d/docs/work/cangjie/projects/fountain/f_net/src/client/MultiClient.cj: 218)
        at fountain::f_rpc.client.RPCClient::static.init::lambda.0()(/mnt/d/docs/work/cangjie/projects/fountain/f_rpc/src/client/RPCClient.cj.macrocall: 65)
[WARN-rpc]2026/09/06,13:24:02.806331297|25;error on RPCClient init
An exception has occured:
NoneValueException
        at std.collection.TreeMap<...>::forward(T0, Bool)(std/collection/tree_map.cj: 0)
        at fountain::f_concurrent.LoadBalance<...>::iterator()(/mnt/d/docs/work/cangjie/projects/fountain/f_concurrent/src/LoadBalance.cj: 114)
        at fountain::f_net.client.MultiClient<...>::iterator()(/mnt/d/docs/work/cangjie/projects/fountain/f_net/src/client/MultiClient.cj: 218)
        at fountain::f_rpc.client.RPCClient::static.init::lambda.0()(/mnt/d/docs/work/cangjie/projects/fountain/f_rpc/src/client/RPCClient.cj.macrocall: 65)
[WARN-rpc]2026/09/06,13:24:03.808366756|25;error on RPCClient init
An exception has occured:
NoneValueException
        at std.collection.TreeMap<...>::forward(T0, Bool)(std/collection/tree_map.cj: 0)
        at fountain::f_concurrent.LoadBalance<...>::iterator()(/mnt/d/docs/work/cangjie/projects/fountain/f_concurrent/src/LoadBalance.cj: 114)
        at fountain::f_net.client.MultiClient<...>::iterator()(/mnt/d/docs/work/cangjie/projects/fountain/f_net/src/client/MultiClient.cj: 218)
        at fountain::f_rpc.client.RPCClient::static.init::lambda.0()(/mnt/d/docs/work/cangjie/projects/fountain/f_rpc/src/client/RPCClient.cj.macrocall: 65)
[WARN-rpc]2026/09/06,13:24:04.811693868|25;error on RPCClient init
An exception has occured:
NoneValueException
        at std.collection.TreeMap<...>::forward(T0, Bool)(std/collection/tree_map.cj: 0)
        at fountain::f_concurrent.LoadBalance<...>::iterator()(/mnt/d/docs/work/cangjie/projects/fountain/f_concurrent/src/LoadBalance.cj: 114)
        at fountain::f_net.client.MultiClient<...>::iterator()(/mnt/d/docs/work/cangjie/projects/fountain/f_net/src/client/MultiClient.cj: 218)
        at fountain::f_rpc.client.RPCClient::static.init::lambda.0()(/mnt/d/docs/work/cangjie/projects/fountain/f_rpc/src/client/RPCClient.cj.macrocall: 65)
[WARN-rpc]2026/09/06,13:24:05.814922485|25;error on RPCClient init
An exception has occured:
NoneValueException
        at std.collection.TreeMap<...>::forward(T0, Bool)(std/collection/tree_map.cj: 0)
        at fountain::f_concurrent.LoadBalance<...>::iterator()(/mnt/d/docs/work/cangjie/projects/fountain/f_concurrent/src/LoadBalance.cj: 114)
        at fountain::f_net.client.MultiClient<...>::iterator()(/mnt/d/docs/work/cangjie/projects/fountain/f_net/src/client/MultiClient.cj: 218)
        at fountain::f_rpc.client.RPCClient::static.init::lambda.0()(/mnt/d/docs/work/cangjie/projects/fountain/f_rpc/src/client/RPCClient.cj.macrocall: 65)
[WARN-rpc]2026/09/06,13:24:06.816579131|25;error on RPCClient init
An exception has occured:
NoneValueException
        at std.collection.TreeMap<...>::forward(T0, Bool)(std/collection/tree_map.cj: 0)
        at fountain::f_concurrent.LoadBalance<...>::iterator()(/mnt/d/docs/work/cangjie/projects/fountain/f_concurrent/src/LoadBalance.cj: 114)
        at fountain::f_net.client.MultiClient<...>::iterator()(/mnt/d/docs/work/cangjie/projects/fountain/f_net/src/client/MultiClient.cj: 218)
        at fountain::f_rpc.client.RPCClient::static.init::lambda.0()(/mnt/d/docs/work/cangjie/projects/fountain/f_rpc/src/client/RPCClient.cj.macrocall: 65)
[WARN-rpc]2026/09/06,13:24:07.818802052|25;error on RPCClient init
An exception has occured:
NoneValueException
        at std.collection.TreeMap<...>::forward(T0, Bool)(std/collection/tree_map.cj: 0)
        at fountain::f_concurrent.LoadBalance<...>::iterator()(/mnt/d/docs/work/cangjie/projects/fountain/f_concurrent/src/LoadBalance.cj: 114)
        at fountain::f_net.client.MultiClient<...>::iterator()(/mnt/d/docs/work/cangjie/projects/fountain/f_net/src/client/MultiClient.cj: 218)
        at fountain::f_rpc.client.RPCClient::static.init::lambda.0()(/mnt/d/docs/work/cangjie/projects/fountain/f_rpc/src/client/RPCClient.cj.macrocall: 65)
[WARN-rpc]2026/09/06,13:24:08.820757041|25;error on RPCClient init
An exception has occured:
NoneValueException
        at std.collection.TreeMap<...>::forward(T0, Bool)(std/collection/tree_map.cj: 0)
        at fountain::f_concurrent.LoadBalance<...>::iterator()(/mnt/d/docs/work/cangjie/projects/fountain/f_concurrent/src/LoadBalance.cj: 114)
        at fountain::f_net.client.MultiClient<...>::iterator()(/mnt/d/docs/work/cangjie/projects/fountain/f_net/src/client/MultiClient.cj: 218)
        at fountain::f_rpc.client.RPCClient::static.init::lambda.0()(/mnt/d/docs/work/cangjie/projects/fountain/f_rpc/src/client/RPCClient.cj.macrocall: 65)
[WARN-rpc]2026/09/06,13:24:09.822689443|25;error on RPCClient init
An exception has occured:
NoneValueException
        at std.collection.TreeMap<...>::forward(T0, Bool)(std/collection/tree_map.cj: 0)
        at fountain::f_concurrent.LoadBalance<...>::iterator()(/mnt/d/docs/work/cangjie/projects/fountain/f_concurrent/src/LoadBalance.cj: 114)
        at fountain::f_net.client.MultiClient<...>::iterator()(/mnt/d/docs/work/cangjie/projects/fountain/f_net/src/client/MultiClient.cj: 218)
        at fountain::f_rpc.client.RPCClient::static.init::lambda.0()(/mnt/d/docs/work/cangjie/projects/fountain/f_rpc/src/client/RPCClient.cj.macrocall: 65)
[WARN-rpc]2026/09/06,13:24:10.825187139|25;error on RPCClient init
An exception has occured:
NoneValueException
        at std.collection.TreeMap<...>::forward(T0, Bool)(std/collection/tree_map.cj: 0)
        at fountain::f_concurrent.LoadBalance<...>::iterator()(/mnt/d/docs/work/cangjie/projects/fountain/f_concurrent/src/LoadBalance.cj: 114)
        at fountain::f_net.client.MultiClient<...>::iterator()(/mnt/d/docs/work/cangjie/projects/fountain/f_net/src/client/MultiClient.cj: 218)
        at fountain::f_rpc.client.RPCClient::static.init::lambda.0()(/mnt/d/docs/work/cangjie/projects/fountain/f_rpc/src/client/RPCClient.cj.macrocall: 65)
[WARN-rpc]2026/09/06,13:24:11.828582063|25;error on RPCClient init
An exception has occured:
NoneValueException
        at std.collection.TreeMap<...>::forward(T0, Bool)(std/collection/tree_map.cj: 0)
        at fountain::f_concurrent.LoadBalance<...>::iterator()(/mnt/d/docs/work/cangjie/projects/fountain/f_concurrent/src/LoadBalance.cj: 114)
        at fountain::f_net.client.MultiClient<...>::iterator()(/mnt/d/docs/work/cangjie/projects/fountain/f_net/src/client/MultiClient.cj: 218)
        at fountain::f_rpc.client.RPCClient::static.init::lambda.0()(/mnt/d/docs/work/cangjie/projects/fountain/f_rpc/src/client/RPCClient.cj.macrocall: 65)
[WARN-rpc]2026/09/06,13:24:12.830816213|25;error on RPCClient init
An exception has occured:
NoneValueException
        at std.collection.TreeMap<...>::forward(T0, Bool)(std/collection/tree_map.cj: 0)
        at fountain::f_concurrent.LoadBalance<...>::iterator()(/mnt/d/docs/work/cangjie/projects/fountain/f_concurrent/src/LoadBalance.cj: 114)
        at fountain::f_net.client.MultiClient<...>::iterator()(/mnt/d/docs/work/cangjie/projects/fountain/f_net/src/client/MultiClient.cj: 218)
        at fountain::f_rpc.client.RPCClient::static.init::lambda.0()(/mnt/d/docs/work/cangjie/projects/fountain/f_rpc/src/client/RPCClient.cj.macrocall: 65)
[WARN-rpc]2026/09/06,13:24:13.832934582|25;error on RPCClient init
An exception has occured:
NoneValueException
        at std.collection.TreeMap<...>::forward(T0, Bool)(std/collection/tree_map.cj: 0)
        at fountain::f_concurrent.LoadBalance<...>::iterator()(/mnt/d/docs/work/cangjie/projects/fountain/f_concurrent/src/LoadBalance.cj: 114)
        at fountain::f_net.client.MultiClient<...>::iterator()(/mnt/d/docs/work/cangjie/projects/fountain/f_net/src/client/MultiClient.cj: 218)
        at fountain::f_rpc.client.RPCClient::static.init::lambda.0()(/mnt/d/docs/work/cangjie/projects/fountain/f_rpc/src/client/RPCClient.cj.macrocall: 65)
[WARN-rpc]2026/09/06,13:24:14.836058954|25;error on RPCClient init
An exception has occured:
NoneValueException
        at std.collection.TreeMap<...>::forward(T0, Bool)(std/collection/tree_map.cj: 0)
        at fountain::f_concurrent.LoadBalance<...>::iterator()(/mnt/d/docs/work/cangjie/projects/fountain/f_concurrent/src/LoadBalance.cj: 114)
        at fountain::f_net.client.MultiClient<...>::iterator()(/mnt/d/docs/work/cangjie/projects/fountain/f_net/src/client/MultiClient.cj: 218)
        at fountain::f_rpc.client.RPCClient::static.init::lambda.0()(/mnt/d/docs/work/cangjie/projects/fountain/f_rpc/src/client/RPCClient.cj.macrocall: 65)
[WARN-rpc]2026/09/06,13:24:15.838056933|25;error on RPCClient init
An exception has occured:
NoneValueException
        at std.collection.TreeMap<...>::forward(T0, Bool)(std/collection/tree_map.cj: 0)
        at fountain::f_concurrent.LoadBalance<...>::iterator()(/mnt/d/docs/work/cangjie/projects/fountain/f_concurrent/src/LoadBalance.cj: 114)
        at fountain::f_net.client.MultiClient<...>::iterator()(/mnt/d/docs/work/cangjie/projects/fountain/f_net/src/client/MultiClient.cj: 218)
        at fountain::f_rpc.client.RPCClient::static.init::lambda.0()(/mnt/d/docs/work/cangjie/projects/fountain/f_rpc/src/client/RPCClient.cj.macrocall: 65)
[WARN-rpc]2026/09/06,13:24:16.840931674|25;error on RPCClient init
An exception has occured:
NoneValueException
        at std.collection.TreeMap<...>::forward(T0, Bool)(std/collection/tree_map.cj: 0)
        at fountain::f_concurrent.LoadBalance<...>::iterator()(/mnt/d/docs/work/cangjie/projects/fountain/f_concurrent/src/LoadBalance.cj: 114)
        at fountain::f_net.client.MultiClient<...>::iterator()(/mnt/d/docs/work/cangjie/projects/fountain/f_net/src/client/MultiClient.cj: 218)
        at fountain::f_rpc.client.RPCClient::static.init::lambda.0()(/mnt/d/docs/work/cangjie/projects/fountain/f_rpc/src/client/RPCClient.cj.macrocall: 65)
[WARN-rpc]2026/09/06,13:24:17.842183237|25;error on RPCClient init
An exception has occured:
NoneValueException
        at std.collection.TreeMap<...>::forward(T0, Bool)(std/collection/tree_map.cj: 0)
        at fountain::f_concurrent.LoadBalance<...>::iterator()(/mnt/d/docs/work/cangjie/projects/fountain/f_concurrent/src/LoadBalance.cj: 114)
        at fountain::f_net.client.MultiClient<...>::iterator()(/mnt/d/docs/work/cangjie/projects/fountain/f_net/src/client/MultiClient.cj: 218)
        at fountain::f_rpc.client.RPCClient::static.init::lambda.0()(/mnt/d/docs/work/cangjie/projects/fountain/f_rpc/src/client/RPCClient.cj.macrocall: 65)
[WARN-rpc]2026/09/06,13:24:18.843461310|25;error on RPCClient init
An exception has occured:
NoneValueException
        at std.collection.TreeMap<...>::forward(T0, Bool)(std/collection/tree_map.cj: 0)
        at fountain::f_concurrent.LoadBalance<...>::iterator()(/mnt/d/docs/work/cangjie/projects/fountain/f_concurrent/src/LoadBalance.cj: 114)
        at fountain::f_net.client.MultiClient<...>::iterator()(/mnt/d/docs/work/cangjie/projects/fountain/f_net/src/client/MultiClient.cj: 218)
        at fountain::f_rpc.client.RPCClient::static.init::lambda.0()(/mnt/d/docs/work/cangjie/projects/fountain/f_rpc/src/client/RPCClient.cj.macrocall: 65)
[WARN-rpc]2026/09/06,13:24:19.846834026|25;error on RPCClient init
An exception has occured:
NoneValueException
        at std.collection.TreeMap<...>::forward(T0, Bool)(std/collection/tree_map.cj: 0)
        at fountain::f_concurrent.LoadBalance<...>::iterator()(/mnt/d/docs/work/cangjie/projects/fountain/f_concurrent/src/LoadBalance.cj: 114)
        at fountain::f_net.client.MultiClient<...>::iterator()(/mnt/d/docs/work/cangjie/projects/fountain/f_net/src/client/MultiClient.cj: 218)
        at fountain::f_rpc.client.RPCClient::static.init::lambda.0()(/mnt/d/docs/work/cangjie/projects/fountain/f_rpc/src/client/RPCClient.cj.macrocall: 65)
[WARN-rpc]2026/09/06,13:24:20.850092728|25;error on RPCClient init
An exception has occured:
NoneValueException
        at std.collection.TreeMap<...>::forward(T0, Bool)(std/collection/tree_map.cj: 0)
        at fountain::f_concurrent.LoadBalance<...>::iterator()(/mnt/d/docs/work/cangjie/projects/fountain/f_concurrent/src/LoadBalance.cj: 114)
        at fountain::f_net.client.MultiClient<...>::iterator()(/mnt/d/docs/work/cangjie/projects/fountain/f_net/src/client/MultiClient.cj: 218)
        at fountain::f_rpc.client.RPCClient::static.init::lambda.0()(/mnt/d/docs/work/cangjie/projects/fountain/f_rpc/src/client/RPCClient.cj.macrocall: 65)
[WARN-rpc]2026/09/06,13:24:21.851211301|25;error on RPCClient init
An exception has occured:
NoneValueException
        at std.collection.TreeMap<...>::forward(T0, Bool)(std/collection/tree_map.cj: 0)
        at fountain::f_concurrent.LoadBalance<...>::iterator()(/mnt/d/docs/work/cangjie/projects/fountain/f_concurrent/src/LoadBalance.cj: 114)
        at fountain::f_net.client.MultiClient<...>::iterator()(/mnt/d/docs/work/cangjie/projects/fountain/f_net/src/client/MultiClient.cj: 218)
        at fountain::f_rpc.client.RPCClient::static.init::lambda.0()(/mnt/d/docs/work/cangjie/projects/fountain/f_rpc/src/client/RPCClient.cj.macrocall: 65)
[WARN-rpc]2026/09/06,13:24:22.852923110|25;error on RPCClient init
An exception has occured:
NoneValueException
        at std.collection.TreeMap<...>::forward(T0, Bool)(std/collection/tree_map.cj: 0)
        at fountain::f_concurrent.LoadBalance<...>::iterator()(/mnt/d/docs/work/cangjie/projects/fountain/f_concurrent/src/LoadBalance.cj: 114)
        at fountain::f_net.client.MultiClient<...>::iterator()(/mnt/d/docs/work/cangjie/projects/fountain/f_net/src/client/MultiClient.cj: 218)
        at fountain::f_rpc.client.RPCClient::static.init::lambda.0()(/mnt/d/docs/work/cangjie/projects/fountain/f_rpc/src/client/RPCClient.cj.macrocall: 65)
[WARN-rpc]2026/09/06,13:24:23.855098596|25;error on RPCClient init
An exception has occured:
NoneValueException
        at std.collection.TreeMap<...>::forward(T0, Bool)(std/collection/tree_map.cj: 0)
        at fountain::f_concurrent.LoadBalance<...>::iterator()(/mnt/d/docs/work/cangjie/projects/fountain/f_concurrent/src/LoadBalance.cj: 114)
        at fountain::f_net.client.MultiClient<...>::iterator()(/mnt/d/docs/work/cangjie/projects/fountain/f_net/src/client/MultiClient.cj: 218)
        at fountain::f_rpc.client.RPCClient::static.init::lambda.0()(/mnt/d/docs/work/cangjie/projects/fountain/f_rpc/src/client/RPCClient.cj.macrocall: 65)
[WARN-rpc]2026/09/06,13:24:24.859930283|25;error on RPCClient init
An exception has occured:
NoneValueException
        at std.collection.TreeMap<...>::forward(T0, Bool)(std/collection/tree_map.cj: 0)
        at fountain::f_concurrent.LoadBalance<...>::iterator()(/mnt/d/docs/work/cangjie/projects/fountain/f_concurrent/src/LoadBalance.cj: 114)
        at fountain::f_net.client.MultiClient<...>::iterator()(/mnt/d/docs/work/cangjie/projects/fountain/f_net/src/client/MultiClient.cj: 218)
        at fountain::f_rpc.client.RPCClient::static.init::lambda.0()(/mnt/d/docs/work/cangjie/projects/fountain/f_rpc/src/client/RPCClient.cj.macrocall: 65)
[WARN-rpc]2026/09/06,13:24:25.862190874|25;error on RPCClient init
An exception has occured:
NoneValueException
        at std.collection.TreeMap<...>::forward(T0, Bool)(std/collection/tree_map.cj: 0)
        at fountain::f_concurrent.LoadBalance<...>::iterator()(/mnt/d/docs/work/cangjie/projects/fountain/f_concurrent/src/LoadBalance.cj: 114)
        at fountain::f_net.client.MultiClient<...>::iterator()(/mnt/d/docs/work/cangjie/projects/fountain/f_net/src/client/MultiClient.cj: 218)
        at fountain::f_rpc.client.RPCClient::static.init::lambda.0()(/mnt/d/docs/work/cangjie/projects/fountain/f_rpc/src/client/RPCClient.cj.macrocall: 65)
[WARN-rpc]2026/09/06,13:24:26.865858427|25;error on RPCClient init
An exception has occured:
NoneValueException
        at std.collection.TreeMap<...>::forward(T0, Bool)(std/collection/tree_map.cj: 0)
        at fountain::f_concurrent.LoadBalance<...>::iterator()(/mnt/d/docs/work/cangjie/projects/fountain/f_concurrent/src/LoadBalance.cj: 114)
        at fountain::f_net.client.MultiClient<...>::iterator()(/mnt/d/docs/work/cangjie/projects/fountain/f_net/src/client/MultiClient.cj: 218)
        at fountain::f_rpc.client.RPCClient::static.init::lambda.0()(/mnt/d/docs/work/cangjie/projects/fountain/f_rpc/src/client/RPCClient.cj.macrocall: 65)
[WARN-rpc]2026/09/06,13:24:27.868544747|25;error on RPCClient init
An exception has occured:
NoneValueException
        at std.collection.TreeMap<...>::forward(T0, Bool)(std/collection/tree_map.cj: 0)
        at fountain::f_concurrent.LoadBalance<...>::iterator()(/mnt/d/docs/work/cangjie/projects/fountain/f_concurrent/src/LoadBalance.cj: 114)
        at fountain::f_net.client.MultiClient<...>::iterator()(/mnt/d/docs/work/cangjie/projects/fountain/f_net/src/client/MultiClient.cj: 218)
        at fountain::f_rpc.client.RPCClient::static.init::lambda.0()(/mnt/d/docs/work/cangjie/projects/fountain/f_rpc/src/client/RPCClient.cj.macrocall: 65)
[WARN-rpc]2026/09/06,13:24:28.872078731|25;error on RPCClient init
An exception has occured:
NoneValueException
        at std.collection.TreeMap<...>::forward(T0, Bool)(std/collection/tree_map.cj: 0)
        at fountain::f_concurrent.LoadBalance<...>::iterator()(/mnt/d/docs/work/cangjie/projects/fountain/f_concurrent/src/LoadBalance.cj: 114)
        at fountain::f_net.client.MultiClient<...>::iterator()(/mnt/d/docs/work/cangjie/projects/fountain/f_net/src/client/MultiClient.cj: 218)
        at fountain::f_rpc.client.RPCClient::static.init::lambda.0()(/mnt/d/docs/work/cangjie/projects/fountain/f_rpc/src/client/RPCClient.cj.macrocall: 65)
[WARN-rpc]2026/09/06,13:24:29.875857201|25;error on RPCClient init
An exception has occured:
NoneValueException
        at std.collection.TreeMap<...>::forward(T0, Bool)(std/collection/tree_map.cj: 0)
        at fountain::f_concurrent.LoadBalance<...>::iterator()(/mnt/d/docs/work/cangjie/projects/fountain/f_concurrent/src/LoadBalance.cj: 114)
        at fountain::f_net.client.MultiClient<...>::iterator()(/mnt/d/docs/work/cangjie/projects/fountain/f_net/src/client/MultiClient.cj: 218)
        at fountain::f_rpc.client.RPCClient::static.init::lambda.0()(/mnt/d/docs/work/cangjie/projects/fountain/f_rpc/src/client/RPCClient.cj.macrocall: 65)
[WARN-rpc]2026/09/06,13:24:30.879067572|25;error on RPCClient init
An exception has occured:
NoneValueException
        at std.collection.TreeMap<...>::forward(T0, Bool)(std/collection/tree_map.cj: 0)
        at fountain::f_concurrent.LoadBalance<...>::iterator()(/mnt/d/docs/work/cangjie/projects/fountain/f_concurrent/src/LoadBalance.cj: 114)
        at fountain::f_net.client.MultiClient<...>::iterator()(/mnt/d/docs/work/cangjie/projects/fountain/f_net/src/client/MultiClient.cj: 218)
        at fountain::f_rpc.client.RPCClient::static.init::lambda.0()(/mnt/d/docs/work/cangjie/projects/fountain/f_rpc/src/client/RPCClient.cj.macrocall: 65)
[WARN-rpc]2026/09/06,13:24:31.881317968|25;error on RPCClient init
An exception has occured:
NoneValueException
        at std.collection.TreeMap<...>::forward(T0, Bool)(std/collection/tree_map.cj: 0)
        at fountain::f_concurrent.LoadBalance<...>::iterator()(/mnt/d/docs/work/cangjie/projects/fountain/f_concurrent/src/LoadBalance.cj: 114)
        at fountain::f_net.client.MultiClient<...>::iterator()(/mnt/d/docs/work/cangjie/projects/fountain/f_net/src/client/MultiClient.cj: 218)
        at fountain::f_rpc.client.RPCClient::static.init::lambda.0()(/mnt/d/docs/work/cangjie/projects/fountain/f_rpc/src/client/RPCClient.cj.macrocall: 65)
[WARN-rpc]2026/09/06,13:24:32.882887481|25;error on RPCClient init
An exception has occured:
NoneValueException
        at std.collection.TreeMap<...>::forward(T0, Bool)(std/collection/tree_map.cj: 0)
        at fountain::f_concurrent.LoadBalance<...>::iterator()(/mnt/d/docs/work/cangjie/projects/fountain/f_concurrent/src/LoadBalance.cj: 114)
        at fountain::f_net.client.MultiClient<...>::iterator()(/mnt/d/docs/work/cangjie/projects/fountain/f_net/src/client/MultiClient.cj: 218)
        at fountain::f_rpc.client.RPCClient::static.init::lambda.0()(/mnt/d/docs/work/cangjie/projects/fountain/f_rpc/src/client/RPCClient.cj.macrocall: 65)
[WARN-rpc]2026/09/06,13:24:33.884537059|25;error on RPCClient init
An exception has occured:
NoneValueException
        at std.collection.TreeMap<...>::forward(T0, Bool)(std/collection/tree_map.cj: 0)
        at fountain::f_concurrent.LoadBalance<...>::iterator()(/mnt/d/docs/work/cangjie/projects/fountain/f_concurrent/src/LoadBalance.cj: 114)
        at fountain::f_net.client.MultiClient<...>::iterator()(/mnt/d/docs/work/cangjie/projects/fountain/f_net/src/client/MultiClient.cj: 218)
        at fountain::f_rpc.client.RPCClient::static.init::lambda.0()(/mnt/d/docs/work/cangjie/projects/fountain/f_rpc/src/client/RPCClient.cj.macrocall: 65)
[WARN-rpc]2026/09/06,13:24:34.886174118|25;error on RPCClient init
An exception has occured:
NoneValueException
        at std.collection.TreeMap<...>::forward(T0, Bool)(std/collection/tree_map.cj: 0)
        at fountain::f_concurrent.LoadBalance<...>::iterator()(/mnt/d/docs/work/cangjie/projects/fountain/f_concurrent/src/LoadBalance.cj: 114)
        at fountain::f_net.client.MultiClient<...>::iterator()(/mnt/d/docs/work/cangjie/projects/fountain/f_net/src/client/MultiClient.cj: 218)
        at fountain::f_rpc.client.RPCClient::static.init::lambda.0()(/mnt/d/docs/work/cangjie/projects/fountain/f_rpc/src/client/RPCClient.cj.macrocall: 65)
[WARN-rpc]2026/09/06,13:24:35.889034596|25;error on RPCClient init
An exception has occured:
NoneValueException
        at std.collection.TreeMap<...>::forward(T0, Bool)(std/collection/tree_map.cj: 0)
        at fountain::f_concurrent.LoadBalance<...>::iterator()(/mnt/d/docs/work/cangjie/projects/fountain/f_concurrent/src/LoadBalance.cj: 114)
        at fountain::f_net.client.MultiClient<...>::iterator()(/mnt/d/docs/work/cangjie/projects/fountain/f_net/src/client/MultiClient.cj: 218)
        at fountain::f_rpc.client.RPCClient::static.init::lambda.0()(/mnt/d/docs/work/cangjie/projects/fountain/f_rpc/src/client/RPCClient.cj.macrocall: 65)
[WARN-rpc]2026/09/06,13:24:36.891087713|25;error on RPCClient init
An exception has occured:
NoneValueException
        at std.collection.TreeMap<...>::forward(T0, Bool)(std/collection/tree_map.cj: 0)
        at fountain::f_concurrent.LoadBalance<...>::iterator()(/mnt/d/docs/work/cangjie/projects/fountain/f_concurrent/src/LoadBalance.cj: 114)
        at fountain::f_net.client.MultiClient<...>::iterator()(/mnt/d/docs/work/cangjie/projects/fountain/f_net/src/client/MultiClient.cj: 218)
        at fountain::f_rpc.client.RPCClient::static.init::lambda.0()(/mnt/d/docs/work/cangjie/projects/fountain/f_rpc/src/client/RPCClient.cj.macrocall: 65)
[WARN-rpc]2026/09/06,13:24:37.894427671|25;error on RPCClient init
An exception has occured:
NoneValueException
        at std.collection.TreeMap<...>::forward(T0, Bool)(std/collection/tree_map.cj: 0)
        at fountain::f_concurrent.LoadBalance<...>::iterator()(/mnt/d/docs/work/cangjie/projects/fountain/f_concurrent/src/LoadBalance.cj: 114)
        at fountain::f_net.client.MultiClient<...>::iterator()(/mnt/d/docs/work/cangjie/projects/fountain/f_net/src/client/MultiClient.cj: 218)
        at fountain::f_rpc.client.RPCClient::static.init::lambda.0()(/mnt/d/docs/work/cangjie/projects/fountain/f_rpc/src/client/RPCClient.cj.macrocall: 65)
[WARN-rpc]2026/09/06,13:24:38.895913619|25;error on RPCClient init
An exception has occured:
NoneValueException
        at std.collection.TreeMap<...>::forward(T0, Bool)(std/collection/tree_map.cj: 0)
        at fountain::f_concurrent.LoadBalance<...>::iterator()(/mnt/d/docs/work/cangjie/projects/fountain/f_concurrent/src/LoadBalance.cj: 114)
        at fountain::f_net.client.MultiClient<...>::iterator()(/mnt/d/docs/work/cangjie/projects/fountain/f_net/src/client/MultiClient.cj: 218)
        at fountain::f_rpc.client.RPCClient::static.init::lambda.0()(/mnt/d/docs/work/cangjie/projects/fountain/f_rpc/src/client/RPCClient.cj.macrocall: 65)
[WARN-rpc]2026/09/06,13:24:39.899035651|25;error on RPCClient init
An exception has occured:
NoneValueException
        at std.collection.TreeMap<...>::forward(T0, Bool)(std/collection/tree_map.cj: 0)
        at fountain::f_concurrent.LoadBalance<...>::iterator()(/mnt/d/docs/work/cangjie/projects/fountain/f_concurrent/src/LoadBalance.cj: 114)
        at fountain::f_net.client.MultiClient<...>::iterator()(/mnt/d/docs/work/cangjie/projects/fountain/f_net/src/client/MultiClient.cj: 218)
        at fountain::f_rpc.client.RPCClient::static.init::lambda.0()(/mnt/d/docs/work/cangjie/projects/fountain/f_rpc/src/client/RPCClient.cj.macrocall: 65)
[WARN-rpc]2026/09/06,13:24:40.900385675|25;error on RPCClient init
An exception has occured:
NoneValueException
        at std.collection.TreeMap<...>::forward(T0, Bool)(std/collection/tree_map.cj: 0)
        at fountain::f_concurrent.LoadBalance<...>::iterator()(/mnt/d/docs/work/cangjie/projects/fountain/f_concurrent/src/LoadBalance.cj: 114)
        at fountain::f_net.client.MultiClient<...>::iterator()(/mnt/d/docs/work/cangjie/projects/fountain/f_net/src/client/MultiClient.cj: 218)
        at fountain::f_rpc.client.RPCClient::static.init::lambda.0()(/mnt/d/docs/work/cangjie/projects/fountain/f_rpc/src/client/RPCClient.cj.macrocall: 65)
[WARN-rpc]2026/09/06,13:24:41.902142979|25;error on RPCClient init
An exception has occured:
NoneValueException
        at std.collection.TreeMap<...>::forward(T0, Bool)(std/collection/tree_map.cj: 0)
        at fountain::f_concurrent.LoadBalance<...>::iterator()(/mnt/d/docs/work/cangjie/projects/fountain/f_concurrent/src/LoadBalance.cj: 114)
        at fountain::f_net.client.MultiClient<...>::iterator()(/mnt/d/docs/work/cangjie/projects/fountain/f_net/src/client/MultiClient.cj: 218)
        at fountain::f_rpc.client.RPCClient::static.init::lambda.0()(/mnt/d/docs/work/cangjie/projects/fountain/f_rpc/src/client/RPCClient.cj.macrocall: 65)
[WARN-rpc]2026/09/06,13:24:42.903729504|25;error on RPCClient init
An exception has occured:
NoneValueException
        at std.collection.TreeMap<...>::forward(T0, Bool)(std/collection/tree_map.cj: 0)
        at fountain::f_concurrent.LoadBalance<...>::iterator()(/mnt/d/docs/work/cangjie/projects/fountain/f_concurrent/src/LoadBalance.cj: 114)
        at fountain::f_net.client.MultiClient<...>::iterator()(/mnt/d/docs/work/cangjie/projects/fountain/f_net/src/client/MultiClient.cj: 218)
        at fountain::f_rpc.client.RPCClient::static.init::lambda.0()(/mnt/d/docs/work/cangjie/projects/fountain/f_rpc/src/client/RPCClient.cj.macrocall: 65)
[WARN-rpc]2026/09/06,13:24:43.906027346|25;error on RPCClient init
An exception has occured:
NoneValueException
        at std.collection.TreeMap<...>::forward(T0, Bool)(std/collection/tree_map.cj: 0)
        at fountain::f_concurrent.LoadBalance<...>::iterator()(/mnt/d/docs/work/cangjie/projects/fountain/f_concurrent/src/LoadBalance.cj: 114)
        at fountain::f_net.client.MultiClient<...>::iterator()(/mnt/d/docs/work/cangjie/projects/fountain/f_net/src/client/MultiClient.cj: 218)
        at fountain::f_rpc.client.RPCClient::static.init::lambda.0()(/mnt/d/docs/work/cangjie/projects/fountain/f_rpc/src/client/RPCClient.cj.macrocall: 65)
[WARN-rpc]2026/09/06,13:24:44.909091134|25;error on RPCClient init
An exception has occured:
NoneValueException
        at std.collection.TreeMap<...>::forward(T0, Bool)(std/collection/tree_map.cj: 0)
        at fountain::f_concurrent.LoadBalance<...>::iterator()(/mnt/d/docs/work/cangjie/projects/fountain/f_concurrent/src/LoadBalance.cj: 114)
        at fountain::f_net.client.MultiClient<...>::iterator()(/mnt/d/docs/work/cangjie/projects/fountain/f_net/src/client/MultiClient.cj: 218)
        at fountain::f_rpc.client.RPCClient::static.init::lambda.0()(/mnt/d/docs/work/cangjie/projects/fountain/f_rpc/src/client/RPCClient.cj.macrocall: 65)
[WARN-rpc]2026/09/06,13:24:45.911955372|25;error on RPCClient init
An exception has occured:
NoneValueException
        at std.collection.TreeMap<...>::forward(T0, Bool)(std/collection/tree_map.cj: 0)
        at fountain::f_concurrent.LoadBalance<...>::iterator()(/mnt/d/docs/work/cangjie/projects/fountain/f_concurrent/src/LoadBalance.cj: 114)
        at fountain::f_net.client.MultiClient<...>::iterator()(/mnt/d/docs/work/cangjie/projects/fountain/f_net/src/client/MultiClient.cj: 218)
        at fountain::f_rpc.client.RPCClient::static.init::lambda.0()(/mnt/d/docs/work/cangjie/projects/fountain/f_rpc/src/client/RPCClient.cj.macrocall: 65)
[WARN-rpc]2026/09/06,13:24:46.915135593|25;error on RPCClient init
An exception has occured:
NoneValueException
        at std.collection.TreeMap<...>::forward(T0, Bool)(std/collection/tree_map.cj: 0)
        at fountain::f_concurrent.LoadBalance<...>::iterator()(/mnt/d/docs/work/cangjie/projects/fountain/f_concurrent/src/LoadBalance.cj: 114)
        at fountain::f_net.client.MultiClient<...>::iterator()(/mnt/d/docs/work/cangjie/projects/fountain/f_net/src/client/MultiClient.cj: 218)
        at fountain::f_rpc.client.RPCClient::static.init::lambda.0()(/mnt/d/docs/work/cangjie/projects/fountain/f_rpc/src/client/RPCClient.cj.macrocall: 65)
[WARN-rpc]2026/09/06,13:24:47.917965130|25;error on RPCClient init
An exception has occured:
NoneValueException
        at std.collection.TreeMap<...>::forward(T0, Bool)(std/collection/tree_map.cj: 0)
        at fountain::f_concurrent.LoadBalance<...>::iterator()(/mnt/d/docs/work/cangjie/projects/fountain/f_concurrent/src/LoadBalance.cj: 114)
        at fountain::f_net.client.MultiClient<...>::iterator()(/mnt/d/docs/work/cangjie/projects/fountain/f_net/src/client/MultiClient.cj: 218)
        at fountain::f_rpc.client.RPCClient::static.init::lambda.0()(/mnt/d/docs/work/cangjie/projects/fountain/f_rpc/src/client/RPCClient.cj.macrocall: 65)
[WARN-rpc]2026/09/06,13:24:48.921969066|25;error on RPCClient init
An exception has occured:
NoneValueException
        at std.collection.TreeMap<...>::forward(T0, Bool)(std/collection/tree_map.cj: 0)
        at fountain::f_concurrent.LoadBalance<...>::iterator()(/mnt/d/docs/work/cangjie/projects/fountain/f_concurrent/src/LoadBalance.cj: 114)
        at fountain::f_net.client.MultiClient<...>::iterator()(/mnt/d/docs/work/cangjie/projects/fountain/f_net/src/client/MultiClient.cj: 218)
        at fountain::f_rpc.client.RPCClient::static.init::lambda.0()(/mnt/d/docs/work/cangjie/projects/fountain/f_rpc/src/client/RPCClient.cj.macrocall: 65)
[WARN-rpc]2026/09/06,13:24:49.923185676|25;error on RPCClient init
An exception has occured:
NoneValueException
        at std.collection.TreeMap<...>::forward(T0, Bool)(std/collection/tree_map.cj: 0)
        at fountain::f_concurrent.LoadBalance<...>::iterator()(/mnt/d/docs/work/cangjie/projects/fountain/f_concurrent/src/LoadBalance.cj: 114)
        at fountain::f_net.client.MultiClient<...>::iterator()(/mnt/d/docs/work/cangjie/projects/fountain/f_net/src/client/MultiClient.cj: 218)
        at fountain::f_rpc.client.RPCClient::static.init::lambda.0()(/mnt/d/docs/work/cangjie/projects/fountain/f_rpc/src/client/RPCClient.cj.macrocall: 65)
[WARN-rpc]2026/09/06,13:24:50.926253465|25;error on RPCClient init
An exception has occured:
NoneValueException
        at std.collection.TreeMap<...>::forward(T0, Bool)(std/collection/tree_map.cj: 0)
        at fountain::f_concurrent.LoadBalance<...>::iterator()(/mnt/d/docs/work/cangjie/projects/fountain/f_concurrent/src/LoadBalance.cj: 114)
        at fountain::f_net.client.MultiClient<...>::iterator()(/mnt/d/docs/work/cangjie/projects/fountain/f_net/src/client/MultiClient.cj: 218)
        at fountain::f_rpc.client.RPCClient::static.init::lambda.0()(/mnt/d/docs/work/cangjie/projects/fountain/f_rpc/src/client/RPCClient.cj.macrocall: 65)
[WARN-rpc]2026/09/06,13:24:51.927599009|25;error on RPCClient init
An exception has occured:
NoneValueException
        at std.collection.TreeMap<...>::forward(T0, Bool)(std/collection/tree_map.cj: 0)
        at fountain::f_concurrent.LoadBalance<...>::iterator()(/mnt/d/docs/work/cangjie/projects/fountain/f_concurrent/src/LoadBalance.cj: 114)
        at fountain::f_net.client.MultiClient<...>::iterator()(/mnt/d/docs/work/cangjie/projects/fountain/f_net/src/client/MultiClient.cj: 218)
        at fountain::f_rpc.client.RPCClient::static.init::lambda.0()(/mnt/d/docs/work/cangjie/projects/fountain/f_rpc/src/client/RPCClient.cj.macrocall: 65)
[WARN-rpc]2026/09/06,13:24:52.929900402|25;error on RPCClient init
An exception has occured:
NoneValueException
        at std.collection.TreeMap<...>::forward(T0, Bool)(std/collection/tree_map.cj: 0)
        at fountain::f_concurrent.LoadBalance<...>::iterator()(/mnt/d/docs/work/cangjie/projects/fountain/f_concurrent/src/LoadBalance.cj: 114)
        at fountain::f_net.client.MultiClient<...>::iterator()(/mnt/d/docs/work/cangjie/projects/fountain/f_net/src/client/MultiClient.cj: 218)
        at fountain::f_rpc.client.RPCClient::static.init::lambda.0()(/mnt/d/docs/work/cangjie/projects/fountain/f_rpc/src/client/RPCClient.cj.macrocall: 65)
[WARN-rpc]2026/09/06,13:24:53.931919604|25;error on RPCClient init
An exception has occured:
NoneValueException
        at std.collection.TreeMap<...>::forward(T0, Bool)(std/collection/tree_map.cj: 0)
        at fountain::f_concurrent.LoadBalance<...>::iterator()(/mnt/d/docs/work/cangjie/projects/fountain/f_concurrent/src/LoadBalance.cj: 114)
        at fountain::f_net.client.MultiClient<...>::iterator()(/mnt/d/docs/work/cangjie/projects/fountain/f_net/src/client/MultiClient.cj: 218)
        at fountain::f_rpc.client.RPCClient::static.init::lambda.0()(/mnt/d/docs/work/cangjie/projects/fountain/f_rpc/src/client/RPCClient.cj.macrocall: 65)
[WARN-rpc]2026/09/06,13:24:54.934894050|25;error on RPCClient init
An exception has occured:
NoneValueException
        at std.collection.TreeMap<...>::forward(T0, Bool)(std/collection/tree_map.cj: 0)
        at fountain::f_concurrent.LoadBalance<...>::iterator()(/mnt/d/docs/work/cangjie/projects/fountain/f_concurrent/src/LoadBalance.cj: 114)
        at fountain::f_net.client.MultiClient<...>::iterator()(/mnt/d/docs/work/cangjie/projects/fountain/f_net/src/client/MultiClient.cj: 218)
        at fountain::f_rpc.client.RPCClient::static.init::lambda.0()(/mnt/d/docs/work/cangjie/projects/fountain/f_rpc/src/client/RPCClient.cj.macrocall: 65)
[WARN-rpc]2026/09/06,13:24:55.937713548|25;error on RPCClient init
An exception has occured:
NoneValueException
        at std.collection.TreeMap<...>::forward(T0, Bool)(std/collection/tree_map.cj: 0)
        at fountain::f_concurrent.LoadBalance<...>::iterator()(/mnt/d/docs/work/cangjie/projects/fountain/f_concurrent/src/LoadBalance.cj: 114)
        at fountain::f_net.client.MultiClient<...>::iterator()(/mnt/d/docs/work/cangjie/projects/fountain/f_net/src/client/MultiClient.cj: 218)
        at fountain::f_rpc.client.RPCClient::static.init::lambda.0()(/mnt/d/docs/work/cangjie/projects/fountain/f_rpc/src/client/RPCClient.cj.macrocall: 65)
[WARN-rpc]2026/09/06,13:24:56.939058657|25;error on RPCClient init
An exception has occured:
NoneValueException
        at std.collection.TreeMap<...>::forward(T0, Bool)(std/collection/tree_map.cj: 0)
        at fountain::f_concurrent.LoadBalance<...>::iterator()(/mnt/d/docs/work/cangjie/projects/fountain/f_concurrent/src/LoadBalance.cj: 114)
        at fountain::f_net.client.MultiClient<...>::iterator()(/mnt/d/docs/work/cangjie/projects/fountain/f_net/src/client/MultiClient.cj: 218)
        at fountain::f_rpc.client.RPCClient::static.init::lambda.0()(/mnt/d/docs/work/cangjie/projects/fountain/f_rpc/src/client/RPCClient.cj.macrocall: 65)
[WARN-rpc]2026/09/06,13:24:57.941127852|25;error on RPCClient init
An exception has occured:
NoneValueException
        at std.collection.TreeMap<...>::forward(T0, Bool)(std/collection/tree_map.cj: 0)
        at fountain::f_concurrent.LoadBalance<...>::iterator()(/mnt/d/docs/work/cangjie/projects/fountain/f_concurrent/src/LoadBalance.cj: 114)
        at fountain::f_net.client.MultiClient<...>::iterator()(/mnt/d/docs/work/cangjie/projects/fountain/f_net/src/client/MultiClient.cj: 218)
        at fountain::f_rpc.client.RPCClient::static.init::lambda.0()(/mnt/d/docs/work/cangjie/projects/fountain/f_rpc/src/client/RPCClient.cj.macrocall: 65)
[WARN-rpc]2026/09/06,13:24:58.942355057|25;error on RPCClient init
An exception has occured:
NoneValueException
        at std.collection.TreeMap<...>::forward(T0, Bool)(std/collection/tree_map.cj: 0)
        at fountain::f_concurrent.LoadBalance<...>::iterator()(/mnt/d/docs/work/cangjie/projects/fountain/f_concurrent/src/LoadBalance.cj: 114)
        at fountain::f_net.client.MultiClient<...>::iterator()(/mnt/d/docs/work/cangjie/projects/fountain/f_net/src/client/MultiClient.cj: 218)
        at fountain::f_rpc.client.RPCClient::static.init::lambda.0()(/mnt/d/docs/work/cangjie/projects/fountain/f_rpc/src/client/RPCClient.cj.macrocall: 65)
[WARN-rpc]2026/09/06,13:24:59.945128728|25;error on RPCClient init
An exception has occured:
NoneValueException
        at std.collection.TreeMap<...>::forward(T0, Bool)(std/collection/tree_map.cj: 0)
        at fountain::f_concurrent.LoadBalance<...>::iterator()(/mnt/d/docs/work/cangjie/projects/fountain/f_concurrent/src/LoadBalance.cj: 114)
        at fountain::f_net.client.MultiClient<...>::iterator()(/mnt/d/docs/work/cangjie/projects/fountain/f_net/src/client/MultiClient.cj: 218)
        at fountain::f_rpc.client.RPCClient::static.init::lambda.0()(/mnt/d/docs/work/cangjie/projects/fountain/f_rpc/src/client/RPCClient.cj.macrocall: 65)
[WARN-rpc]2026/09/06,13:25:00.947364908|25;error on RPCClient init
An exception has occured:
NoneValueException
        at std.collection.TreeMap<...>::forward(T0, Bool)(std/collection/tree_map.cj: 0)
        at fountain::f_concurrent.LoadBalance<...>::iterator()(/mnt/d/docs/work/cangjie/projects/fountain/f_concurrent/src/LoadBalance.cj: 114)
        at fountain::f_net.client.MultiClient<...>::iterator()(/mnt/d/docs/work/cangjie/projects/fountain/f_net/src/client/MultiClient.cj: 218)
        at fountain::f_rpc.client.RPCClient::static.init::lambda.0()(/mnt/d/docs/work/cangjie/projects/fountain/f_rpc/src/client/RPCClient.cj.macrocall: 65)
[WARN-rpc]2026/09/06,13:25:01.948359370|25;error on RPCClient init
An exception has occured:
NoneValueException
        at std.collection.TreeMap<...>::forward(T0, Bool)(std/collection/tree_map.cj: 0)
        at fountain::f_concurrent.LoadBalance<...>::iterator()(/mnt/d/docs/work/cangjie/projects/fountain/f_concurrent/src/LoadBalance.cj: 114)
        at fountain::f_net.client.MultiClient<...>::iterator()(/mnt/d/docs/work/cangjie/projects/fountain/f_net/src/client/MultiClient.cj: 218)
        at fountain::f_rpc.client.RPCClient::static.init::lambda.0()(/mnt/d/docs/work/cangjie/projects/fountain/f_rpc/src/client/RPCClient.cj.macrocall: 65)
[WARN-rpc]2026/09/06,13:25:02.950427539|25;error on RPCClient init
An exception has occured:
NoneValueException
        at std.collection.TreeMap<...>::forward(T0, Bool)(std/collection/tree_map.cj: 0)
        at fountain::f_concurrent.LoadBalance<...>::iterator()(/mnt/d/docs/work/cangjie/projects/fountain/f_concurrent/src/LoadBalance.cj: 114)
        at fountain::f_net.client.MultiClient<...>::iterator()(/mnt/d/docs/work/cangjie/projects/fountain/f_net/src/client/MultiClient.cj: 218)
        at fountain::f_rpc.client.RPCClient::static.init::lambda.0()(/mnt/d/docs/work/cangjie/projects/fountain/f_rpc/src/client/RPCClient.cj.macrocall: 65)
[WARN-rpc]2026/09/06,13:25:03.952197125|25;error on RPCClient init
An exception has occured:
NoneValueException
        at std.collection.TreeMap<...>::forward(T0, Bool)(std/collection/tree_map.cj: 0)
        at fountain::f_concurrent.LoadBalance<...>::iterator()(/mnt/d/docs/work/cangjie/projects/fountain/f_concurrent/src/LoadBalance.cj: 114)
        at fountain::f_net.client.MultiClient<...>::iterator()(/mnt/d/docs/work/cangjie/projects/fountain/f_net/src/client/MultiClient.cj: 218)
        at fountain::f_rpc.client.RPCClient::static.init::lambda.0()(/mnt/d/docs/work/cangjie/projects/fountain/f_rpc/src/client/RPCClient.cj.macrocall: 65)
[WARN-rpc]2026/09/06,13:25:04.953538673|25;error on RPCClient init
An exception has occured:
NoneValueException
        at std.collection.TreeMap<...>::forward(T0, Bool)(std/collection/tree_map.cj: 0)
        at fountain::f_concurrent.LoadBalance<...>::iterator()(/mnt/d/docs/work/cangjie/projects/fountain/f_concurrent/src/LoadBalance.cj: 114)
        at fountain::f_net.client.MultiClient<...>::iterator()(/mnt/d/docs/work/cangjie/projects/fountain/f_net/src/client/MultiClient.cj: 218)
        at fountain::f_rpc.client.RPCClient::static.init::lambda.0()(/mnt/d/docs/work/cangjie/projects/fountain/f_rpc/src/client/RPCClient.cj.macrocall: 65)
[WARN-rpc]2026/09/06,13:25:05.954452549|25;error on RPCClient init
An exception has occured:
NoneValueException
        at std.collection.TreeMap<...>::forward(T0, Bool)(std/collection/tree_map.cj: 0)
        at fountain::f_concurrent.LoadBalance<...>::iterator()(/mnt/d/docs/work/cangjie/projects/fountain/f_concurrent/src/LoadBalance.cj: 114)
        at fountain::f_net.client.MultiClient<...>::iterator()(/mnt/d/docs/work/cangjie/projects/fountain/f_net/src/client/MultiClient.cj: 218)
        at fountain::f_rpc.client.RPCClient::static.init::lambda.0()(/mnt/d/docs/work/cangjie/projects/fountain/f_rpc/src/client/RPCClient.cj.macrocall: 65)
[WARN-rpc]2026/09/06,13:25:06.955912702|25;error on RPCClient init
An exception has occured:
NoneValueException
        at std.collection.TreeMap<...>::forward(T0, Bool)(std/collection/tree_map.cj: 0)
        at fountain::f_concurrent.LoadBalance<...>::iterator()(/mnt/d/docs/work/cangjie/projects/fountain/f_concurrent/src/LoadBalance.cj: 114)
        at fountain::f_net.client.MultiClient<...>::iterator()(/mnt/d/docs/work/cangjie/projects/fountain/f_net/src/client/MultiClient.cj: 218)
        at fountain::f_rpc.client.RPCClient::static.init::lambda.0()(/mnt/d/docs/work/cangjie/projects/fountain/f_rpc/src/client/RPCClient.cj.macrocall: 65)
[WARN-rpc]2026/09/06,13:25:07.958841332|25;error on RPCClient init
An exception has occured:
NoneValueException
        at std.collection.TreeMap<...>::forward(T0, Bool)(std/collection/tree_map.cj: 0)
        at fountain::f_concurrent.LoadBalance<...>::iterator()(/mnt/d/docs/work/cangjie/projects/fountain/f_concurrent/src/LoadBalance.cj: 114)
        at fountain::f_net.client.MultiClient<...>::iterator()(/mnt/d/docs/work/cangjie/projects/fountain/f_net/src/client/MultiClient.cj: 218)
        at fountain::f_rpc.client.RPCClient::static.init::lambda.0()(/mnt/d/docs/work/cangjie/projects/fountain/f_rpc/src/client/RPCClient.cj.macrocall: 65)
[WARN-rpc]2026/09/06,13:25:08.964421279|25;error on RPCClient init
An exception has occured:
NoneValueException
        at std.collection.TreeMap<...>::forward(T0, Bool)(std/collection/tree_map.cj: 0)
        at fountain::f_concurrent.LoadBalance<...>::iterator()(/mnt/d/docs/work/cangjie/projects/fountain/f_concurrent/src/LoadBalance.cj: 114)
        at fountain::f_net.client.MultiClient<...>::iterator()(/mnt/d/docs/work/cangjie/projects/fountain/f_net/src/client/MultiClient.cj: 218)
        at fountain::f_rpc.client.RPCClient::static.init::lambda.0()(/mnt/d/docs/work/cangjie/projects/fountain/f_rpc/src/client/RPCClient.cj.macrocall: 65)
[WARN-rpc]2026/09/06,13:25:09.966681465|25;error on RPCClient init
An exception has occured:
NoneValueException
        at std.collection.TreeMap<...>::forward(T0, Bool)(std/collection/tree_map.cj: 0)
        at fountain::f_concurrent.LoadBalance<...>::iterator()(/mnt/d/docs/work/cangjie/projects/fountain/f_concurrent/src/LoadBalance.cj: 114)
        at fountain::f_net.client.MultiClient<...>::iterator()(/mnt/d/docs/work/cangjie/projects/fountain/f_net/src/client/MultiClient.cj: 218)
        at fountain::f_rpc.client.RPCClient::static.init::lambda.0()(/mnt/d/docs/work/cangjie/projects/fountain/f_rpc/src/client/RPCClient.cj.macrocall: 65)
[WARN-rpc]2026/09/06,13:25:10.968375696|25;error on RPCClient init
An exception has occured:
NoneValueException
        at std.collection.TreeMap<...>::forward(T0, Bool)(std/collection/tree_map.cj: 0)
        at fountain::f_concurrent.LoadBalance<...>::iterator()(/mnt/d/docs/work/cangjie/projects/fountain/f_concurrent/src/LoadBalance.cj: 114)
        at fountain::f_net.client.MultiClient<...>::iterator()(/mnt/d/docs/work/cangjie/projects/fountain/f_net/src/client/MultiClient.cj: 218)
        at fountain::f_rpc.client.RPCClient::static.init::lambda.0()(/mnt/d/docs/work/cangjie/projects/fountain/f_rpc/src/client/RPCClient.cj.macrocall: 65)
[WARN-rpc]2026/09/06,13:25:11.969443015|25;error on RPCClient init
An exception has occured:
NoneValueException
        at std.collection.TreeMap<...>::forward(T0, Bool)(std/collection/tree_map.cj: 0)
        at fountain::f_concurrent.LoadBalance<...>::iterator()(/mnt/d/docs/work/cangjie/projects/fountain/f_concurrent/src/LoadBalance.cj: 114)
        at fountain::f_net.client.MultiClient<...>::iterator()(/mnt/d/docs/work/cangjie/projects/fountain/f_net/src/client/MultiClient.cj: 218)
        at fountain::f_rpc.client.RPCClient::static.init::lambda.0()(/mnt/d/docs/work/cangjie/projects/fountain/f_rpc/src/client/RPCClient.cj.macrocall: 65)
[WARN-rpc]2026/09/06,13:25:12.971700960|25;error on RPCClient init
An exception has occured:
NoneValueException
        at std.collection.TreeMap<...>::forward(T0, Bool)(std/collection/tree_map.cj: 0)
        at fountain::f_concurrent.LoadBalance<...>::iterator()(/mnt/d/docs/work/cangjie/projects/fountain/f_concurrent/src/LoadBalance.cj: 114)
        at fountain::f_net.client.MultiClient<...>::iterator()(/mnt/d/docs/work/cangjie/projects/fountain/f_net/src/client/MultiClient.cj: 218)
        at fountain::f_rpc.client.RPCClient::static.init::lambda.0()(/mnt/d/docs/work/cangjie/projects/fountain/f_rpc/src/client/RPCClient.cj.macrocall: 65)
[WARN-rpc]2026/09/06,13:25:13.974287697|25;error on RPCClient init
An exception has occured:
NoneValueException
        at std.collection.TreeMap<...>::forward(T0, Bool)(std/collection/tree_map.cj: 0)
        at fountain::f_concurrent.LoadBalance<...>::iterator()(/mnt/d/docs/work/cangjie/projects/fountain/f_concurrent/src/LoadBalance.cj: 114)
        at fountain::f_net.client.MultiClient<...>::iterator()(/mnt/d/docs/work/cangjie/projects/fountain/f_net/src/client/MultiClient.cj: 218)
        at fountain::f_rpc.client.RPCClient::static.init::lambda.0()(/mnt/d/docs/work/cangjie/projects/fountain/f_rpc/src/client/RPCClient.cj.macrocall: 65)
[WARN-rpc]2026/09/06,13:25:14.975976059|25;error on RPCClient init
An exception has occured:
NoneValueException
        at std.collection.TreeMap<...>::forward(T0, Bool)(std/collection/tree_map.cj: 0)
        at fountain::f_concurrent.LoadBalance<...>::iterator()(/mnt/d/docs/work/cangjie/projects/fountain/f_concurrent/src/LoadBalance.cj: 114)
        at fountain::f_net.client.MultiClient<...>::iterator()(/mnt/d/docs/work/cangjie/projects/fountain/f_net/src/client/MultiClient.cj: 218)
        at fountain::f_rpc.client.RPCClient::static.init::lambda.0()(/mnt/d/docs/work/cangjie/projects/fountain/f_rpc/src/client/RPCClient.cj.macrocall: 65)
[WARN-rpc]2026/09/06,13:25:15.978443360|25;error on RPCClient init
An exception has occured:
NoneValueException
        at std.collection.TreeMap<...>::forward(T0, Bool)(std/collection/tree_map.cj: 0)
        at fountain::f_concurrent.LoadBalance<...>::iterator()(/mnt/d/docs/work/cangjie/projects/fountain/f_concurrent/src/LoadBalance.cj: 114)
        at fountain::f_net.client.MultiClient<...>::iterator()(/mnt/d/docs/work/cangjie/projects/fountain/f_net/src/client/MultiClient.cj: 218)
        at fountain::f_rpc.client.RPCClient::static.init::lambda.0()(/mnt/d/docs/work/cangjie/projects/fountain/f_rpc/src/client/RPCClient.cj.macrocall: 65)
[WARN-rpc]2026/09/06,13:25:16.979978877|25;error on RPCClient init
An exception has occured:
NoneValueException
        at std.collection.TreeMap<...>::forward(T0, Bool)(std/collection/tree_map.cj: 0)
        at fountain::f_concurrent.LoadBalance<...>::iterator()(/mnt/d/docs/work/cangjie/projects/fountain/f_concurrent/src/LoadBalance.cj: 114)
        at fountain::f_net.client.MultiClient<...>::iterator()(/mnt/d/docs/work/cangjie/projects/fountain/f_net/src/client/MultiClient.cj: 218)
        at fountain::f_rpc.client.RPCClient::static.init::lambda.0()(/mnt/d/docs/work/cangjie/projects/fountain/f_rpc/src/client/RPCClient.cj.macrocall: 65)
[WARN-rpc]2026/09/06,13:25:17.981785601|25;error on RPCClient init
An exception has occured:
NoneValueException
        at std.collection.TreeMap<...>::forward(T0, Bool)(std/collection/tree_map.cj: 0)
        at fountain::f_concurrent.LoadBalance<...>::iterator()(/mnt/d/docs/work/cangjie/projects/fountain/f_concurrent/src/LoadBalance.cj: 114)
        at fountain::f_net.client.MultiClient<...>::iterator()(/mnt/d/docs/work/cangjie/projects/fountain/f_net/src/client/MultiClient.cj: 218)
        at fountain::f_rpc.client.RPCClient::static.init::lambda.0()(/mnt/d/docs/work/cangjie/projects/fountain/f_rpc/src/client/RPCClient.cj.macrocall: 65)
[WARN-rpc]2026/09/06,13:25:18.984154782|25;error on RPCClient init
An exception has occured:
NoneValueException
        at std.collection.TreeMap<...>::forward(T0, Bool)(std/collection/tree_map.cj: 0)
        at fountain::f_concurrent.LoadBalance<...>::iterator()(/mnt/d/docs/work/cangjie/projects/fountain/f_concurrent/src/LoadBalance.cj: 114)
        at fountain::f_net.client.MultiClient<...>::iterator()(/mnt/d/docs/work/cangjie/projects/fountain/f_net/src/client/MultiClient.cj: 218)
        at fountain::f_rpc.client.RPCClient::static.init::lambda.0()(/mnt/d/docs/work/cangjie/projects/fountain/f_rpc/src/client/RPCClient.cj.macrocall: 65)
[WARN-rpc]2026/09/06,13:25:19.986533703|25;error on RPCClient init
An exception has occured:
NoneValueException
        at std.collection.TreeMap<...>::forward(T0, Bool)(std/collection/tree_map.cj: 0)
        at fountain::f_concurrent.LoadBalance<...>::iterator()(/mnt/d/docs/work/cangjie/projects/fountain/f_concurrent/src/LoadBalance.cj: 114)
        at fountain::f_net.client.MultiClient<...>::iterator()(/mnt/d/docs/work/cangjie/projects/fountain/f_net/src/client/MultiClient.cj: 218)
        at fountain::f_rpc.client.RPCClient::static.init::lambda.0()(/mnt/d/docs/work/cangjie/projects/fountain/f_rpc/src/client/RPCClient.cj.macrocall: 65)
[WARN-rpc]2026/09/06,13:25:20.988317104|25;error on RPCClient init
An exception has occured:
NoneValueException
        at std.collection.TreeMap<...>::forward(T0, Bool)(std/collection/tree_map.cj: 0)
        at fountain::f_concurrent.LoadBalance<...>::iterator()(/mnt/d/docs/work/cangjie/projects/fountain/f_concurrent/src/LoadBalance.cj: 114)
        at fountain::f_net.client.MultiClient<...>::iterator()(/mnt/d/docs/work/cangjie/projects/fountain/f_net/src/client/MultiClient.cj: 218)
        at fountain::f_rpc.client.RPCClient::static.init::lambda.0()(/mnt/d/docs/work/cangjie/projects/fountain/f_rpc/src/client/RPCClient.cj.macrocall: 65)
[WARN-rpc]2026/09/06,13:25:21.989715480|25;error on RPCClient init
An exception has occured:
NoneValueException
        at std.collection.TreeMap<...>::forward(T0, Bool)(std/collection/tree_map.cj: 0)
        at fountain::f_concurrent.LoadBalance<...>::iterator()(/mnt/d/docs/work/cangjie/projects/fountain/f_concurrent/src/LoadBalance.cj: 114)
        at fountain::f_net.client.MultiClient<...>::iterator()(/mnt/d/docs/work/cangjie/projects/fountain/f_net/src/client/MultiClient.cj: 218)
        at fountain::f_rpc.client.RPCClient::static.init::lambda.0()(/mnt/d/docs/work/cangjie/projects/fountain/f_rpc/src/client/RPCClient.cj.macrocall: 65)
[WARN-rpc]2026/09/06,13:25:22.992392815|25;error on RPCClient init
An exception has occured:
NoneValueException
        at std.collection.TreeMap<...>::forward(T0, Bool)(std/collection/tree_map.cj: 0)
        at fountain::f_concurrent.LoadBalance<...>::iterator()(/mnt/d/docs/work/cangjie/projects/fountain/f_concurrent/src/LoadBalance.cj: 114)
        at fountain::f_net.client.MultiClient<...>::iterator()(/mnt/d/docs/work/cangjie/projects/fountain/f_net/src/client/MultiClient.cj: 218)
        at fountain::f_rpc.client.RPCClient::static.init::lambda.0()(/mnt/d/docs/work/cangjie/projects/fountain/f_rpc/src/client/RPCClient.cj.macrocall: 65)
[WARN-rpc]2026/09/06,13:25:23.994184642|25;error on RPCClient init
An exception has occured:
NoneValueException
        at std.collection.TreeMap<...>::forward(T0, Bool)(std/collection/tree_map.cj: 0)
        at fountain::f_concurrent.LoadBalance<...>::iterator()(/mnt/d/docs/work/cangjie/projects/fountain/f_concurrent/src/LoadBalance.cj: 114)
        at fountain::f_net.client.MultiClient<...>::iterator()(/mnt/d/docs/work/cangjie/projects/fountain/f_net/src/client/MultiClient.cj: 218)
        at fountain::f_rpc.client.RPCClient::static.init::lambda.0()(/mnt/d/docs/work/cangjie/projects/fountain/f_rpc/src/client/RPCClient.cj.macrocall: 65)
[WARN-rpc]2026/09/06,13:25:24.995791632|25;error on RPCClient init
An exception has occured:
NoneValueException
        at std.collection.TreeMap<...>::forward(T0, Bool)(std/collection/tree_map.cj: 0)
        at fountain::f_concurrent.LoadBalance<...>::iterator()(/mnt/d/docs/work/cangjie/projects/fountain/f_concurrent/src/LoadBalance.cj: 114)
        at fountain::f_net.client.MultiClient<...>::iterator()(/mnt/d/docs/work/cangjie/projects/fountain/f_net/src/client/MultiClient.cj: 218)
        at fountain::f_rpc.client.RPCClient::static.init::lambda.0()(/mnt/d/docs/work/cangjie/projects/fountain/f_rpc/src/client/RPCClient.cj.macrocall: 65)
[WARN-rpc]2026/09/06,13:25:25.997512187|25;error on RPCClient init
An exception has occured:
NoneValueException
        at std.collection.TreeMap<...>::forward(T0, Bool)(std/collection/tree_map.cj: 0)
        at fountain::f_concurrent.LoadBalance<...>::iterator()(/mnt/d/docs/work/cangjie/projects/fountain/f_concurrent/src/LoadBalance.cj: 114)
        at fountain::f_net.client.MultiClient<...>::iterator()(/mnt/d/docs/work/cangjie/projects/fountain/f_net/src/client/MultiClient.cj: 218)
        at fountain::f_rpc.client.RPCClient::static.init::lambda.0()(/mnt/d/docs/work/cangjie/projects/fountain/f_rpc/src/client/RPCClient.cj.macrocall: 65)
[WARN-rpc]2026/09/06,13:25:27.000020507|25;error on RPCClient init
An exception has occured:
NoneValueException
        at std.collection.TreeMap<...>::forward(T0, Bool)(std/collection/tree_map.cj: 0)
        at fountain::f_concurrent.LoadBalance<...>::iterator()(/mnt/d/docs/work/cangjie/projects/fountain/f_concurrent/src/LoadBalance.cj: 114)
        at fountain::f_net.client.MultiClient<...>::iterator()(/mnt/d/docs/work/cangjie/projects/fountain/f_net/src/client/MultiClient.cj: 218)
        at fountain::f_rpc.client.RPCClient::static.init::lambda.0()(/mnt/d/docs/work/cangjie/projects/fountain/f_rpc/src/client/RPCClient.cj.macrocall: 65)
[WARN-rpc]2026/09/06,13:25:28.002990482|25;error on RPCClient init
An exception has occured:
NoneValueException
        at std.collection.TreeMap<...>::forward(T0, Bool)(std/collection/tree_map.cj: 0)
        at fountain::f_concurrent.LoadBalance<...>::iterator()(/mnt/d/docs/work/cangjie/projects/fountain/f_concurrent/src/LoadBalance.cj: 114)
        at fountain::f_net.client.MultiClient<...>::iterator()(/mnt/d/docs/work/cangjie/projects/fountain/f_net/src/client/MultiClient.cj: 218)
        at fountain::f_rpc.client.RPCClient::static.init::lambda.0()(/mnt/d/docs/work/cangjie/projects/fountain/f_rpc/src/client/RPCClient.cj.macrocall: 65)
[WARN-rpc]2026/09/06,13:25:29.004611043|25;error on RPCClient init
An exception has occured:
NoneValueException
        at std.collection.TreeMap<...>::forward(T0, Bool)(std/collection/tree_map.cj: 0)
        at fountain::f_concurrent.LoadBalance<...>::iterator()(/mnt/d/docs/work/cangjie/projects/fountain/f_concurrent/src/LoadBalance.cj: 114)
        at fountain::f_net.client.MultiClient<...>::iterator()(/mnt/d/docs/work/cangjie/projects/fountain/f_net/src/client/MultiClient.cj: 218)
        at fountain::f_rpc.client.RPCClient::static.init::lambda.0()(/mnt/d/docs/work/cangjie/projects/fountain/f_rpc/src/client/RPCClient.cj.macrocall: 65)
[WARN-rpc]2026/09/06,13:25:30.006533117|25;error on RPCClient init
An exception has occured:
NoneValueException
        at std.collection.TreeMap<...>::forward(T0, Bool)(std/collection/tree_map.cj: 0)
        at fountain::f_concurrent.LoadBalance<...>::iterator()(/mnt/d/docs/work/cangjie/projects/fountain/f_concurrent/src/LoadBalance.cj: 114)
        at fountain::f_net.client.MultiClient<...>::iterator()(/mnt/d/docs/work/cangjie/projects/fountain/f_net/src/client/MultiClient.cj: 218)
        at fountain::f_rpc.client.RPCClient::static.init::lambda.0()(/mnt/d/docs/work/cangjie/projects/fountain/f_rpc/src/client/RPCClient.cj.macrocall: 65)
[WARN-rpc]2026/09/06,13:25:31.010678835|25;error on RPCClient init
An exception has occured:
NoneValueException
        at std.collection.TreeMap<...>::forward(T0, Bool)(std/collection/tree_map.cj: 0)
        at fountain::f_concurrent.LoadBalance<...>::iterator()(/mnt/d/docs/work/cangjie/projects/fountain/f_concurrent/src/LoadBalance.cj: 114)
        at fountain::f_net.client.MultiClient<...>::iterator()(/mnt/d/docs/work/cangjie/projects/fountain/f_net/src/client/MultiClient.cj: 218)
        at fountain::f_rpc.client.RPCClient::static.init::lambda.0()(/mnt/d/docs/work/cangjie/projects/fountain/f_rpc/src/client/RPCClient.cj.macrocall: 65)
[WARN-rpc]2026/09/06,13:25:32.012769476|25;error on RPCClient init
An exception has occured:
NoneValueException
        at std.collection.TreeMap<...>::forward(T0, Bool)(std/collection/tree_map.cj: 0)
        at fountain::f_concurrent.LoadBalance<...>::iterator()(/mnt/d/docs/work/cangjie/projects/fountain/f_concurrent/src/LoadBalance.cj: 114)
        at fountain::f_net.client.MultiClient<...>::iterator()(/mnt/d/docs/work/cangjie/projects/fountain/f_net/src/client/MultiClient.cj: 218)
        at fountain::f_rpc.client.RPCClient::static.init::lambda.0()(/mnt/d/docs/work/cangjie/projects/fountain/f_rpc/src/client/RPCClient.cj.macrocall: 65)
[WARN-rpc]2026/09/06,13:25:33.014867991|25;error on RPCClient init
An exception has occured:
NoneValueException
        at std.collection.TreeMap<...>::forward(T0, Bool)(std/collection/tree_map.cj: 0)
        at fountain::f_concurrent.LoadBalance<...>::iterator()(/mnt/d/docs/work/cangjie/projects/fountain/f_concurrent/src/LoadBalance.cj: 114)
        at fountain::f_net.client.MultiClient<...>::iterator()(/mnt/d/docs/work/cangjie/projects/fountain/f_net/src/client/MultiClient.cj: 218)
        at fountain::f_rpc.client.RPCClient::static.init::lambda.0()(/mnt/d/docs/work/cangjie/projects/fountain/f_rpc/src/client/RPCClient.cj.macrocall: 65)
[WARN-rpc]2026/09/06,13:25:34.016139031|25;error on RPCClient init
An exception has occured:
NoneValueException
        at std.collection.TreeMap<...>::forward(T0, Bool)(std/collection/tree_map.cj: 0)
        at fountain::f_concurrent.LoadBalance<...>::iterator()(/mnt/d/docs/work/cangjie/projects/fountain/f_concurrent/src/LoadBalance.cj: 114)
        at fountain::f_net.client.MultiClient<...>::iterator()(/mnt/d/docs/work/cangjie/projects/fountain/f_net/src/client/MultiClient.cj: 218)
        at fountain::f_rpc.client.RPCClient::static.init::lambda.0()(/mnt/d/docs/work/cangjie/projects/fountain/f_rpc/src/client/RPCClient.cj.macrocall: 65)
[WARN-rpc]2026/09/06,13:25:35.019286284|25;error on RPCClient init
An exception has occured:
NoneValueException
        at std.collection.TreeMap<...>::forward(T0, Bool)(std/collection/tree_map.cj: 0)
        at fountain::f_concurrent.LoadBalance<...>::iterator()(/mnt/d/docs/work/cangjie/projects/fountain/f_concurrent/src/LoadBalance.cj: 114)
        at fountain::f_net.client.MultiClient<...>::iterator()(/mnt/d/docs/work/cangjie/projects/fountain/f_net/src/client/MultiClient.cj: 218)
        at fountain::f_rpc.client.RPCClient::static.init::lambda.0()(/mnt/d/docs/work/cangjie/projects/fountain/f_rpc/src/client/RPCClient.cj.macrocall: 65)
[WARN-rpc]2026/09/06,13:25:36.022835426|25;error on RPCClient init
An exception has occured:
NoneValueException
        at std.collection.TreeMap<...>::forward(T0, Bool)(std/collection/tree_map.cj: 0)
        at fountain::f_concurrent.LoadBalance<...>::iterator()(/mnt/d/docs/work/cangjie/projects/fountain/f_concurrent/src/LoadBalance.cj: 114)
        at fountain::f_net.client.MultiClient<...>::iterator()(/mnt/d/docs/work/cangjie/projects/fountain/f_net/src/client/MultiClient.cj: 218)
        at fountain::f_rpc.client.RPCClient::static.init::lambda.0()(/mnt/d/docs/work/cangjie/projects/fountain/f_rpc/src/client/RPCClient.cj.macrocall: 65)
[WARN-rpc]2026/09/06,13:25:37.024796264|25;error on RPCClient init
An exception has occured:
NoneValueException
        at std.collection.TreeMap<...>::forward(T0, Bool)(std/collection/tree_map.cj: 0)
        at fountain::f_concurrent.LoadBalance<...>::iterator()(/mnt/d/docs/work/cangjie/projects/fountain/f_concurrent/src/LoadBalance.cj: 114)
        at fountain::f_net.client.MultiClient<...>::iterator()(/mnt/d/docs/work/cangjie/projects/fountain/f_net/src/client/MultiClient.cj: 218)
        at fountain::f_rpc.client.RPCClient::static.init::lambda.0()(/mnt/d/docs/work/cangjie/projects/fountain/f_rpc/src/client/RPCClient.cj.macrocall: 65)
[WARN-rpc]2026/09/06,13:25:38.029650267|25;error on RPCClient init
An exception has occured:
NoneValueException
        at std.collection.TreeMap<...>::forward(T0, Bool)(std/collection/tree_map.cj: 0)
        at fountain::f_concurrent.LoadBalance<...>::iterator()(/mnt/d/docs/work/cangjie/projects/fountain/f_concurrent/src/LoadBalance.cj: 114)
        at fountain::f_net.client.MultiClient<...>::iterator()(/mnt/d/docs/work/cangjie/projects/fountain/f_net/src/client/MultiClient.cj: 218)
        at fountain::f_rpc.client.RPCClient::static.init::lambda.0()(/mnt/d/docs/work/cangjie/projects/fountain/f_rpc/src/client/RPCClient.cj.macrocall: 65)
[WARN-rpc]2026/09/06,13:25:39.032670716|25;error on RPCClient init
An exception has occured:
NoneValueException
        at std.collection.TreeMap<...>::forward(T0, Bool)(std/collection/tree_map.cj: 0)
        at fountain::f_concurrent.LoadBalance<...>::iterator()(/mnt/d/docs/work/cangjie/projects/fountain/f_concurrent/src/LoadBalance.cj: 114)
        at fountain::f_net.client.MultiClient<...>::iterator()(/mnt/d/docs/work/cangjie/projects/fountain/f_net/src/client/MultiClient.cj: 218)
        at fountain::f_rpc.client.RPCClient::static.init::lambda.0()(/mnt/d/docs/work/cangjie/projects/fountain/f_rpc/src/client/RPCClient.cj.macrocall: 65)
[WARN-rpc]2026/09/06,13:25:40.035544123|25;error on RPCClient init
An exception has occured:
NoneValueException
        at std.collection.TreeMap<...>::forward(T0, Bool)(std/collection/tree_map.cj: 0)
        at fountain::f_concurrent.LoadBalance<...>::iterator()(/mnt/d/docs/work/cangjie/projects/fountain/f_concurrent/src/LoadBalance.cj: 114)
        at fountain::f_net.client.MultiClient<...>::iterator()(/mnt/d/docs/work/cangjie/projects/fountain/f_net/src/client/MultiClient.cj: 218)
        at fountain::f_rpc.client.RPCClient::static.init::lambda.0()(/mnt/d/docs/work/cangjie/projects/fountain/f_rpc/src/client/RPCClient.cj.macrocall: 65)
[WARN-rpc]2026/09/06,13:25:41.037850409|25;error on RPCClient init
An exception has occured:
NoneValueException
        at std.collection.TreeMap<...>::forward(T0, Bool)(std/collection/tree_map.cj: 0)
        at fountain::f_concurrent.LoadBalance<...>::iterator()(/mnt/d/docs/work/cangjie/projects/fountain/f_concurrent/src/LoadBalance.cj: 114)
        at fountain::f_net.client.MultiClient<...>::iterator()(/mnt/d/docs/work/cangjie/projects/fountain/f_net/src/client/MultiClient.cj: 218)
        at fountain::f_rpc.client.RPCClient::static.init::lambda.0()(/mnt/d/docs/work/cangjie/projects/fountain/f_rpc/src/client/RPCClient.cj.macrocall: 65)
[WARN-rpc]2026/09/06,13:25:42.039740140|25;error on RPCClient init
An exception has occured:
NoneValueException
        at std.collection.TreeMap<...>::forward(T0, Bool)(std/collection/tree_map.cj: 0)
        at fountain::f_concurrent.LoadBalance<...>::iterator()(/mnt/d/docs/work/cangjie/projects/fountain/f_concurrent/src/LoadBalance.cj: 114)
        at fountain::f_net.client.MultiClient<...>::iterator()(/mnt/d/docs/work/cangjie/projects/fountain/f_net/src/client/MultiClient.cj: 218)
        at fountain::f_rpc.client.RPCClient::static.init::lambda.0()(/mnt/d/docs/work/cangjie/projects/fountain/f_rpc/src/client/RPCClient.cj.macrocall: 65)
[WARN-rpc]2026/09/06,13:25:43.043576017|25;error on RPCClient init
An exception has occured:
NoneValueException
        at std.collection.TreeMap<...>::forward(T0, Bool)(std/collection/tree_map.cj: 0)
        at fountain::f_concurrent.LoadBalance<...>::iterator()(/mnt/d/docs/work/cangjie/projects/fountain/f_concurrent/src/LoadBalance.cj: 114)
        at fountain::f_net.client.MultiClient<...>::iterator()(/mnt/d/docs/work/cangjie/projects/fountain/f_net/src/client/MultiClient.cj: 218)
        at fountain::f_rpc.client.RPCClient::static.init::lambda.0()(/mnt/d/docs/work/cangjie/projects/fountain/f_rpc/src/client/RPCClient.cj.macrocall: 65)
[WARN-rpc]2026/09/06,13:25:44.045419328|25;error on RPCClient init
An exception has occured:
NoneValueException
        at std.collection.TreeMap<...>::forward(T0, Bool)(std/collection/tree_map.cj: 0)
        at fountain::f_concurrent.LoadBalance<...>::iterator()(/mnt/d/docs/work/cangjie/projects/fountain/f_concurrent/src/LoadBalance.cj: 114)
        at fountain::f_net.client.MultiClient<...>::iterator()(/mnt/d/docs/work/cangjie/projects/fountain/f_net/src/client/MultiClient.cj: 218)
        at fountain::f_rpc.client.RPCClient::static.init::lambda.0()(/mnt/d/docs/work/cangjie/projects/fountain/f_rpc/src/client/RPCClient.cj.macrocall: 65)
[WARN-rpc]2026/09/06,13:25:45.049998361|25;error on RPCClient init
An exception has occured:
NoneValueException
        at std.collection.TreeMap<...>::forward(T0, Bool)(std/collection/tree_map.cj: 0)
        at fountain::f_concurrent.LoadBalance<...>::iterator()(/mnt/d/docs/work/cangjie/projects/fountain/f_concurrent/src/LoadBalance.cj: 114)
        at fountain::f_net.client.MultiClient<...>::iterator()(/mnt/d/docs/work/cangjie/projects/fountain/f_net/src/client/MultiClient.cj: 218)
        at fountain::f_rpc.client.RPCClient::static.init::lambda.0()(/mnt/d/docs/work/cangjie/projects/fountain/f_rpc/src/client/RPCClient.cj.macrocall: 65)
[WARN-rpc]2026/09/06,13:25:46.052418943|25;error on RPCClient init
An exception has occured:
NoneValueException
        at std.collection.TreeMap<...>::forward(T0, Bool)(std/collection/tree_map.cj: 0)
        at fountain::f_concurrent.LoadBalance<...>::iterator()(/mnt/d/docs/work/cangjie/projects/fountain/f_concurrent/src/LoadBalance.cj: 114)
        at fountain::f_net.client.MultiClient<...>::iterator()(/mnt/d/docs/work/cangjie/projects/fountain/f_net/src/client/MultiClient.cj: 218)
        at fountain::f_rpc.client.RPCClient::static.init::lambda.0()(/mnt/d/docs/work/cangjie/projects/fountain/f_rpc/src/client/RPCClient.cj.macrocall: 65)
[WARN-rpc]2026/09/06,13:25:47.054456185|25;error on RPCClient init
An exception has occured:
NoneValueException
        at std.collection.TreeMap<...>::forward(T0, Bool)(std/collection/tree_map.cj: 0)
        at fountain::f_concurrent.LoadBalance<...>::iterator()(/mnt/d/docs/work/cangjie/projects/fountain/f_concurrent/src/LoadBalance.cj: 114)
        at fountain::f_net.client.MultiClient<...>::iterator()(/mnt/d/docs/work/cangjie/projects/fountain/f_net/src/client/MultiClient.cj: 218)
        at fountain::f_rpc.client.RPCClient::static.init::lambda.0()(/mnt/d/docs/work/cangjie/projects/fountain/f_rpc/src/client/RPCClient.cj.macrocall: 65)
[WARN-rpc]2026/09/06,13:25:48.056267625|25;error on RPCClient init
An exception has occured:
NoneValueException
        at std.collection.TreeMap<...>::forward(T0, Bool)(std/collection/tree_map.cj: 0)
        at fountain::f_concurrent.LoadBalance<...>::iterator()(/mnt/d/docs/work/cangjie/projects/fountain/f_concurrent/src/LoadBalance.cj: 114)
        at fountain::f_net.client.MultiClient<...>::iterator()(/mnt/d/docs/work/cangjie/projects/fountain/f_net/src/client/MultiClient.cj: 218)
        at fountain::f_rpc.client.RPCClient::static.init::lambda.0()(/mnt/d/docs/work/cangjie/projects/fountain/f_rpc/src/client/RPCClient.cj.macrocall: 65)
[WARN-rpc]2026/09/06,13:25:49.059218534|25;error on RPCClient init
An exception has occured:
NoneValueException
        at std.collection.TreeMap<...>::forward(T0, Bool)(std/collection/tree_map.cj: 0)
        at fountain::f_concurrent.LoadBalance<...>::iterator()(/mnt/d/docs/work/cangjie/projects/fountain/f_concurrent/src/LoadBalance.cj: 114)
        at fountain::f_net.client.MultiClient<...>::iterator()(/mnt/d/docs/work/cangjie/projects/fountain/f_net/src/client/MultiClient.cj: 218)
        at fountain::f_rpc.client.RPCClient::static.init::lambda.0()(/mnt/d/docs/work/cangjie/projects/fountain/f_rpc/src/client/RPCClient.cj.macrocall: 65)
[WARN-rpc]2026/09/06,13:25:50.062692209|25;error on RPCClient init
An exception has occured:
NoneValueException
        at std.collection.TreeMap<...>::forward(T0, Bool)(std/collection/tree_map.cj: 0)
        at fountain::f_concurrent.LoadBalance<...>::iterator()(/mnt/d/docs/work/cangjie/projects/fountain/f_concurrent/src/LoadBalance.cj: 114)
        at fountain::f_net.client.MultiClient<...>::iterator()(/mnt/d/docs/work/cangjie/projects/fountain/f_net/src/client/MultiClient.cj: 218)
        at fountain::f_rpc.client.RPCClient::static.init::lambda.0()(/mnt/d/docs/work/cangjie/projects/fountain/f_rpc/src/client/RPCClient.cj.macrocall: 65)
[WARN-rpc]2026/09/06,13:25:51.065136446|25;error on RPCClient init
An exception has occured:
NoneValueException
        at std.collection.TreeMap<...>::forward(T0, Bool)(std/collection/tree_map.cj: 0)
        at fountain::f_concurrent.LoadBalance<...>::iterator()(/mnt/d/docs/work/cangjie/projects/fountain/f_concurrent/src/LoadBalance.cj: 114)
        at fountain::f_net.client.MultiClient<...>::iterator()(/mnt/d/docs/work/cangjie/projects/fountain/f_net/src/client/MultiClient.cj: 218)
        at fountain::f_rpc.client.RPCClient::static.init::lambda.0()(/mnt/d/docs/work/cangjie/projects/fountain/f_rpc/src/client/RPCClient.cj.macrocall: 65)
[WARN-rpc]2026/09/06,13:25:52.067453406|25;error on RPCClient init
An exception has occured:
NoneValueException
        at std.collection.TreeMap<...>::forward(T0, Bool)(std/collection/tree_map.cj: 0)
        at fountain::f_concurrent.LoadBalance<...>::iterator()(/mnt/d/docs/work/cangjie/projects/fountain/f_concurrent/src/LoadBalance.cj: 114)
        at fountain::f_net.client.MultiClient<...>::iterator()(/mnt/d/docs/work/cangjie/projects/fountain/f_net/src/client/MultiClient.cj: 218)
        at fountain::f_rpc.client.RPCClient::static.init::lambda.0()(/mnt/d/docs/work/cangjie/projects/fountain/f_rpc/src/client/RPCClient.cj.macrocall: 65)
[WARN-rpc]2026/09/06,13:25:53.071253423|25;error on RPCClient init
An exception has occured:
NoneValueException
        at std.collection.TreeMap<...>::forward(T0, Bool)(std/collection/tree_map.cj: 0)
        at fountain::f_concurrent.LoadBalance<...>::iterator()(/mnt/d/docs/work/cangjie/projects/fountain/f_concurrent/src/LoadBalance.cj: 114)
        at fountain::f_net.client.MultiClient<...>::iterator()(/mnt/d/docs/work/cangjie/projects/fountain/f_net/src/client/MultiClient.cj: 218)
        at fountain::f_rpc.client.RPCClient::static.init::lambda.0()(/mnt/d/docs/work/cangjie/projects/fountain/f_rpc/src/client/RPCClient.cj.macrocall: 65)
[WARN-rpc]2026/09/06,13:25:54.073429193|25;error on RPCClient init
An exception has occured:
NoneValueException
        at std.collection.TreeMap<...>::forward(T0, Bool)(std/collection/tree_map.cj: 0)
        at fountain::f_concurrent.LoadBalance<...>::iterator()(/mnt/d/docs/work/cangjie/projects/fountain/f_concurrent/src/LoadBalance.cj: 114)
        at fountain::f_net.client.MultiClient<...>::iterator()(/mnt/d/docs/work/cangjie/projects/fountain/f_net/src/client/MultiClient.cj: 218)
        at fountain::f_rpc.client.RPCClient::static.init::lambda.0()(/mnt/d/docs/work/cangjie/projects/fountain/f_rpc/src/client/RPCClient.cj.macrocall: 65)
[WARN-rpc]2026/09/06,13:25:55.074972590|25;error on RPCClient init
An exception has occured:
NoneValueException
        at std.collection.TreeMap<...>::forward(T0, Bool)(std/collection/tree_map.cj: 0)
        at fountain::f_concurrent.LoadBalance<...>::iterator()(/mnt/d/docs/work/cangjie/projects/fountain/f_concurrent/src/LoadBalance.cj: 114)
        at fountain::f_net.client.MultiClient<...>::iterator()(/mnt/d/docs/work/cangjie/projects/fountain/f_net/src/client/MultiClient.cj: 218)
        at fountain::f_rpc.client.RPCClient::static.init::lambda.0()(/mnt/d/docs/work/cangjie/projects/fountain/f_rpc/src/client/RPCClient.cj.macrocall: 65)
[WARN-rpc]2026/09/06,13:25:56.076949308|25;error on RPCClient init
An exception has occured:
NoneValueException
        at std.collection.TreeMap<...>::forward(T0, Bool)(std/collection/tree_map.cj: 0)
        at fountain::f_concurrent.LoadBalance<...>::iterator()(/mnt/d/docs/work/cangjie/projects/fountain/f_concurrent/src/LoadBalance.cj: 114)
        at fountain::f_net.client.MultiClient<...>::iterator()(/mnt/d/docs/work/cangjie/projects/fountain/f_net/src/client/MultiClient.cj: 218)
        at fountain::f_rpc.client.RPCClient::static.init::lambda.0()(/mnt/d/docs/work/cangjie/projects/fountain/f_rpc/src/client/RPCClient.cj.macrocall: 65)
[WARN-rpc]2026/09/06,13:25:57.080407056|25;error on RPCClient init
An exception has occured:
NoneValueException
        at std.collection.TreeMap<...>::forward(T0, Bool)(std/collection/tree_map.cj: 0)
        at fountain::f_concurrent.LoadBalance<...>::iterator()(/mnt/d/docs/work/cangjie/projects/fountain/f_concurrent/src/LoadBalance.cj: 114)
        at fountain::f_net.client.MultiClient<...>::iterator()(/mnt/d/docs/work/cangjie/projects/fountain/f_net/src/client/MultiClient.cj: 218)
        at fountain::f_rpc.client.RPCClient::static.init::lambda.0()(/mnt/d/docs/work/cangjie/projects/fountain/f_rpc/src/client/RPCClient.cj.macrocall: 65)
[WARN-rpc]2026/09/06,13:25:58.083684516|25;error on RPCClient init
An exception has occured:
NoneValueException
        at std.collection.TreeMap<...>::forward(T0, Bool)(std/collection/tree_map.cj: 0)
        at fountain::f_concurrent.LoadBalance<...>::iterator()(/mnt/d/docs/work/cangjie/projects/fountain/f_concurrent/src/LoadBalance.cj: 114)
        at fountain::f_net.client.MultiClient<...>::iterator()(/mnt/d/docs/work/cangjie/projects/fountain/f_net/src/client/MultiClient.cj: 218)
        at fountain::f_rpc.client.RPCClient::static.init::lambda.0()(/mnt/d/docs/work/cangjie/projects/fountain/f_rpc/src/client/RPCClient.cj.macrocall: 65)
[WARN-rpc]2026/09/06,13:25:59.086934603|25;error on RPCClient init
An exception has occured:
NoneValueException
        at std.collection.TreeMap<...>::forward(T0, Bool)(std/collection/tree_map.cj: 0)
        at fountain::f_concurrent.LoadBalance<...>::iterator()(/mnt/d/docs/work/cangjie/projects/fountain/f_concurrent/src/LoadBalance.cj: 114)
        at fountain::f_net.client.MultiClient<...>::iterator()(/mnt/d/docs/work/cangjie/projects/fountain/f_net/src/client/MultiClient.cj: 218)
        at fountain::f_rpc.client.RPCClient::static.init::lambda.0()(/mnt/d/docs/work/cangjie/projects/fountain/f_rpc/src/client/RPCClient.cj.macrocall: 65)
[WARN-rpc]2026/09/06,13:26:00.090526566|25;error on RPCClient init
An exception has occured:
NoneValueException
        at std.collection.TreeMap<...>::forward(T0, Bool)(std/collection/tree_map.cj: 0)
        at fountain::f_concurrent.LoadBalance<...>::iterator()(/mnt/d/docs/work/cangjie/projects/fountain/f_concurrent/src/LoadBalance.cj: 114)
        at fountain::f_net.client.MultiClient<...>::iterator()(/mnt/d/docs/work/cangjie/projects/fountain/f_net/src/client/MultiClient.cj: 218)
        at fountain::f_rpc.client.RPCClient::static.init::lambda.0()(/mnt/d/docs/work/cangjie/projects/fountain/f_rpc/src/client/RPCClient.cj.macrocall: 65)
[WARN-rpc]2026/09/06,13:26:01.092195253|25;error on RPCClient init
An exception has occured:
NoneValueException
        at std.collection.TreeMap<...>::forward(T0, Bool)(std/collection/tree_map.cj: 0)
        at fountain::f_concurrent.LoadBalance<...>::iterator()(/mnt/d/docs/work/cangjie/projects/fountain/f_concurrent/src/LoadBalance.cj: 114)
        at fountain::f_net.client.MultiClient<...>::iterator()(/mnt/d/docs/work/cangjie/projects/fountain/f_net/src/client/MultiClient.cj: 218)
        at fountain::f_rpc.client.RPCClient::static.init::lambda.0()(/mnt/d/docs/work/cangjie/projects/fountain/f_rpc/src/client/RPCClient.cj.macrocall: 65)
[WARN-rpc]2026/09/06,13:26:02.095258438|25;error on RPCClient init
An exception has occured:
NoneValueException
        at std.collection.TreeMap<...>::forward(T0, Bool)(std/collection/tree_map.cj: 0)
        at fountain::f_concurrent.LoadBalance<...>::iterator()(/mnt/d/docs/work/cangjie/projects/fountain/f_concurrent/src/LoadBalance.cj: 114)
        at fountain::f_net.client.MultiClient<...>::iterator()(/mnt/d/docs/work/cangjie/projects/fountain/f_net/src/client/MultiClient.cj: 218)
        at fountain::f_rpc.client.RPCClient::static.init::lambda.0()(/mnt/d/docs/work/cangjie/projects/fountain/f_rpc/src/client/RPCClient.cj.macrocall: 65)
[WARN-rpc]2026/09/06,13:26:03.099100605|25;error on RPCClient init
An exception has occured:
NoneValueException
        at std.collection.TreeMap<...>::forward(T0, Bool)(std/collection/tree_map.cj: 0)
        at fountain::f_concurrent.LoadBalance<...>::iterator()(/mnt/d/docs/work/cangjie/projects/fountain/f_concurrent/src/LoadBalance.cj: 114)
        at fountain::f_net.client.MultiClient<...>::iterator()(/mnt/d/docs/work/cangjie/projects/fountain/f_net/src/client/MultiClient.cj: 218)
        at fountain::f_rpc.client.RPCClient::static.init::lambda.0()(/mnt/d/docs/work/cangjie/projects/fountain/f_rpc/src/client/RPCClient.cj.macrocall: 65)
[WARN-rpc]2026/09/06,13:26:04.102101302|25;error on RPCClient init
An exception has occured:
NoneValueException
        at std.collection.TreeMap<...>::forward(T0, Bool)(std/collection/tree_map.cj: 0)
        at fountain::f_concurrent.LoadBalance<...>::iterator()(/mnt/d/docs/work/cangjie/projects/fountain/f_concurrent/src/LoadBalance.cj: 114)
        at fountain::f_net.client.MultiClient<...>::iterator()(/mnt/d/docs/work/cangjie/projects/fountain/f_net/src/client/MultiClient.cj: 218)
        at fountain::f_rpc.client.RPCClient::static.init::lambda.0()(/mnt/d/docs/work/cangjie/projects/fountain/f_rpc/src/client/RPCClient.cj.macrocall: 65)
[WARN-rpc]2026/09/06,13:26:05.104917383|25;error on RPCClient init
An exception has occured:
NoneValueException
        at std.collection.TreeMap<...>::forward(T0, Bool)(std/collection/tree_map.cj: 0)
        at fountain::f_concurrent.LoadBalance<...>::iterator()(/mnt/d/docs/work/cangjie/projects/fountain/f_concurrent/src/LoadBalance.cj: 114)
        at fountain::f_net.client.MultiClient<...>::iterator()(/mnt/d/docs/work/cangjie/projects/fountain/f_net/src/client/MultiClient.cj: 218)
        at fountain::f_rpc.client.RPCClient::static.init::lambda.0()(/mnt/d/docs/work/cangjie/projects/fountain/f_rpc/src/client/RPCClient.cj.macrocall: 65)
[WARN-rpc]2026/09/06,13:26:06.108660721|25;error on RPCClient init
An exception has occured:
NoneValueException
        at std.collection.TreeMap<...>::forward(T0, Bool)(std/collection/tree_map.cj: 0)
        at fountain::f_concurrent.LoadBalance<...>::iterator()(/mnt/d/docs/work/cangjie/projects/fountain/f_concurrent/src/LoadBalance.cj: 114)
        at fountain::f_net.client.MultiClient<...>::iterator()(/mnt/d/docs/work/cangjie/projects/fountain/f_net/src/client/MultiClient.cj: 218)
        at fountain::f_rpc.client.RPCClient::static.init::lambda.0()(/mnt/d/docs/work/cangjie/projects/fountain/f_rpc/src/client/RPCClient.cj.macrocall: 65)
[WARN-rpc]2026/09/06,13:26:07.112403674|25;error on RPCClient init
An exception has occured:
NoneValueException
        at std.collection.TreeMap<...>::forward(T0, Bool)(std/collection/tree_map.cj: 0)
        at fountain::f_concurrent.LoadBalance<...>::iterator()(/mnt/d/docs/work/cangjie/projects/fountain/f_concurrent/src/LoadBalance.cj: 114)
        at fountain::f_net.client.MultiClient<...>::iterator()(/mnt/d/docs/work/cangjie/projects/fountain/f_net/src/client/MultiClient.cj: 218)
        at fountain::f_rpc.client.RPCClient::static.init::lambda.0()(/mnt/d/docs/work/cangjie/projects/fountain/f_rpc/src/client/RPCClient.cj.macrocall: 65)
[WARN-rpc]2026/09/06,13:26:08.114006277|25;error on RPCClient init
An exception has occured:
NoneValueException
        at std.collection.TreeMap<...>::forward(T0, Bool)(std/collection/tree_map.cj: 0)
        at fountain::f_concurrent.LoadBalance<...>::iterator()(/mnt/d/docs/work/cangjie/projects/fountain/f_concurrent/src/LoadBalance.cj: 114)
        at fountain::f_net.client.MultiClient<...>::iterator()(/mnt/d/docs/work/cangjie/projects/fountain/f_net/src/client/MultiClient.cj: 218)
        at fountain::f_rpc.client.RPCClient::static.init::lambda.0()(/mnt/d/docs/work/cangjie/projects/fountain/f_rpc/src/client/RPCClient.cj.macrocall: 65)
[WARN-rpc]2026/09/06,13:26:09.116951711|25;error on RPCClient init
An exception has occured:
NoneValueException
        at std.collection.TreeMap<...>::forward(T0, Bool)(std/collection/tree_map.cj: 0)
        at fountain::f_concurrent.LoadBalance<...>::iterator()(/mnt/d/docs/work/cangjie/projects/fountain/f_concurrent/src/LoadBalance.cj: 114)
        at fountain::f_net.client.MultiClient<...>::iterator()(/mnt/d/docs/work/cangjie/projects/fountain/f_net/src/client/MultiClient.cj: 218)
        at fountain::f_rpc.client.RPCClient::static.init::lambda.0()(/mnt/d/docs/work/cangjie/projects/fountain/f_rpc/src/client/RPCClient.cj.macrocall: 65)
[WARN-rpc]2026/09/06,13:26:10.120258147|25;error on RPCClient init
An exception has occured:
NoneValueException
        at std.collection.TreeMap<...>::forward(T0, Bool)(std/collection/tree_map.cj: 0)
        at fountain::f_concurrent.LoadBalance<...>::iterator()(/mnt/d/docs/work/cangjie/projects/fountain/f_concurrent/src/LoadBalance.cj: 114)
        at fountain::f_net.client.MultiClient<...>::iterator()(/mnt/d/docs/work/cangjie/projects/fountain/f_net/src/client/MultiClient.cj: 218)
        at fountain::f_rpc.client.RPCClient::static.init::lambda.0()(/mnt/d/docs/work/cangjie/projects/fountain/f_rpc/src/client/RPCClient.cj.macrocall: 65)
[WARN-rpc]2026/09/06,13:26:11.122643565|25;error on RPCClient init
An exception has occured:
NoneValueException
        at std.collection.TreeMap<...>::forward(T0, Bool)(std/collection/tree_map.cj: 0)
        at fountain::f_concurrent.LoadBalance<...>::iterator()(/mnt/d/docs/work/cangjie/projects/fountain/f_concurrent/src/LoadBalance.cj: 114)
        at fountain::f_net.client.MultiClient<...>::iterator()(/mnt/d/docs/work/cangjie/projects/fountain/f_net/src/client/MultiClient.cj: 218)
        at fountain::f_rpc.client.RPCClient::static.init::lambda.0()(/mnt/d/docs/work/cangjie/projects/fountain/f_rpc/src/client/RPCClient.cj.macrocall: 65)
[WARN-rpc]2026/09/06,13:26:12.124594417|25;error on RPCClient init
An exception has occured:
NoneValueException
        at std.collection.TreeMap<...>::forward(T0, Bool)(std/collection/tree_map.cj: 0)
        at fountain::f_concurrent.LoadBalance<...>::iterator()(/mnt/d/docs/work/cangjie/projects/fountain/f_concurrent/src/LoadBalance.cj: 114)
        at fountain::f_net.client.MultiClient<...>::iterator()(/mnt/d/docs/work/cangjie/projects/fountain/f_net/src/client/MultiClient.cj: 218)
        at fountain::f_rpc.client.RPCClient::static.init::lambda.0()(/mnt/d/docs/work/cangjie/projects/fountain/f_rpc/src/client/RPCClient.cj.macrocall: 65)
[WARN-rpc]2026/09/06,13:26:13.128501928|25;error on RPCClient init
An exception has occured:
NoneValueException
        at std.collection.TreeMap<...>::forward(T0, Bool)(std/collection/tree_map.cj: 0)
        at fountain::f_concurrent.LoadBalance<...>::iterator()(/mnt/d/docs/work/cangjie/projects/fountain/f_concurrent/src/LoadBalance.cj: 114)
        at fountain::f_net.client.MultiClient<...>::iterator()(/mnt/d/docs/work/cangjie/projects/fountain/f_net/src/client/MultiClient.cj: 218)
        at fountain::f_rpc.client.RPCClient::static.init::lambda.0()(/mnt/d/docs/work/cangjie/projects/fountain/f_rpc/src/client/RPCClient.cj.macrocall: 65)
[WARN-rpc]2026/09/06,13:26:14.131301230|25;error on RPCClient init
An exception has occured:
NoneValueException
        at std.collection.TreeMap<...>::forward(T0, Bool)(std/collection/tree_map.cj: 0)
        at fountain::f_concurrent.LoadBalance<...>::iterator()(/mnt/d/docs/work/cangjie/projects/fountain/f_concurrent/src/LoadBalance.cj: 114)
        at fountain::f_net.client.MultiClient<...>::iterator()(/mnt/d/docs/work/cangjie/projects/fountain/f_net/src/client/MultiClient.cj: 218)
        at fountain::f_rpc.client.RPCClient::static.init::lambda.0()(/mnt/d/docs/work/cangjie/projects/fountain/f_rpc/src/client/RPCClient.cj.macrocall: 65)
[WARN-rpc]2026/09/06,13:26:15.133547795|25;error on RPCClient init
An exception has occured:
NoneValueException
        at std.collection.TreeMap<...>::forward(T0, Bool)(std/collection/tree_map.cj: 0)
        at fountain::f_concurrent.LoadBalance<...>::iterator()(/mnt/d/docs/work/cangjie/projects/fountain/f_concurrent/src/LoadBalance.cj: 114)
        at fountain::f_net.client.MultiClient<...>::iterator()(/mnt/d/docs/work/cangjie/projects/fountain/f_net/src/client/MultiClient.cj: 218)
        at fountain::f_rpc.client.RPCClient::static.init::lambda.0()(/mnt/d/docs/work/cangjie/projects/fountain/f_rpc/src/client/RPCClient.cj.macrocall: 65)
[WARN-rpc]2026/09/06,13:26:16.138112893|25;error on RPCClient init
An exception has occured:
NoneValueException
        at std.collection.TreeMap<...>::forward(T0, Bool)(std/collection/tree_map.cj: 0)
        at fountain::f_concurrent.LoadBalance<...>::iterator()(/mnt/d/docs/work/cangjie/projects/fountain/f_concurrent/src/LoadBalance.cj: 114)
        at fountain::f_net.client.MultiClient<...>::iterator()(/mnt/d/docs/work/cangjie/projects/fountain/f_net/src/client/MultiClient.cj: 218)
        at fountain::f_rpc.client.RPCClient::static.init::lambda.0()(/mnt/d/docs/work/cangjie/projects/fountain/f_rpc/src/client/RPCClient.cj.macrocall: 65)
[WARN-rpc]2026/09/06,13:26:17.140349866|25;error on RPCClient init
An exception has occured:
NoneValueException
        at std.collection.TreeMap<...>::forward(T0, Bool)(std/collection/tree_map.cj: 0)
        at fountain::f_concurrent.LoadBalance<...>::iterator()(/mnt/d/docs/work/cangjie/projects/fountain/f_concurrent/src/LoadBalance.cj: 114)
        at fountain::f_net.client.MultiClient<...>::iterator()(/mnt/d/docs/work/cangjie/projects/fountain/f_net/src/client/MultiClient.cj: 218)
        at fountain::f_rpc.client.RPCClient::static.init::lambda.0()(/mnt/d/docs/work/cangjie/projects/fountain/f_rpc/src/client/RPCClient.cj.macrocall: 65)
[WARN-rpc]2026/09/06,13:26:18.145575379|25;error on RPCClient init
An exception has occured:
NoneValueException
        at std.collection.TreeMap<...>::forward(T0, Bool)(std/collection/tree_map.cj: 0)
        at fountain::f_concurrent.LoadBalance<...>::iterator()(/mnt/d/docs/work/cangjie/projects/fountain/f_concurrent/src/LoadBalance.cj: 114)
        at fountain::f_net.client.MultiClient<...>::iterator()(/mnt/d/docs/work/cangjie/projects/fountain/f_net/src/client/MultiClient.cj: 218)
        at fountain::f_rpc.client.RPCClient::static.init::lambda.0()(/mnt/d/docs/work/cangjie/projects/fountain/f_rpc/src/client/RPCClient.cj.macrocall: 65)
[WARN-rpc]2026/09/06,13:26:19.148667161|25;error on RPCClient init
An exception has occured:
NoneValueException
        at std.collection.TreeMap<...>::forward(T0, Bool)(std/collection/tree_map.cj: 0)
        at fountain::f_concurrent.LoadBalance<...>::iterator()(/mnt/d/docs/work/cangjie/projects/fountain/f_concurrent/src/LoadBalance.cj: 114)
        at fountain::f_net.client.MultiClient<...>::iterator()(/mnt/d/docs/work/cangjie/projects/fountain/f_net/src/client/MultiClient.cj: 218)
        at fountain::f_rpc.client.RPCClient::static.init::lambda.0()(/mnt/d/docs/work/cangjie/projects/fountain/f_rpc/src/client/RPCClient.cj.macrocall: 65)
[WARN-rpc]2026/09/06,13:26:20.152618567|25;error on RPCClient init
An exception has occured:
NoneValueException
        at std.collection.TreeMap<...>::forward(T0, Bool)(std/collection/tree_map.cj: 0)
        at fountain::f_concurrent.LoadBalance<...>::iterator()(/mnt/d/docs/work/cangjie/projects/fountain/f_concurrent/src/LoadBalance.cj: 114)
        at fountain::f_net.client.MultiClient<...>::iterator()(/mnt/d/docs/work/cangjie/projects/fountain/f_net/src/client/MultiClient.cj: 218)
        at fountain::f_rpc.client.RPCClient::static.init::lambda.0()(/mnt/d/docs/work/cangjie/projects/fountain/f_rpc/src/client/RPCClient.cj.macrocall: 65)
[WARN-rpc]2026/09/06,13:26:21.156822349|25;error on RPCClient init
An exception has occured:
NoneValueException
        at std.collection.TreeMap<...>::forward(T0, Bool)(std/collection/tree_map.cj: 0)
        at fountain::f_concurrent.LoadBalance<...>::iterator()(/mnt/d/docs/work/cangjie/projects/fountain/f_concurrent/src/LoadBalance.cj: 114)
        at fountain::f_net.client.MultiClient<...>::iterator()(/mnt/d/docs/work/cangjie/projects/fountain/f_net/src/client/MultiClient.cj: 218)
        at fountain::f_rpc.client.RPCClient::static.init::lambda.0()(/mnt/d/docs/work/cangjie/projects/fountain/f_rpc/src/client/RPCClient.cj.macrocall: 65)
[WARN-rpc]2026/09/06,13:26:22.160239726|25;error on RPCClient init
An exception has occured:
NoneValueException
        at std.collection.TreeMap<...>::forward(T0, Bool)(std/collection/tree_map.cj: 0)
        at fountain::f_concurrent.LoadBalance<...>::iterator()(/mnt/d/docs/work/cangjie/projects/fountain/f_concurrent/src/LoadBalance.cj: 114)
        at fountain::f_net.client.MultiClient<...>::iterator()(/mnt/d/docs/work/cangjie/projects/fountain/f_net/src/client/MultiClient.cj: 218)
        at fountain::f_rpc.client.RPCClient::static.init::lambda.0()(/mnt/d/docs/work/cangjie/projects/fountain/f_rpc/src/client/RPCClient.cj.macrocall: 65)
[WARN-rpc]2026/09/06,13:26:23.163127431|25;error on RPCClient init
An exception has occured:
NoneValueException
        at std.collection.TreeMap<...>::forward(T0, Bool)(std/collection/tree_map.cj: 0)
        at fountain::f_concurrent.LoadBalance<...>::iterator()(/mnt/d/docs/work/cangjie/projects/fountain/f_concurrent/src/LoadBalance.cj: 114)
        at fountain::f_net.client.MultiClient<...>::iterator()(/mnt/d/docs/work/cangjie/projects/fountain/f_net/src/client/MultiClient.cj: 218)
        at fountain::f_rpc.client.RPCClient::static.init::lambda.0()(/mnt/d/docs/work/cangjie/projects/fountain/f_rpc/src/client/RPCClient.cj.macrocall: 65)
[WARN-rpc]2026/09/06,13:26:24.164906608|25;error on RPCClient init
An exception has occured:
NoneValueException
        at std.collection.TreeMap<...>::forward(T0, Bool)(std/collection/tree_map.cj: 0)
        at fountain::f_concurrent.LoadBalance<...>::iterator()(/mnt/d/docs/work/cangjie/projects/fountain/f_concurrent/src/LoadBalance.cj: 114)
        at fountain::f_net.client.MultiClient<...>::iterator()(/mnt/d/docs/work/cangjie/projects/fountain/f_net/src/client/MultiClient.cj: 218)
        at fountain::f_rpc.client.RPCClient::static.init::lambda.0()(/mnt/d/docs/work/cangjie/projects/fountain/f_rpc/src/client/RPCClient.cj.macrocall: 65)
[WARN-rpc]2026/09/06,13:26:25.166610759|25;error on RPCClient init
An exception has occured:
NoneValueException
        at std.collection.TreeMap<...>::forward(T0, Bool)(std/collection/tree_map.cj: 0)
        at fountain::f_concurrent.LoadBalance<...>::iterator()(/mnt/d/docs/work/cangjie/projects/fountain/f_concurrent/src/LoadBalance.cj: 114)
        at fountain::f_net.client.MultiClient<...>::iterator()(/mnt/d/docs/work/cangjie/projects/fountain/f_net/src/client/MultiClient.cj: 218)
        at fountain::f_rpc.client.RPCClient::static.init::lambda.0()(/mnt/d/docs/work/cangjie/projects/fountain/f_rpc/src/client/RPCClient.cj.macrocall: 65)
[WARN-rpc]2026/09/06,13:26:26.172010437|25;error on RPCClient init
An exception has occured:
NoneValueException
        at std.collection.TreeMap<...>::forward(T0, Bool)(std/collection/tree_map.cj: 0)
        at fountain::f_concurrent.LoadBalance<...>::iterator()(/mnt/d/docs/work/cangjie/projects/fountain/f_concurrent/src/LoadBalance.cj: 114)
        at fountain::f_net.client.MultiClient<...>::iterator()(/mnt/d/docs/work/cangjie/projects/fountain/f_net/src/client/MultiClient.cj: 218)
        at fountain::f_rpc.client.RPCClient::static.init::lambda.0()(/mnt/d/docs/work/cangjie/projects/fountain/f_rpc/src/client/RPCClient.cj.macrocall: 65)
[WARN-rpc]2026/09/06,13:26:27.173859358|25;error on RPCClient init
An exception has occured:
NoneValueException
        at std.collection.TreeMap<...>::forward(T0, Bool)(std/collection/tree_map.cj: 0)
        at fountain::f_concurrent.LoadBalance<...>::iterator()(/mnt/d/docs/work/cangjie/projects/fountain/f_concurrent/src/LoadBalance.cj: 114)
        at fountain::f_net.client.MultiClient<...>::iterator()(/mnt/d/docs/work/cangjie/projects/fountain/f_net/src/client/MultiClient.cj: 218)
        at fountain::f_rpc.client.RPCClient::static.init::lambda.0()(/mnt/d/docs/work/cangjie/projects/fountain/f_rpc/src/client/RPCClient.cj.macrocall: 65)
[WARN-rpc]2026/09/06,13:26:28.175787072|25;error on RPCClient init
An exception has occured:
NoneValueException
        at std.collection.TreeMap<...>::forward(T0, Bool)(std/collection/tree_map.cj: 0)
        at fountain::f_concurrent.LoadBalance<...>::iterator()(/mnt/d/docs/work/cangjie/projects/fountain/f_concurrent/src/LoadBalance.cj: 114)
        at fountain::f_net.client.MultiClient<...>::iterator()(/mnt/d/docs/work/cangjie/projects/fountain/f_net/src/client/MultiClient.cj: 218)
        at fountain::f_rpc.client.RPCClient::static.init::lambda.0()(/mnt/d/docs/work/cangjie/projects/fountain/f_rpc/src/client/RPCClient.cj.macrocall: 65)
[WARN-rpc]2026/09/06,13:26:29.179256127|25;error on RPCClient init
An exception has occured:
NoneValueException
        at std.collection.TreeMap<...>::forward(T0, Bool)(std/collection/tree_map.cj: 0)
        at fountain::f_concurrent.LoadBalance<...>::iterator()(/mnt/d/docs/work/cangjie/projects/fountain/f_concurrent/src/LoadBalance.cj: 114)
        at fountain::f_net.client.MultiClient<...>::iterator()(/mnt/d/docs/work/cangjie/projects/fountain/f_net/src/client/MultiClient.cj: 218)
        at fountain::f_rpc.client.RPCClient::static.init::lambda.0()(/mnt/d/docs/work/cangjie/projects/fountain/f_rpc/src/client/RPCClient.cj.macrocall: 65)
[WARN-rpc]2026/09/06,13:26:30.181175867|25;error on RPCClient init
An exception has occured:
NoneValueException
        at std.collection.TreeMap<...>::forward(T0, Bool)(std/collection/tree_map.cj: 0)
        at fountain::f_concurrent.LoadBalance<...>::iterator()(/mnt/d/docs/work/cangjie/projects/fountain/f_concurrent/src/LoadBalance.cj: 114)
        at fountain::f_net.client.MultiClient<...>::iterator()(/mnt/d/docs/work/cangjie/projects/fountain/f_net/src/client/MultiClient.cj: 218)
        at fountain::f_rpc.client.RPCClient::static.init::lambda.0()(/mnt/d/docs/work/cangjie/projects/fountain/f_rpc/src/client/RPCClient.cj.macrocall: 65)
[WARN-rpc]2026/09/06,13:26:31.183020904|25;error on RPCClient init
An exception has occured:
NoneValueException
        at std.collection.TreeMap<...>::forward(T0, Bool)(std/collection/tree_map.cj: 0)
        at fountain::f_concurrent.LoadBalance<...>::iterator()(/mnt/d/docs/work/cangjie/projects/fountain/f_concurrent/src/LoadBalance.cj: 114)
        at fountain::f_net.client.MultiClient<...>::iterator()(/mnt/d/docs/work/cangjie/projects/fountain/f_net/src/client/MultiClient.cj: 218)
        at fountain::f_rpc.client.RPCClient::static.init::lambda.0()(/mnt/d/docs/work/cangjie/projects/fountain/f_rpc/src/client/RPCClient.cj.macrocall: 65)
[WARN-rpc]2026/09/06,13:26:32.185638144|25;error on RPCClient init
An exception has occured:
NoneValueException
        at std.collection.TreeMap<...>::forward(T0, Bool)(std/collection/tree_map.cj: 0)
        at fountain::f_concurrent.LoadBalance<...>::iterator()(/mnt/d/docs/work/cangjie/projects/fountain/f_concurrent/src/LoadBalance.cj: 114)
        at fountain::f_net.client.MultiClient<...>::iterator()(/mnt/d/docs/work/cangjie/projects/fountain/f_net/src/client/MultiClient.cj: 218)
        at fountain::f_rpc.client.RPCClient::static.init::lambda.0()(/mnt/d/docs/work/cangjie/projects/fountain/f_rpc/src/client/RPCClient.cj.macrocall: 65)
[WARN-rpc]2026/09/06,13:26:33.187395821|25;error on RPCClient init
An exception has occured:
NoneValueException
        at std.collection.TreeMap<...>::forward(T0, Bool)(std/collection/tree_map.cj: 0)
        at fountain::f_concurrent.LoadBalance<...>::iterator()(/mnt/d/docs/work/cangjie/projects/fountain/f_concurrent/src/LoadBalance.cj: 114)
        at fountain::f_net.client.MultiClient<...>::iterator()(/mnt/d/docs/work/cangjie/projects/fountain/f_net/src/client/MultiClient.cj: 218)
        at fountain::f_rpc.client.RPCClient::static.init::lambda.0()(/mnt/d/docs/work/cangjie/projects/fountain/f_rpc/src/client/RPCClient.cj.macrocall: 65)
[WARN-rpc]2026/09/06,13:26:34.192192941|25;error on RPCClient init
An exception has occured:
NoneValueException
        at std.collection.TreeMap<...>::forward(T0, Bool)(std/collection/tree_map.cj: 0)
        at fountain::f_concurrent.LoadBalance<...>::iterator()(/mnt/d/docs/work/cangjie/projects/fountain/f_concurrent/src/LoadBalance.cj: 114)
        at fountain::f_net.client.MultiClient<...>::iterator()(/mnt/d/docs/work/cangjie/projects/fountain/f_net/src/client/MultiClient.cj: 218)
        at fountain::f_rpc.client.RPCClient::static.init::lambda.0()(/mnt/d/docs/work/cangjie/projects/fountain/f_rpc/src/client/RPCClient.cj.macrocall: 65)
[WARN-rpc]2026/09/06,13:26:35.193854040|25;error on RPCClient init
An exception has occured:
NoneValueException
        at std.collection.TreeMap<...>::forward(T0, Bool)(std/collection/tree_map.cj: 0)
        at fountain::f_concurrent.LoadBalance<...>::iterator()(/mnt/d/docs/work/cangjie/projects/fountain/f_concurrent/src/LoadBalance.cj: 114)
        at fountain::f_net.client.MultiClient<...>::iterator()(/mnt/d/docs/work/cangjie/projects/fountain/f_net/src/client/MultiClient.cj: 218)
        at fountain::f_rpc.client.RPCClient::static.init::lambda.0()(/mnt/d/docs/work/cangjie/projects/fountain/f_rpc/src/client/RPCClient.cj.macrocall: 65)
[WARN-rpc]2026/09/06,13:26:36.197460422|25;error on RPCClient init
An exception has occured:
NoneValueException
        at std.collection.TreeMap<...>::forward(T0, Bool)(std/collection/tree_map.cj: 0)
        at fountain::f_concurrent.LoadBalance<...>::iterator()(/mnt/d/docs/work/cangjie/projects/fountain/f_concurrent/src/LoadBalance.cj: 114)
        at fountain::f_net.client.MultiClient<...>::iterator()(/mnt/d/docs/work/cangjie/projects/fountain/f_net/src/client/MultiClient.cj: 218)
        at fountain::f_rpc.client.RPCClient::static.init::lambda.0()(/mnt/d/docs/work/cangjie/projects/fountain/f_rpc/src/client/RPCClient.cj.macrocall: 65)
[WARN-rpc]2026/09/06,13:26:37.199973382|25;error on RPCClient init
An exception has occured:
NoneValueException
        at std.collection.TreeMap<...>::forward(T0, Bool)(std/collection/tree_map.cj: 0)
        at fountain::f_concurrent.LoadBalance<...>::iterator()(/mnt/d/docs/work/cangjie/projects/fountain/f_concurrent/src/LoadBalance.cj: 114)
        at fountain::f_net.client.MultiClient<...>::iterator()(/mnt/d/docs/work/cangjie/projects/fountain/f_net/src/client/MultiClient.cj: 218)
        at fountain::f_rpc.client.RPCClient::static.init::lambda.0()(/mnt/d/docs/work/cangjie/projects/fountain/f_rpc/src/client/RPCClient.cj.macrocall: 65)
[WARN-rpc]2026/09/06,13:26:38.202023504|25;error on RPCClient init
An exception has occured:
NoneValueException
        at std.collection.TreeMap<...>::forward(T0, Bool)(std/collection/tree_map.cj: 0)
        at fountain::f_concurrent.LoadBalance<...>::iterator()(/mnt/d/docs/work/cangjie/projects/fountain/f_concurrent/src/LoadBalance.cj: 114)
        at fountain::f_net.client.MultiClient<...>::iterator()(/mnt/d/docs/work/cangjie/projects/fountain/f_net/src/client/MultiClient.cj: 218)
        at fountain::f_rpc.client.RPCClient::static.init::lambda.0()(/mnt/d/docs/work/cangjie/projects/fountain/f_rpc/src/client/RPCClient.cj.macrocall: 65)
[WARN-rpc]2026/09/06,13:26:39.204298626|25;error on RPCClient init
An exception has occured:
NoneValueException
        at std.collection.TreeMap<...>::forward(T0, Bool)(std/collection/tree_map.cj: 0)
        at fountain::f_concurrent.LoadBalance<...>::iterator()(/mnt/d/docs/work/cangjie/projects/fountain/f_concurrent/src/LoadBalance.cj: 114)
        at fountain::f_net.client.MultiClient<...>::iterator()(/mnt/d/docs/work/cangjie/projects/fountain/f_net/src/client/MultiClient.cj: 218)
        at fountain::f_rpc.client.RPCClient::static.init::lambda.0()(/mnt/d/docs/work/cangjie/projects/fountain/f_rpc/src/client/RPCClient.cj.macrocall: 65)
[WARN-rpc]2026/09/06,13:26:40.206281234|25;error on RPCClient init
An exception has occured:
NoneValueException
        at std.collection.TreeMap<...>::forward(T0, Bool)(std/collection/tree_map.cj: 0)
        at fountain::f_concurrent.LoadBalance<...>::iterator()(/mnt/d/docs/work/cangjie/projects/fountain/f_concurrent/src/LoadBalance.cj: 114)
        at fountain::f_net.client.MultiClient<...>::iterator()(/mnt/d/docs/work/cangjie/projects/fountain/f_net/src/client/MultiClient.cj: 218)
        at fountain::f_rpc.client.RPCClient::static.init::lambda.0()(/mnt/d/docs/work/cangjie/projects/fountain/f_rpc/src/client/RPCClient.cj.macrocall: 65)
[WARN-rpc]2026/09/06,13:26:41.209632704|25;error on RPCClient init
An exception has occured:
NoneValueException
        at std.collection.TreeMap<...>::forward(T0, Bool)(std/collection/tree_map.cj: 0)
        at fountain::f_concurrent.LoadBalance<...>::iterator()(/mnt/d/docs/work/cangjie/projects/fountain/f_concurrent/src/LoadBalance.cj: 114)
        at fountain::f_net.client.MultiClient<...>::iterator()(/mnt/d/docs/work/cangjie/projects/fountain/f_net/src/client/MultiClient.cj: 218)
        at fountain::f_rpc.client.RPCClient::static.init::lambda.0()(/mnt/d/docs/work/cangjie/projects/fountain/f_rpc/src/client/RPCClient.cj.macrocall: 65)
[WARN-rpc]2026/09/06,13:26:42.210855989|25;error on RPCClient init
An exception has occured:
NoneValueException
        at std.collection.TreeMap<...>::forward(T0, Bool)(std/collection/tree_map.cj: 0)
        at fountain::f_concurrent.LoadBalance<...>::iterator()(/mnt/d/docs/work/cangjie/projects/fountain/f_concurrent/src/LoadBalance.cj: 114)
        at fountain::f_net.client.MultiClient<...>::iterator()(/mnt/d/docs/work/cangjie/projects/fountain/f_net/src/client/MultiClient.cj: 218)
        at fountain::f_rpc.client.RPCClient::static.init::lambda.0()(/mnt/d/docs/work/cangjie/projects/fountain/f_rpc/src/client/RPCClient.cj.macrocall: 65)
[WARN-rpc]2026/09/06,13:26:43.213026532|25;error on RPCClient init
An exception has occured:
NoneValueException
        at std.collection.TreeMap<...>::forward(T0, Bool)(std/collection/tree_map.cj: 0)
        at fountain::f_concurrent.LoadBalance<...>::iterator()(/mnt/d/docs/work/cangjie/projects/fountain/f_concurrent/src/LoadBalance.cj: 114)
        at fountain::f_net.client.MultiClient<...>::iterator()(/mnt/d/docs/work/cangjie/projects/fountain/f_net/src/client/MultiClient.cj: 218)
        at fountain::f_rpc.client.RPCClient::static.init::lambda.0()(/mnt/d/docs/work/cangjie/projects/fountain/f_rpc/src/client/RPCClient.cj.macrocall: 65)
[WARN-rpc]2026/09/06,13:26:44.216536255|25;error on RPCClient init
An exception has occured:
NoneValueException
        at std.collection.TreeMap<...>::forward(T0, Bool)(std/collection/tree_map.cj: 0)
        at fountain::f_concurrent.LoadBalance<...>::iterator()(/mnt/d/docs/work/cangjie/projects/fountain/f_concurrent/src/LoadBalance.cj: 114)
        at fountain::f_net.client.MultiClient<...>::iterator()(/mnt/d/docs/work/cangjie/projects/fountain/f_net/src/client/MultiClient.cj: 218)
        at fountain::f_rpc.client.RPCClient::static.init::lambda.0()(/mnt/d/docs/work/cangjie/projects/fountain/f_rpc/src/client/RPCClient.cj.macrocall: 65)
[WARN-rpc]2026/09/06,13:26:45.219139724|25;error on RPCClient init
An exception has occured:
NoneValueException
        at std.collection.TreeMap<...>::forward(T0, Bool)(std/collection/tree_map.cj: 0)
        at fountain::f_concurrent.LoadBalance<...>::iterator()(/mnt/d/docs/work/cangjie/projects/fountain/f_concurrent/src/LoadBalance.cj: 114)
        at fountain::f_net.client.MultiClient<...>::iterator()(/mnt/d/docs/work/cangjie/projects/fountain/f_net/src/client/MultiClient.cj: 218)
        at fountain::f_rpc.client.RPCClient::static.init::lambda.0()(/mnt/d/docs/work/cangjie/projects/fountain/f_rpc/src/client/RPCClient.cj.macrocall: 65)
[WARN-rpc]2026/09/06,13:26:46.220698868|25;error on RPCClient init
An exception has occured:
NoneValueException
        at std.collection.TreeMap<...>::forward(T0, Bool)(std/collection/tree_map.cj: 0)
        at fountain::f_concurrent.LoadBalance<...>::iterator()(/mnt/d/docs/work/cangjie/projects/fountain/f_concurrent/src/LoadBalance.cj: 114)
        at fountain::f_net.client.MultiClient<...>::iterator()(/mnt/d/docs/work/cangjie/projects/fountain/f_net/src/client/MultiClient.cj: 218)
        at fountain::f_rpc.client.RPCClient::static.init::lambda.0()(/mnt/d/docs/work/cangjie/projects/fountain/f_rpc/src/client/RPCClient.cj.macrocall: 65)
[WARN-rpc]2026/09/06,13:26:47.222366176|25;error on RPCClient init
An exception has occured:
NoneValueException
        at std.collection.TreeMap<...>::forward(T0, Bool)(std/collection/tree_map.cj: 0)
        at fountain::f_concurrent.LoadBalance<...>::iterator()(/mnt/d/docs/work/cangjie/projects/fountain/f_concurrent/src/LoadBalance.cj: 114)
        at fountain::f_net.client.MultiClient<...>::iterator()(/mnt/d/docs/work/cangjie/projects/fountain/f_net/src/client/MultiClient.cj: 218)
        at fountain::f_rpc.client.RPCClient::static.init::lambda.0()(/mnt/d/docs/work/cangjie/projects/fountain/f_rpc/src/client/RPCClient.cj.macrocall: 65)
[WARN-rpc]2026/09/06,13:26:48.224424794|25;error on RPCClient init
An exception has occured:
NoneValueException
        at std.collection.TreeMap<...>::forward(T0, Bool)(std/collection/tree_map.cj: 0)
        at fountain::f_concurrent.LoadBalance<...>::iterator()(/mnt/d/docs/work/cangjie/projects/fountain/f_concurrent/src/LoadBalance.cj: 114)
        at fountain::f_net.client.MultiClient<...>::iterator()(/mnt/d/docs/work/cangjie/projects/fountain/f_net/src/client/MultiClient.cj: 218)
        at fountain::f_rpc.client.RPCClient::static.init::lambda.0()(/mnt/d/docs/work/cangjie/projects/fountain/f_rpc/src/client/RPCClient.cj.macrocall: 65)
[WARN-rpc]2026/09/06,13:26:49.226193347|25;error on RPCClient init
An exception has occured:
NoneValueException
        at std.collection.TreeMap<...>::forward(T0, Bool)(std/collection/tree_map.cj: 0)
        at fountain::f_concurrent.LoadBalance<...>::iterator()(/mnt/d/docs/work/cangjie/projects/fountain/f_concurrent/src/LoadBalance.cj: 114)
        at fountain::f_net.client.MultiClient<...>::iterator()(/mnt/d/docs/work/cangjie/projects/fountain/f_net/src/client/MultiClient.cj: 218)
        at fountain::f_rpc.client.RPCClient::static.init::lambda.0()(/mnt/d/docs/work/cangjie/projects/fountain/f_rpc/src/client/RPCClient.cj.macrocall: 65)
[WARN-rpc]2026/09/06,13:26:50.227829351|25;error on RPCClient init
An exception has occured:
NoneValueException
        at std.collection.TreeMap<...>::forward(T0, Bool)(std/collection/tree_map.cj: 0)
        at fountain::f_concurrent.LoadBalance<...>::iterator()(/mnt/d/docs/work/cangjie/projects/fountain/f_concurrent/src/LoadBalance.cj: 114)
        at fountain::f_net.client.MultiClient<...>::iterator()(/mnt/d/docs/work/cangjie/projects/fountain/f_net/src/client/MultiClient.cj: 218)
        at fountain::f_rpc.client.RPCClient::static.init::lambda.0()(/mnt/d/docs/work/cangjie/projects/fountain/f_rpc/src/client/RPCClient.cj.macrocall: 65)
[WARN-rpc]2026/09/06,13:26:51.229980259|25;error on RPCClient init
An exception has occured:
NoneValueException
        at std.collection.TreeMap<...>::forward(T0, Bool)(std/collection/tree_map.cj: 0)
        at fountain::f_concurrent.LoadBalance<...>::iterator()(/mnt/d/docs/work/cangjie/projects/fountain/f_concurrent/src/LoadBalance.cj: 114)
        at fountain::f_net.client.MultiClient<...>::iterator()(/mnt/d/docs/work/cangjie/projects/fountain/f_net/src/client/MultiClient.cj: 218)
        at fountain::f_rpc.client.RPCClient::static.init::lambda.0()(/mnt/d/docs/work/cangjie/projects/fountain/f_rpc/src/client/RPCClient.cj.macrocall: 65)
[WARN-rpc]2026/09/06,13:26:52.231831118|25;error on RPCClient init
An exception has occured:
NoneValueException
        at std.collection.TreeMap<...>::forward(T0, Bool)(std/collection/tree_map.cj: 0)
        at fountain::f_concurrent.LoadBalance<...>::iterator()(/mnt/d/docs/work/cangjie/projects/fountain/f_concurrent/src/LoadBalance.cj: 114)
        at fountain::f_net.client.MultiClient<...>::iterator()(/mnt/d/docs/work/cangjie/projects/fountain/f_net/src/client/MultiClient.cj: 218)
        at fountain::f_rpc.client.RPCClient::static.init::lambda.0()(/mnt/d/docs/work/cangjie/projects/fountain/f_rpc/src/client/RPCClient.cj.macrocall: 65)
[WARN-rpc]2026/09/06,13:26:53.234932402|25;error on RPCClient init
An exception has occured:
NoneValueException
        at std.collection.TreeMap<...>::forward(T0, Bool)(std/collection/tree_map.cj: 0)
        at fountain::f_concurrent.LoadBalance<...>::iterator()(/mnt/d/docs/work/cangjie/projects/fountain/f_concurrent/src/LoadBalance.cj: 114)
        at fountain::f_net.client.MultiClient<...>::iterator()(/mnt/d/docs/work/cangjie/projects/fountain/f_net/src/client/MultiClient.cj: 218)
        at fountain::f_rpc.client.RPCClient::static.init::lambda.0()(/mnt/d/docs/work/cangjie/projects/fountain/f_rpc/src/client/RPCClient.cj.macrocall: 65)
[WARN-rpc]2026/09/06,13:26:54.237204052|25;error on RPCClient init
An exception has occured:
NoneValueException
        at std.collection.TreeMap<...>::forward(T0, Bool)(std/collection/tree_map.cj: 0)
        at fountain::f_concurrent.LoadBalance<...>::iterator()(/mnt/d/docs/work/cangjie/projects/fountain/f_concurrent/src/LoadBalance.cj: 114)
        at fountain::f_net.client.MultiClient<...>::iterator()(/mnt/d/docs/work/cangjie/projects/fountain/f_net/src/client/MultiClient.cj: 218)
        at fountain::f_rpc.client.RPCClient::static.init::lambda.0()(/mnt/d/docs/work/cangjie/projects/fountain/f_rpc/src/client/RPCClient.cj.macrocall: 65)
[WARN-rpc]2026/09/06,13:26:55.238465844|25;error on RPCClient init
An exception has occured:
NoneValueException
        at std.collection.TreeMap<...>::forward(T0, Bool)(std/collection/tree_map.cj: 0)
        at fountain::f_concurrent.LoadBalance<...>::iterator()(/mnt/d/docs/work/cangjie/projects/fountain/f_concurrent/src/LoadBalance.cj: 114)
        at fountain::f_net.client.MultiClient<...>::iterator()(/mnt/d/docs/work/cangjie/projects/fountain/f_net/src/client/MultiClient.cj: 218)
        at fountain::f_rpc.client.RPCClient::static.init::lambda.0()(/mnt/d/docs/work/cangjie/projects/fountain/f_rpc/src/client/RPCClient.cj.macrocall: 65)
[WARN-rpc]2026/09/06,13:26:56.239960791|25;error on RPCClient init
An exception has occured:
NoneValueException
        at std.collection.TreeMap<...>::forward(T0, Bool)(std/collection/tree_map.cj: 0)
        at fountain::f_concurrent.LoadBalance<...>::iterator()(/mnt/d/docs/work/cangjie/projects/fountain/f_concurrent/src/LoadBalance.cj: 114)
        at fountain::f_net.client.MultiClient<...>::iterator()(/mnt/d/docs/work/cangjie/projects/fountain/f_net/src/client/MultiClient.cj: 218)
        at fountain::f_rpc.client.RPCClient::static.init::lambda.0()(/mnt/d/docs/work/cangjie/projects/fountain/f_rpc/src/client/RPCClient.cj.macrocall: 65)
[WARN-rpc]2026/09/06,13:26:57.241941380|25;error on RPCClient init
An exception has occured:
NoneValueException
        at std.collection.TreeMap<...>::forward(T0, Bool)(std/collection/tree_map.cj: 0)
        at fountain::f_concurrent.LoadBalance<...>::iterator()(/mnt/d/docs/work/cangjie/projects/fountain/f_concurrent/src/LoadBalance.cj: 114)
        at fountain::f_net.client.MultiClient<...>::iterator()(/mnt/d/docs/work/cangjie/projects/fountain/f_net/src/client/MultiClient.cj: 218)
        at fountain::f_rpc.client.RPCClient::static.init::lambda.0()(/mnt/d/docs/work/cangjie/projects/fountain/f_rpc/src/client/RPCClient.cj.macrocall: 65)
[WARN-rpc]2026/09/06,13:26:58.244674566|25;error on RPCClient init
An exception has occured:
NoneValueException
        at std.collection.TreeMap<...>::forward(T0, Bool)(std/collection/tree_map.cj: 0)
        at fountain::f_concurrent.LoadBalance<...>::iterator()(/mnt/d/docs/work/cangjie/projects/fountain/f_concurrent/src/LoadBalance.cj: 114)
        at fountain::f_net.client.MultiClient<...>::iterator()(/mnt/d/docs/work/cangjie/projects/fountain/f_net/src/client/MultiClient.cj: 218)
        at fountain::f_rpc.client.RPCClient::static.init::lambda.0()(/mnt/d/docs/work/cangjie/projects/fountain/f_rpc/src/client/RPCClient.cj.macrocall: 65)
[WARN-rpc]2026/09/06,13:26:59.246097495|25;error on RPCClient init
An exception has occured:
NoneValueException
        at std.collection.TreeMap<...>::forward(T0, Bool)(std/collection/tree_map.cj: 0)
        at fountain::f_concurrent.LoadBalance<...>::iterator()(/mnt/d/docs/work/cangjie/projects/fountain/f_concurrent/src/LoadBalance.cj: 114)
        at fountain::f_net.client.MultiClient<...>::iterator()(/mnt/d/docs/work/cangjie/projects/fountain/f_net/src/client/MultiClient.cj: 218)
        at fountain::f_rpc.client.RPCClient::static.init::lambda.0()(/mnt/d/docs/work/cangjie/projects/fountain/f_rpc/src/client/RPCClient.cj.macrocall: 65)
[WARN-rpc]2026/09/06,13:27:00.247718114|25;error on RPCClient init
An exception has occured:
NoneValueException
        at std.collection.TreeMap<...>::forward(T0, Bool)(std/collection/tree_map.cj: 0)
        at fountain::f_concurrent.LoadBalance<...>::iterator()(/mnt/d/docs/work/cangjie/projects/fountain/f_concurrent/src/LoadBalance.cj: 114)
        at fountain::f_net.client.MultiClient<...>::iterator()(/mnt/d/docs/work/cangjie/projects/fountain/f_net/src/client/MultiClient.cj: 218)
        at fountain::f_rpc.client.RPCClient::static.init::lambda.0()(/mnt/d/docs/work/cangjie/projects/fountain/f_rpc/src/client/RPCClient.cj.macrocall: 65)
[WARN-rpc]2026/09/06,13:27:01.249757325|25;error on RPCClient init
An exception has occured:
NoneValueException
        at std.collection.TreeMap<...>::forward(T0, Bool)(std/collection/tree_map.cj: 0)
        at fountain::f_concurrent.LoadBalance<...>::iterator()(/mnt/d/docs/work/cangjie/projects/fountain/f_concurrent/src/LoadBalance.cj: 114)
        at fountain::f_net.client.MultiClient<...>::iterator()(/mnt/d/docs/work/cangjie/projects/fountain/f_net/src/client/MultiClient.cj: 218)
        at fountain::f_rpc.client.RPCClient::static.init::lambda.0()(/mnt/d/docs/work/cangjie/projects/fountain/f_rpc/src/client/RPCClient.cj.macrocall: 65)
[WARN-rpc]2026/09/06,13:27:02.252861045|25;error on RPCClient init
An exception has occured:
NoneValueException
        at std.collection.TreeMap<...>::forward(T0, Bool)(std/collection/tree_map.cj: 0)
        at fountain::f_concurrent.LoadBalance<...>::iterator()(/mnt/d/docs/work/cangjie/projects/fountain/f_concurrent/src/LoadBalance.cj: 114)
        at fountain::f_net.client.MultiClient<...>::iterator()(/mnt/d/docs/work/cangjie/projects/fountain/f_net/src/client/MultiClient.cj: 218)
        at fountain::f_rpc.client.RPCClient::static.init::lambda.0()(/mnt/d/docs/work/cangjie/projects/fountain/f_rpc/src/client/RPCClient.cj.macrocall: 65)
[WARN-rpc]2026/09/06,13:27:03.256059480|25;error on RPCClient init
An exception has occured:
NoneValueException
        at std.collection.TreeMap<...>::forward(T0, Bool)(std/collection/tree_map.cj: 0)
        at fountain::f_concurrent.LoadBalance<...>::iterator()(/mnt/d/docs/work/cangjie/projects/fountain/f_concurrent/src/LoadBalance.cj: 114)
        at fountain::f_net.client.MultiClient<...>::iterator()(/mnt/d/docs/work/cangjie/projects/fountain/f_net/src/client/MultiClient.cj: 218)
        at fountain::f_rpc.client.RPCClient::static.init::lambda.0()(/mnt/d/docs/work/cangjie/projects/fountain/f_rpc/src/client/RPCClient.cj.macrocall: 65)
[WARN-rpc]2026/09/06,13:27:04.257762608|25;error on RPCClient init
An exception has occured:
NoneValueException
        at std.collection.TreeMap<...>::forward(T0, Bool)(std/collection/tree_map.cj: 0)
        at fountain::f_concurrent.LoadBalance<...>::iterator()(/mnt/d/docs/work/cangjie/projects/fountain/f_concurrent/src/LoadBalance.cj: 114)
        at fountain::f_net.client.MultiClient<...>::iterator()(/mnt/d/docs/work/cangjie/projects/fountain/f_net/src/client/MultiClient.cj: 218)
        at fountain::f_rpc.client.RPCClient::static.init::lambda.0()(/mnt/d/docs/work/cangjie/projects/fountain/f_rpc/src/client/RPCClient.cj.macrocall: 65)
[WARN-rpc]2026/09/06,13:27:05.259776717|25;error on RPCClient init
An exception has occured:
NoneValueException
        at std.collection.TreeMap<...>::forward(T0, Bool)(std/collection/tree_map.cj: 0)
        at fountain::f_concurrent.LoadBalance<...>::iterator()(/mnt/d/docs/work/cangjie/projects/fountain/f_concurrent/src/LoadBalance.cj: 114)
        at fountain::f_net.client.MultiClient<...>::iterator()(/mnt/d/docs/work/cangjie/projects/fountain/f_net/src/client/MultiClient.cj: 218)
        at fountain::f_rpc.client.RPCClient::static.init::lambda.0()(/mnt/d/docs/work/cangjie/projects/fountain/f_rpc/src/client/RPCClient.cj.macrocall: 65)
[WARN-rpc]2026/09/06,13:27:06.261975699|25;error on RPCClient init
An exception has occured:
NoneValueException
        at std.collection.TreeMap<...>::forward(T0, Bool)(std/collection/tree_map.cj: 0)
        at fountain::f_concurrent.LoadBalance<...>::iterator()(/mnt/d/docs/work/cangjie/projects/fountain/f_concurrent/src/LoadBalance.cj: 114)
        at fountain::f_net.client.MultiClient<...>::iterator()(/mnt/d/docs/work/cangjie/projects/fountain/f_net/src/client/MultiClient.cj: 218)
        at fountain::f_rpc.client.RPCClient::static.init::lambda.0()(/mnt/d/docs/work/cangjie/projects/fountain/f_rpc/src/client/RPCClient.cj.macrocall: 65)
[WARN-rpc]2026/09/06,13:27:07.264247167|25;error on RPCClient init
An exception has occured:
NoneValueException
        at std.collection.TreeMap<...>::forward(T0, Bool)(std/collection/tree_map.cj: 0)
        at fountain::f_concurrent.LoadBalance<...>::iterator()(/mnt/d/docs/work/cangjie/projects/fountain/f_concurrent/src/LoadBalance.cj: 114)
        at fountain::f_net.client.MultiClient<...>::iterator()(/mnt/d/docs/work/cangjie/projects/fountain/f_net/src/client/MultiClient.cj: 218)
        at fountain::f_rpc.client.RPCClient::static.init::lambda.0()(/mnt/d/docs/work/cangjie/projects/fountain/f_rpc/src/client/RPCClient.cj.macrocall: 65)
[WARN-rpc]2026/09/06,13:27:08.267193849|25;error on RPCClient init
An exception has occured:
NoneValueException
        at std.collection.TreeMap<...>::forward(T0, Bool)(std/collection/tree_map.cj: 0)
        at fountain::f_concurrent.LoadBalance<...>::iterator()(/mnt/d/docs/work/cangjie/projects/fountain/f_concurrent/src/LoadBalance.cj: 114)
        at fountain::f_net.client.MultiClient<...>::iterator()(/mnt/d/docs/work/cangjie/projects/fountain/f_net/src/client/MultiClient.cj: 218)
        at fountain::f_rpc.client.RPCClient::static.init::lambda.0()(/mnt/d/docs/work/cangjie/projects/fountain/f_rpc/src/client/RPCClient.cj.macrocall: 65)
[WARN-rpc]2026/09/06,13:27:09.269054959|25;error on RPCClient init
An exception has occured:
NoneValueException
        at std.collection.TreeMap<...>::forward(T0, Bool)(std/collection/tree_map.cj: 0)
        at fountain::f_concurrent.LoadBalance<...>::iterator()(/mnt/d/docs/work/cangjie/projects/fountain/f_concurrent/src/LoadBalance.cj: 114)
        at fountain::f_net.client.MultiClient<...>::iterator()(/mnt/d/docs/work/cangjie/projects/fountain/f_net/src/client/MultiClient.cj: 218)
        at fountain::f_rpc.client.RPCClient::static.init::lambda.0()(/mnt/d/docs/work/cangjie/projects/fountain/f_rpc/src/client/RPCClient.cj.macrocall: 65)
[WARN-rpc]2026/09/06,13:27:10.271151816|25;error on RPCClient init
An exception has occured:
NoneValueException
        at std.collection.TreeMap<...>::forward(T0, Bool)(std/collection/tree_map.cj: 0)
        at fountain::f_concurrent.LoadBalance<...>::iterator()(/mnt/d/docs/work/cangjie/projects/fountain/f_concurrent/src/LoadBalance.cj: 114)
        at fountain::f_net.client.MultiClient<...>::iterator()(/mnt/d/docs/work/cangjie/projects/fountain/f_net/src/client/MultiClient.cj: 218)
        at fountain::f_rpc.client.RPCClient::static.init::lambda.0()(/mnt/d/docs/work/cangjie/projects/fountain/f_rpc/src/client/RPCClient.cj.macrocall: 65)
[WARN-rpc]2026/09/06,13:27:11.272941992|25;error on RPCClient init
An exception has occured:
NoneValueException
        at std.collection.TreeMap<...>::forward(T0, Bool)(std/collection/tree_map.cj: 0)
        at fountain::f_concurrent.LoadBalance<...>::iterator()(/mnt/d/docs/work/cangjie/projects/fountain/f_concurrent/src/LoadBalance.cj: 114)
        at fountain::f_net.client.MultiClient<...>::iterator()(/mnt/d/docs/work/cangjie/projects/fountain/f_net/src/client/MultiClient.cj: 218)
        at fountain::f_rpc.client.RPCClient::static.init::lambda.0()(/mnt/d/docs/work/cangjie/projects/fountain/f_rpc/src/client/RPCClient.cj.macrocall: 65)
[WARN-rpc]2026/09/06,13:27:12.275213463|25;error on RPCClient init
An exception has occured:
NoneValueException
        at std.collection.TreeMap<...>::forward(T0, Bool)(std/collection/tree_map.cj: 0)
        at fountain::f_concurrent.LoadBalance<...>::iterator()(/mnt/d/docs/work/cangjie/projects/fountain/f_concurrent/src/LoadBalance.cj: 114)
        at fountain::f_net.client.MultiClient<...>::iterator()(/mnt/d/docs/work/cangjie/projects/fountain/f_net/src/client/MultiClient.cj: 218)
        at fountain::f_rpc.client.RPCClient::static.init::lambda.0()(/mnt/d/docs/work/cangjie/projects/fountain/f_rpc/src/client/RPCClient.cj.macrocall: 65)
[WARN-rpc]2026/09/06,13:27:13.277380646|25;error on RPCClient init
An exception has occured:
NoneValueException
        at std.collection.TreeMap<...>::forward(T0, Bool)(std/collection/tree_map.cj: 0)
        at fountain::f_concurrent.LoadBalance<...>::iterator()(/mnt/d/docs/work/cangjie/projects/fountain/f_concurrent/src/LoadBalance.cj: 114)
        at fountain::f_net.client.MultiClient<...>::iterator()(/mnt/d/docs/work/cangjie/projects/fountain/f_net/src/client/MultiClient.cj: 218)
        at fountain::f_rpc.client.RPCClient::static.init::lambda.0()(/mnt/d/docs/work/cangjie/projects/fountain/f_rpc/src/client/RPCClient.cj.macrocall: 65)
[WARN-rpc]2026/09/06,13:27:14.279839552|25;error on RPCClient init
An exception has occured:
NoneValueException
        at std.collection.TreeMap<...>::forward(T0, Bool)(std/collection/tree_map.cj: 0)
        at fountain::f_concurrent.LoadBalance<...>::iterator()(/mnt/d/docs/work/cangjie/projects/fountain/f_concurrent/src/LoadBalance.cj: 114)
        at fountain::f_net.client.MultiClient<...>::iterator()(/mnt/d/docs/work/cangjie/projects/fountain/f_net/src/client/MultiClient.cj: 218)
        at fountain::f_rpc.client.RPCClient::static.init::lambda.0()(/mnt/d/docs/work/cangjie/projects/fountain/f_rpc/src/client/RPCClient.cj.macrocall: 65)
[WARN-rpc]2026/09/06,13:27:15.282289048|25;error on RPCClient init
An exception has occured:
NoneValueException
        at std.collection.TreeMap<...>::forward(T0, Bool)(std/collection/tree_map.cj: 0)
        at fountain::f_concurrent.LoadBalance<...>::iterator()(/mnt/d/docs/work/cangjie/projects/fountain/f_concurrent/src/LoadBalance.cj: 114)
        at fountain::f_net.client.MultiClient<...>::iterator()(/mnt/d/docs/work/cangjie/projects/fountain/f_net/src/client/MultiClient.cj: 218)
        at fountain::f_rpc.client.RPCClient::static.init::lambda.0()(/mnt/d/docs/work/cangjie/projects/fountain/f_rpc/src/client/RPCClient.cj.macrocall: 65)
[WARN-rpc]2026/09/06,13:27:16.283896140|25;error on RPCClient init
An exception has occured:
NoneValueException
        at std.collection.TreeMap<...>::forward(T0, Bool)(std/collection/tree_map.cj: 0)
        at fountain::f_concurrent.LoadBalance<...>::iterator()(/mnt/d/docs/work/cangjie/projects/fountain/f_concurrent/src/LoadBalance.cj: 114)
        at fountain::f_net.client.MultiClient<...>::iterator()(/mnt/d/docs/work/cangjie/projects/fountain/f_net/src/client/MultiClient.cj: 218)
        at fountain::f_rpc.client.RPCClient::static.init::lambda.0()(/mnt/d/docs/work/cangjie/projects/fountain/f_rpc/src/client/RPCClient.cj.macrocall: 65)
[WARN-rpc]2026/09/06,13:27:17.286012998|25;error on RPCClient init
An exception has occured:
NoneValueException
        at std.collection.TreeMap<...>::forward(T0, Bool)(std/collection/tree_map.cj: 0)
        at fountain::f_concurrent.LoadBalance<...>::iterator()(/mnt/d/docs/work/cangjie/projects/fountain/f_concurrent/src/LoadBalance.cj: 114)
        at fountain::f_net.client.MultiClient<...>::iterator()(/mnt/d/docs/work/cangjie/projects/fountain/f_net/src/client/MultiClient.cj: 218)
        at fountain::f_rpc.client.RPCClient::static.init::lambda.0()(/mnt/d/docs/work/cangjie/projects/fountain/f_rpc/src/client/RPCClient.cj.macrocall: 65)
[WARN-rpc]2026/09/06,13:27:18.287507561|25;error on RPCClient init
An exception has occured:
NoneValueException
        at std.collection.TreeMap<...>::forward(T0, Bool)(std/collection/tree_map.cj: 0)
        at fountain::f_concurrent.LoadBalance<...>::iterator()(/mnt/d/docs/work/cangjie/projects/fountain/f_concurrent/src/LoadBalance.cj: 114)
        at fountain::f_net.client.MultiClient<...>::iterator()(/mnt/d/docs/work/cangjie/projects/fountain/f_net/src/client/MultiClient.cj: 218)
        at fountain::f_rpc.client.RPCClient::static.init::lambda.0()(/mnt/d/docs/work/cangjie/projects/fountain/f_rpc/src/client/RPCClient.cj.macrocall: 65)
[WARN-rpc]2026/09/06,13:27:19.289187904|25;error on RPCClient init
An exception has occured:
NoneValueException
        at std.collection.TreeMap<...>::forward(T0, Bool)(std/collection/tree_map.cj: 0)
        at fountain::f_concurrent.LoadBalance<...>::iterator()(/mnt/d/docs/work/cangjie/projects/fountain/f_concurrent/src/LoadBalance.cj: 114)
        at fountain::f_net.client.MultiClient<...>::iterator()(/mnt/d/docs/work/cangjie/projects/fountain/f_net/src/client/MultiClient.cj: 218)
        at fountain::f_rpc.client.RPCClient::static.init::lambda.0()(/mnt/d/docs/work/cangjie/projects/fountain/f_rpc/src/client/RPCClient.cj.macrocall: 65)
[WARN-rpc]2026/09/06,13:27:20.291334262|25;error on RPCClient init
An exception has occured:
NoneValueException
        at std.collection.TreeMap<...>::forward(T0, Bool)(std/collection/tree_map.cj: 0)
        at fountain::f_concurrent.LoadBalance<...>::iterator()(/mnt/d/docs/work/cangjie/projects/fountain/f_concurrent/src/LoadBalance.cj: 114)
        at fountain::f_net.client.MultiClient<...>::iterator()(/mnt/d/docs/work/cangjie/projects/fountain/f_net/src/client/MultiClient.cj: 218)
        at fountain::f_rpc.client.RPCClient::static.init::lambda.0()(/mnt/d/docs/work/cangjie/projects/fountain/f_rpc/src/client/RPCClient.cj.macrocall: 65)
[WARN-rpc]2026/09/06,13:27:21.293543624|25;error on RPCClient init
An exception has occured:
NoneValueException
        at std.collection.TreeMap<...>::forward(T0, Bool)(std/collection/tree_map.cj: 0)
        at fountain::f_concurrent.LoadBalance<...>::iterator()(/mnt/d/docs/work/cangjie/projects/fountain/f_concurrent/src/LoadBalance.cj: 114)
        at fountain::f_net.client.MultiClient<...>::iterator()(/mnt/d/docs/work/cangjie/projects/fountain/f_net/src/client/MultiClient.cj: 218)
        at fountain::f_rpc.client.RPCClient::static.init::lambda.0()(/mnt/d/docs/work/cangjie/projects/fountain/f_rpc/src/client/RPCClient.cj.macrocall: 65)
[WARN-rpc]2026/09/06,13:27:22.294745860|25;error on RPCClient init
An exception has occured:
NoneValueException
        at std.collection.TreeMap<...>::forward(T0, Bool)(std/collection/tree_map.cj: 0)
        at fountain::f_concurrent.LoadBalance<...>::iterator()(/mnt/d/docs/work/cangjie/projects/fountain/f_concurrent/src/LoadBalance.cj: 114)
        at fountain::f_net.client.MultiClient<...>::iterator()(/mnt/d/docs/work/cangjie/projects/fountain/f_net/src/client/MultiClient.cj: 218)
        at fountain::f_rpc.client.RPCClient::static.init::lambda.0()(/mnt/d/docs/work/cangjie/projects/fountain/f_rpc/src/client/RPCClient.cj.macrocall: 65)
[WARN-rpc]2026/09/06,13:27:23.297164488|25;error on RPCClient init
An exception has occured:
NoneValueException
        at std.collection.TreeMap<...>::forward(T0, Bool)(std/collection/tree_map.cj: 0)
        at fountain::f_concurrent.LoadBalance<...>::iterator()(/mnt/d/docs/work/cangjie/projects/fountain/f_concurrent/src/LoadBalance.cj: 114)
        at fountain::f_net.client.MultiClient<...>::iterator()(/mnt/d/docs/work/cangjie/projects/fountain/f_net/src/client/MultiClient.cj: 218)
        at fountain::f_rpc.client.RPCClient::static.init::lambda.0()(/mnt/d/docs/work/cangjie/projects/fountain/f_rpc/src/client/RPCClient.cj.macrocall: 65)
[WARN-rpc]2026/09/06,13:27:24.299357192|25;error on RPCClient init
An exception has occured:
NoneValueException
        at std.collection.TreeMap<...>::forward(T0, Bool)(std/collection/tree_map.cj: 0)
        at fountain::f_concurrent.LoadBalance<...>::iterator()(/mnt/d/docs/work/cangjie/projects/fountain/f_concurrent/src/LoadBalance.cj: 114)
        at fountain::f_net.client.MultiClient<...>::iterator()(/mnt/d/docs/work/cangjie/projects/fountain/f_net/src/client/MultiClient.cj: 218)
        at fountain::f_rpc.client.RPCClient::static.init::lambda.0()(/mnt/d/docs/work/cangjie/projects/fountain/f_rpc/src/client/RPCClient.cj.macrocall: 65)
[WARN-rpc]2026/09/06,13:27:25.300964487|25;error on RPCClient init
An exception has occured:
NoneValueException
        at std.collection.TreeMap<...>::forward(T0, Bool)(std/collection/tree_map.cj: 0)
        at fountain::f_concurrent.LoadBalance<...>::iterator()(/mnt/d/docs/work/cangjie/projects/fountain/f_concurrent/src/LoadBalance.cj: 114)
        at fountain::f_net.client.MultiClient<...>::iterator()(/mnt/d/docs/work/cangjie/projects/fountain/f_net/src/client/MultiClient.cj: 218)
        at fountain::f_rpc.client.RPCClient::static.init::lambda.0()(/mnt/d/docs/work/cangjie/projects/fountain/f_rpc/src/client/RPCClient.cj.macrocall: 65)
[WARN-rpc]2026/09/06,13:27:26.304170983|25;error on RPCClient init
An exception has occured:
NoneValueException
        at std.collection.TreeMap<...>::forward(T0, Bool)(std/collection/tree_map.cj: 0)
        at fountain::f_concurrent.LoadBalance<...>::iterator()(/mnt/d/docs/work/cangjie/projects/fountain/f_concurrent/src/LoadBalance.cj: 114)
        at fountain::f_net.client.MultiClient<...>::iterator()(/mnt/d/docs/work/cangjie/projects/fountain/f_net/src/client/MultiClient.cj: 218)
        at fountain::f_rpc.client.RPCClient::static.init::lambda.0()(/mnt/d/docs/work/cangjie/projects/fountain/f_rpc/src/client/RPCClient.cj.macrocall: 65)
[WARN-rpc]2026/09/06,13:27:27.308031974|25;error on RPCClient init
An exception has occured:
NoneValueException
        at std.collection.TreeMap<...>::forward(T0, Bool)(std/collection/tree_map.cj: 0)
        at fountain::f_concurrent.LoadBalance<...>::iterator()(/mnt/d/docs/work/cangjie/projects/fountain/f_concurrent/src/LoadBalance.cj: 114)
        at fountain::f_net.client.MultiClient<...>::iterator()(/mnt/d/docs/work/cangjie/projects/fountain/f_net/src/client/MultiClient.cj: 218)
        at fountain::f_rpc.client.RPCClient::static.init::lambda.0()(/mnt/d/docs/work/cangjie/projects/fountain/f_rpc/src/client/RPCClient.cj.macrocall: 65)
[WARN-rpc]2026/09/06,13:27:28.309464754|25;error on RPCClient init
An exception has occured:
NoneValueException
        at std.collection.TreeMap<...>::forward(T0, Bool)(std/collection/tree_map.cj: 0)
        at fountain::f_concurrent.LoadBalance<...>::iterator()(/mnt/d/docs/work/cangjie/projects/fountain/f_concurrent/src/LoadBalance.cj: 114)
        at fountain::f_net.client.MultiClient<...>::iterator()(/mnt/d/docs/work/cangjie/projects/fountain/f_net/src/client/MultiClient.cj: 218)
        at fountain::f_rpc.client.RPCClient::static.init::lambda.0()(/mnt/d/docs/work/cangjie/projects/fountain/f_rpc/src/client/RPCClient.cj.macrocall: 65)
[WARN-rpc]2026/09/06,13:27:29.312593336|25;error on RPCClient init
An exception has occured:
NoneValueException
        at std.collection.TreeMap<...>::forward(T0, Bool)(std/collection/tree_map.cj: 0)
        at fountain::f_concurrent.LoadBalance<...>::iterator()(/mnt/d/docs/work/cangjie/projects/fountain/f_concurrent/src/LoadBalance.cj: 114)
        at fountain::f_net.client.MultiClient<...>::iterator()(/mnt/d/docs/work/cangjie/projects/fountain/f_net/src/client/MultiClient.cj: 218)
        at fountain::f_rpc.client.RPCClient::static.init::lambda.0()(/mnt/d/docs/work/cangjie/projects/fountain/f_rpc/src/client/RPCClient.cj.macrocall: 65)
[WARN-rpc]2026/09/06,13:27:30.313839938|25;error on RPCClient init
An exception has occured:
NoneValueException
        at std.collection.TreeMap<...>::forward(T0, Bool)(std/collection/tree_map.cj: 0)
        at fountain::f_concurrent.LoadBalance<...>::iterator()(/mnt/d/docs/work/cangjie/projects/fountain/f_concurrent/src/LoadBalance.cj: 114)
        at fountain::f_net.client.MultiClient<...>::iterator()(/mnt/d/docs/work/cangjie/projects/fountain/f_net/src/client/MultiClient.cj: 218)
        at fountain::f_rpc.client.RPCClient::static.init::lambda.0()(/mnt/d/docs/work/cangjie/projects/fountain/f_rpc/src/client/RPCClient.cj.macrocall: 65)
[WARN-rpc]2026/09/06,13:27:31.315510914|25;error on RPCClient init
An exception has occured:
NoneValueException
        at std.collection.TreeMap<...>::forward(T0, Bool)(std/collection/tree_map.cj: 0)
        at fountain::f_concurrent.LoadBalance<...>::iterator()(/mnt/d/docs/work/cangjie/projects/fountain/f_concurrent/src/LoadBalance.cj: 114)
        at fountain::f_net.client.MultiClient<...>::iterator()(/mnt/d/docs/work/cangjie/projects/fountain/f_net/src/client/MultiClient.cj: 218)
        at fountain::f_rpc.client.RPCClient::static.init::lambda.0()(/mnt/d/docs/work/cangjie/projects/fountain/f_rpc/src/client/RPCClient.cj.macrocall: 65)
[WARN-rpc]2026/09/06,13:27:32.316535152|25;error on RPCClient init
An exception has occured:
NoneValueException
        at std.collection.TreeMap<...>::forward(T0, Bool)(std/collection/tree_map.cj: 0)
        at fountain::f_concurrent.LoadBalance<...>::iterator()(/mnt/d/docs/work/cangjie/projects/fountain/f_concurrent/src/LoadBalance.cj: 114)
        at fountain::f_net.client.MultiClient<...>::iterator()(/mnt/d/docs/work/cangjie/projects/fountain/f_net/src/client/MultiClient.cj: 218)
        at fountain::f_rpc.client.RPCClient::static.init::lambda.0()(/mnt/d/docs/work/cangjie/projects/fountain/f_rpc/src/client/RPCClient.cj.macrocall: 65)
[WARN-rpc]2026/09/06,13:27:33.317489581|25;error on RPCClient init
An exception has occured:
NoneValueException
        at std.collection.TreeMap<...>::forward(T0, Bool)(std/collection/tree_map.cj: 0)
        at fountain::f_concurrent.LoadBalance<...>::iterator()(/mnt/d/docs/work/cangjie/projects/fountain/f_concurrent/src/LoadBalance.cj: 114)
        at fountain::f_net.client.MultiClient<...>::iterator()(/mnt/d/docs/work/cangjie/projects/fountain/f_net/src/client/MultiClient.cj: 218)
        at fountain::f_rpc.client.RPCClient::static.init::lambda.0()(/mnt/d/docs/work/cangjie/projects/fountain/f_rpc/src/client/RPCClient.cj.macrocall: 65)
[WARN-rpc]2026/09/06,13:27:34.318836252|25;error on RPCClient init
An exception has occured:
NoneValueException
        at std.collection.TreeMap<...>::forward(T0, Bool)(std/collection/tree_map.cj: 0)
        at fountain::f_concurrent.LoadBalance<...>::iterator()(/mnt/d/docs/work/cangjie/projects/fountain/f_concurrent/src/LoadBalance.cj: 114)
        at fountain::f_net.client.MultiClient<...>::iterator()(/mnt/d/docs/work/cangjie/projects/fountain/f_net/src/client/MultiClient.cj: 218)
        at fountain::f_rpc.client.RPCClient::static.init::lambda.0()(/mnt/d/docs/work/cangjie/projects/fountain/f_rpc/src/client/RPCClient.cj.macrocall: 65)
[WARN-rpc]2026/09/06,13:27:35.320362584|25;error on RPCClient init
An exception has occured:
NoneValueException
        at std.collection.TreeMap<...>::forward(T0, Bool)(std/collection/tree_map.cj: 0)
        at fountain::f_concurrent.LoadBalance<...>::iterator()(/mnt/d/docs/work/cangjie/projects/fountain/f_concurrent/src/LoadBalance.cj: 114)
        at fountain::f_net.client.MultiClient<...>::iterator()(/mnt/d/docs/work/cangjie/projects/fountain/f_net/src/client/MultiClient.cj: 218)
        at fountain::f_rpc.client.RPCClient::static.init::lambda.0()(/mnt/d/docs/work/cangjie/projects/fountain/f_rpc/src/client/RPCClient.cj.macrocall: 65)
[WARN-rpc]2026/09/06,13:27:36.323284577|25;error on RPCClient init
An exception has occured:
NoneValueException
        at std.collection.TreeMap<...>::forward(T0, Bool)(std/collection/tree_map.cj: 0)
        at fountain::f_concurrent.LoadBalance<...>::iterator()(/mnt/d/docs/work/cangjie/projects/fountain/f_concurrent/src/LoadBalance.cj: 114)
        at fountain::f_net.client.MultiClient<...>::iterator()(/mnt/d/docs/work/cangjie/projects/fountain/f_net/src/client/MultiClient.cj: 218)
        at fountain::f_rpc.client.RPCClient::static.init::lambda.0()(/mnt/d/docs/work/cangjie/projects/fountain/f_rpc/src/client/RPCClient.cj.macrocall: 65)
[WARN-rpc]2026/09/06,13:27:37.326532088|25;error on RPCClient init
An exception has occured:
NoneValueException
        at std.collection.TreeMap<...>::forward(T0, Bool)(std/collection/tree_map.cj: 0)
        at fountain::f_concurrent.LoadBalance<...>::iterator()(/mnt/d/docs/work/cangjie/projects/fountain/f_concurrent/src/LoadBalance.cj: 114)
        at fountain::f_net.client.MultiClient<...>::iterator()(/mnt/d/docs/work/cangjie/projects/fountain/f_net/src/client/MultiClient.cj: 218)
        at fountain::f_rpc.client.RPCClient::static.init::lambda.0()(/mnt/d/docs/work/cangjie/projects/fountain/f_rpc/src/client/RPCClient.cj.macrocall: 65)
[WARN-rpc]2026/09/06,13:27:38.327865601|25;error on RPCClient init
An exception has occured:
NoneValueException
        at std.collection.TreeMap<...>::forward(T0, Bool)(std/collection/tree_map.cj: 0)
        at fountain::f_concurrent.LoadBalance<...>::iterator()(/mnt/d/docs/work/cangjie/projects/fountain/f_concurrent/src/LoadBalance.cj: 114)
        at fountain::f_net.client.MultiClient<...>::iterator()(/mnt/d/docs/work/cangjie/projects/fountain/f_net/src/client/MultiClient.cj: 218)
        at fountain::f_rpc.client.RPCClient::static.init::lambda.0()(/mnt/d/docs/work/cangjie/projects/fountain/f_rpc/src/client/RPCClient.cj.macrocall: 65)
[WARN-rpc]2026/09/06,13:27:39.330649104|25;error on RPCClient init
An exception has occured:
NoneValueException
        at std.collection.TreeMap<...>::forward(T0, Bool)(std/collection/tree_map.cj: 0)
        at fountain::f_concurrent.LoadBalance<...>::iterator()(/mnt/d/docs/work/cangjie/projects/fountain/f_concurrent/src/LoadBalance.cj: 114)
        at fountain::f_net.client.MultiClient<...>::iterator()(/mnt/d/docs/work/cangjie/projects/fountain/f_net/src/client/MultiClient.cj: 218)
        at fountain::f_rpc.client.RPCClient::static.init::lambda.0()(/mnt/d/docs/work/cangjie/projects/fountain/f_rpc/src/client/RPCClient.cj.macrocall: 65)
[WARN-rpc]2026/09/06,13:27:40.334512869|25;error on RPCClient init
An exception has occured:
NoneValueException
        at std.collection.TreeMap<...>::forward(T0, Bool)(std/collection/tree_map.cj: 0)
        at fountain::f_concurrent.LoadBalance<...>::iterator()(/mnt/d/docs/work/cangjie/projects/fountain/f_concurrent/src/LoadBalance.cj: 114)
        at fountain::f_net.client.MultiClient<...>::iterator()(/mnt/d/docs/work/cangjie/projects/fountain/f_net/src/client/MultiClient.cj: 218)
        at fountain::f_rpc.client.RPCClient::static.init::lambda.0()(/mnt/d/docs/work/cangjie/projects/fountain/f_rpc/src/client/RPCClient.cj.macrocall: 65)
[WARN-rpc]2026/09/06,13:27:41.337337690|25;error on RPCClient init
An exception has occured:
NoneValueException
        at std.collection.TreeMap<...>::forward(T0, Bool)(std/collection/tree_map.cj: 0)
        at fountain::f_concurrent.LoadBalance<...>::iterator()(/mnt/d/docs/work/cangjie/projects/fountain/f_concurrent/src/LoadBalance.cj: 114)
        at fountain::f_net.client.MultiClient<...>::iterator()(/mnt/d/docs/work/cangjie/projects/fountain/f_net/src/client/MultiClient.cj: 218)
        at fountain::f_rpc.client.RPCClient::static.init::lambda.0()(/mnt/d/docs/work/cangjie/projects/fountain/f_rpc/src/client/RPCClient.cj.macrocall: 65)
[WARN-rpc]2026/09/06,13:27:42.339551226|25;error on RPCClient init
An exception has occured:
NoneValueException
        at std.collection.TreeMap<...>::forward(T0, Bool)(std/collection/tree_map.cj: 0)
        at fountain::f_concurrent.LoadBalance<...>::iterator()(/mnt/d/docs/work/cangjie/projects/fountain/f_concurrent/src/LoadBalance.cj: 114)
        at fountain::f_net.client.MultiClient<...>::iterator()(/mnt/d/docs/work/cangjie/projects/fountain/f_net/src/client/MultiClient.cj: 218)
        at fountain::f_rpc.client.RPCClient::static.init::lambda.0()(/mnt/d/docs/work/cangjie/projects/fountain/f_rpc/src/client/RPCClient.cj.macrocall: 65)
[WARN-rpc]2026/09/06,13:27:43.342031016|25;error on RPCClient init
An exception has occured:
NoneValueException
        at std.collection.TreeMap<...>::forward(T0, Bool)(std/collection/tree_map.cj: 0)
        at fountain::f_concurrent.LoadBalance<...>::iterator()(/mnt/d/docs/work/cangjie/projects/fountain/f_concurrent/src/LoadBalance.cj: 114)
        at fountain::f_net.client.MultiClient<...>::iterator()(/mnt/d/docs/work/cangjie/projects/fountain/f_net/src/client/MultiClient.cj: 218)
        at fountain::f_rpc.client.RPCClient::static.init::lambda.0()(/mnt/d/docs/work/cangjie/projects/fountain/f_rpc/src/client/RPCClient.cj.macrocall: 65)
[WARN-rpc]2026/09/06,13:27:44.343889273|25;error on RPCClient init
An exception has occured:
NoneValueException
        at std.collection.TreeMap<...>::forward(T0, Bool)(std/collection/tree_map.cj: 0)
        at fountain::f_concurrent.LoadBalance<...>::iterator()(/mnt/d/docs/work/cangjie/projects/fountain/f_concurrent/src/LoadBalance.cj: 114)
        at fountain::f_net.client.MultiClient<...>::iterator()(/mnt/d/docs/work/cangjie/projects/fountain/f_net/src/client/MultiClient.cj: 218)
        at fountain::f_rpc.client.RPCClient::static.init::lambda.0()(/mnt/d/docs/work/cangjie/projects/fountain/f_rpc/src/client/RPCClient.cj.macrocall: 65)
[WARN-rpc]2026/09/06,13:27:45.346343780|25;error on RPCClient init
An exception has occured:
NoneValueException
        at std.collection.TreeMap<...>::forward(T0, Bool)(std/collection/tree_map.cj: 0)
        at fountain::f_concurrent.LoadBalance<...>::iterator()(/mnt/d/docs/work/cangjie/projects/fountain/f_concurrent/src/LoadBalance.cj: 114)
        at fountain::f_net.client.MultiClient<...>::iterator()(/mnt/d/docs/work/cangjie/projects/fountain/f_net/src/client/MultiClient.cj: 218)
        at fountain::f_rpc.client.RPCClient::static.init::lambda.0()(/mnt/d/docs/work/cangjie/projects/fountain/f_rpc/src/client/RPCClient.cj.macrocall: 65)
[WARN-rpc]2026/09/06,13:27:46.348299382|25;error on RPCClient init
An exception has occured:
NoneValueException
        at std.collection.TreeMap<...>::forward(T0, Bool)(std/collection/tree_map.cj: 0)
        at fountain::f_concurrent.LoadBalance<...>::iterator()(/mnt/d/docs/work/cangjie/projects/fountain/f_concurrent/src/LoadBalance.cj: 114)
        at fountain::f_net.client.MultiClient<...>::iterator()(/mnt/d/docs/work/cangjie/projects/fountain/f_net/src/client/MultiClient.cj: 218)
        at fountain::f_rpc.client.RPCClient::static.init::lambda.0()(/mnt/d/docs/work/cangjie/projects/fountain/f_rpc/src/client/RPCClient.cj.macrocall: 65)
[WARN-rpc]2026/09/06,13:27:47.350425564|25;error on RPCClient init
An exception has occured:
NoneValueException
        at std.collection.TreeMap<...>::forward(T0, Bool)(std/collection/tree_map.cj: 0)
        at fountain::f_concurrent.LoadBalance<...>::iterator()(/mnt/d/docs/work/cangjie/projects/fountain/f_concurrent/src/LoadBalance.cj: 114)
        at fountain::f_net.client.MultiClient<...>::iterator()(/mnt/d/docs/work/cangjie/projects/fountain/f_net/src/client/MultiClient.cj: 218)
        at fountain::f_rpc.client.RPCClient::static.init::lambda.0()(/mnt/d/docs/work/cangjie/projects/fountain/f_rpc/src/client/RPCClient.cj.macrocall: 65)
[WARN-rpc]2026/09/06,13:27:48.353108241|25;error on RPCClient init
An exception has occured:
NoneValueException
        at std.collection.TreeMap<...>::forward(T0, Bool)(std/collection/tree_map.cj: 0)
        at fountain::f_concurrent.LoadBalance<...>::iterator()(/mnt/d/docs/work/cangjie/projects/fountain/f_concurrent/src/LoadBalance.cj: 114)
        at fountain::f_net.client.MultiClient<...>::iterator()(/mnt/d/docs/work/cangjie/projects/fountain/f_net/src/client/MultiClient.cj: 218)
        at fountain::f_rpc.client.RPCClient::static.init::lambda.0()(/mnt/d/docs/work/cangjie/projects/fountain/f_rpc/src/client/RPCClient.cj.macrocall: 65)
[WARN-rpc]2026/09/06,13:27:49.355751203|25;error on RPCClient init
An exception has occured:
NoneValueException
        at std.collection.TreeMap<...>::forward(T0, Bool)(std/collection/tree_map.cj: 0)
        at fountain::f_concurrent.LoadBalance<...>::iterator()(/mnt/d/docs/work/cangjie/projects/fountain/f_concurrent/src/LoadBalance.cj: 114)
        at fountain::f_net.client.MultiClient<...>::iterator()(/mnt/d/docs/work/cangjie/projects/fountain/f_net/src/client/MultiClient.cj: 218)
        at fountain::f_rpc.client.RPCClient::static.init::lambda.0()(/mnt/d/docs/work/cangjie/projects/fountain/f_rpc/src/client/RPCClient.cj.macrocall: 65)
[WARN-rpc]2026/09/06,13:27:50.359512136|25;error on RPCClient init
An exception has occured:
NoneValueException
        at std.collection.TreeMap<...>::forward(T0, Bool)(std/collection/tree_map.cj: 0)
        at fountain::f_concurrent.LoadBalance<...>::iterator()(/mnt/d/docs/work/cangjie/projects/fountain/f_concurrent/src/LoadBalance.cj: 114)
        at fountain::f_net.client.MultiClient<...>::iterator()(/mnt/d/docs/work/cangjie/projects/fountain/f_net/src/client/MultiClient.cj: 218)
        at fountain::f_rpc.client.RPCClient::static.init::lambda.0()(/mnt/d/docs/work/cangjie/projects/fountain/f_rpc/src/client/RPCClient.cj.macrocall: 65)
[WARN-rpc]2026/09/06,13:27:51.362481564|25;error on RPCClient init
An exception has occured:
NoneValueException
        at std.collection.TreeMap<...>::forward(T0, Bool)(std/collection/tree_map.cj: 0)
        at fountain::f_concurrent.LoadBalance<...>::iterator()(/mnt/d/docs/work/cangjie/projects/fountain/f_concurrent/src/LoadBalance.cj: 114)
        at fountain::f_net.client.MultiClient<...>::iterator()(/mnt/d/docs/work/cangjie/projects/fountain/f_net/src/client/MultiClient.cj: 218)
        at fountain::f_rpc.client.RPCClient::static.init::lambda.0()(/mnt/d/docs/work/cangjie/projects/fountain/f_rpc/src/client/RPCClient.cj.macrocall: 65)
[WARN-rpc]2026/09/06,13:27:52.364707241|25;error on RPCClient init
An exception has occured:
NoneValueException
        at std.collection.TreeMap<...>::forward(T0, Bool)(std/collection/tree_map.cj: 0)
        at fountain::f_concurrent.LoadBalance<...>::iterator()(/mnt/d/docs/work/cangjie/projects/fountain/f_concurrent/src/LoadBalance.cj: 114)
        at fountain::f_net.client.MultiClient<...>::iterator()(/mnt/d/docs/work/cangjie/projects/fountain/f_net/src/client/MultiClient.cj: 218)
        at fountain::f_rpc.client.RPCClient::static.init::lambda.0()(/mnt/d/docs/work/cangjie/projects/fountain/f_rpc/src/client/RPCClient.cj.macrocall: 65)
[WARN-rpc]2026/09/06,13:27:53.366960639|25;error on RPCClient init
An exception has occured:
NoneValueException
        at std.collection.TreeMap<...>::forward(T0, Bool)(std/collection/tree_map.cj: 0)
        at fountain::f_concurrent.LoadBalance<...>::iterator()(/mnt/d/docs/work/cangjie/projects/fountain/f_concurrent/src/LoadBalance.cj: 114)
        at fountain::f_net.client.MultiClient<...>::iterator()(/mnt/d/docs/work/cangjie/projects/fountain/f_net/src/client/MultiClient.cj: 218)
        at fountain::f_rpc.client.RPCClient::static.init::lambda.0()(/mnt/d/docs/work/cangjie/projects/fountain/f_rpc/src/client/RPCClient.cj.macrocall: 65)
[WARN-rpc]2026/09/06,13:27:54.368768747|25;error on RPCClient init
An exception has occured:
NoneValueException
        at std.collection.TreeMap<...>::forward(T0, Bool)(std/collection/tree_map.cj: 0)
        at fountain::f_concurrent.LoadBalance<...>::iterator()(/mnt/d/docs/work/cangjie/projects/fountain/f_concurrent/src/LoadBalance.cj: 114)
        at fountain::f_net.client.MultiClient<...>::iterator()(/mnt/d/docs/work/cangjie/projects/fountain/f_net/src/client/MultiClient.cj: 218)
        at fountain::f_rpc.client.RPCClient::static.init::lambda.0()(/mnt/d/docs/work/cangjie/projects/fountain/f_rpc/src/client/RPCClient.cj.macrocall: 65)
[WARN-rpc]2026/09/06,13:27:55.371659239|25;error on RPCClient init
An exception has occured:
NoneValueException
        at std.collection.TreeMap<...>::forward(T0, Bool)(std/collection/tree_map.cj: 0)
        at fountain::f_concurrent.LoadBalance<...>::iterator()(/mnt/d/docs/work/cangjie/projects/fountain/f_concurrent/src/LoadBalance.cj: 114)
        at fountain::f_net.client.MultiClient<...>::iterator()(/mnt/d/docs/work/cangjie/projects/fountain/f_net/src/client/MultiClient.cj: 218)
        at fountain::f_rpc.client.RPCClient::static.init::lambda.0()(/mnt/d/docs/work/cangjie/projects/fountain/f_rpc/src/client/RPCClient.cj.macrocall: 65)
[WARN-rpc]2026/09/06,13:27:56.374560510|25;error on RPCClient init
An exception has occured:
NoneValueException
        at std.collection.TreeMap<...>::forward(T0, Bool)(std/collection/tree_map.cj: 0)
        at fountain::f_concurrent.LoadBalance<...>::iterator()(/mnt/d/docs/work/cangjie/projects/fountain/f_concurrent/src/LoadBalance.cj: 114)
        at fountain::f_net.client.MultiClient<...>::iterator()(/mnt/d/docs/work/cangjie/projects/fountain/f_net/src/client/MultiClient.cj: 218)
        at fountain::f_rpc.client.RPCClient::static.init::lambda.0()(/mnt/d/docs/work/cangjie/projects/fountain/f_rpc/src/client/RPCClient.cj.macrocall: 65)
[WARN-rpc]2026/09/06,13:27:57.377712647|25;error on RPCClient init
An exception has occured:
NoneValueException
        at std.collection.TreeMap<...>::forward(T0, Bool)(std/collection/tree_map.cj: 0)
        at fountain::f_concurrent.LoadBalance<...>::iterator()(/mnt/d/docs/work/cangjie/projects/fountain/f_concurrent/src/LoadBalance.cj: 114)
        at fountain::f_net.client.MultiClient<...>::iterator()(/mnt/d/docs/work/cangjie/projects/fountain/f_net/src/client/MultiClient.cj: 218)
        at fountain::f_rpc.client.RPCClient::static.init::lambda.0()(/mnt/d/docs/work/cangjie/projects/fountain/f_rpc/src/client/RPCClient.cj.macrocall: 65)
[WARN-rpc]2026/09/06,13:27:58.380320989|25;error on RPCClient init
An exception has occured:
NoneValueException
        at std.collection.TreeMap<...>::forward(T0, Bool)(std/collection/tree_map.cj: 0)
        at fountain::f_concurrent.LoadBalance<...>::iterator()(/mnt/d/docs/work/cangjie/projects/fountain/f_concurrent/src/LoadBalance.cj: 114)
        at fountain::f_net.client.MultiClient<...>::iterator()(/mnt/d/docs/work/cangjie/projects/fountain/f_net/src/client/MultiClient.cj: 218)
        at fountain::f_rpc.client.RPCClient::static.init::lambda.0()(/mnt/d/docs/work/cangjie/projects/fountain/f_rpc/src/client/RPCClient.cj.macrocall: 65)
[WARN-rpc]2026/09/06,13:27:59.385433435|25;error on RPCClient init
An exception has occured:
NoneValueException
        at std.collection.TreeMap<...>::forward(T0, Bool)(std/collection/tree_map.cj: 0)
        at fountain::f_concurrent.LoadBalance<...>::iterator()(/mnt/d/docs/work/cangjie/projects/fountain/f_concurrent/src/LoadBalance.cj: 114)
        at fountain::f_net.client.MultiClient<...>::iterator()(/mnt/d/docs/work/cangjie/projects/fountain/f_net/src/client/MultiClient.cj: 218)
        at fountain::f_rpc.client.RPCClient::static.init::lambda.0()(/mnt/d/docs/work/cangjie/projects/fountain/f_rpc/src/client/RPCClient.cj.macrocall: 65)
[WARN-rpc]2026/09/06,13:28:00.389861843|25;error on RPCClient init
An exception has occured:
NoneValueException
        at std.collection.TreeMap<...>::forward(T0, Bool)(std/collection/tree_map.cj: 0)
        at fountain::f_concurrent.LoadBalance<...>::iterator()(/mnt/d/docs/work/cangjie/projects/fountain/f_concurrent/src/LoadBalance.cj: 114)
        at fountain::f_net.client.MultiClient<...>::iterator()(/mnt/d/docs/work/cangjie/projects/fountain/f_net/src/client/MultiClient.cj: 218)
        at fountain::f_rpc.client.RPCClient::static.init::lambda.0()(/mnt/d/docs/work/cangjie/projects/fountain/f_rpc/src/client/RPCClient.cj.macrocall: 65)
[WARN-rpc]2026/09/06,13:28:01.393366977|25;error on RPCClient init
An exception has occured:
NoneValueException
        at std.collection.TreeMap<...>::forward(T0, Bool)(std/collection/tree_map.cj: 0)
        at fountain::f_concurrent.LoadBalance<...>::iterator()(/mnt/d/docs/work/cangjie/projects/fountain/f_concurrent/src/LoadBalance.cj: 114)
        at fountain::f_net.client.MultiClient<...>::iterator()(/mnt/d/docs/work/cangjie/projects/fountain/f_net/src/client/MultiClient.cj: 218)
        at fountain::f_rpc.client.RPCClient::static.init::lambda.0()(/mnt/d/docs/work/cangjie/projects/fountain/f_rpc/src/client/RPCClient.cj.macrocall: 65)
[WARN-rpc]2026/09/06,13:28:02.395803500|25;error on RPCClient init
An exception has occured:
NoneValueException
        at std.collection.TreeMap<...>::forward(T0, Bool)(std/collection/tree_map.cj: 0)
        at fountain::f_concurrent.LoadBalance<...>::iterator()(/mnt/d/docs/work/cangjie/projects/fountain/f_concurrent/src/LoadBalance.cj: 114)
        at fountain::f_net.client.MultiClient<...>::iterator()(/mnt/d/docs/work/cangjie/projects/fountain/f_net/src/client/MultiClient.cj: 218)
        at fountain::f_rpc.client.RPCClient::static.init::lambda.0()(/mnt/d/docs/work/cangjie/projects/fountain/f_rpc/src/client/RPCClient.cj.macrocall: 65)
[WARN-rpc]2026/09/06,13:28:03.398949387|25;error on RPCClient init
An exception has occured:
NoneValueException
        at std.collection.TreeMap<...>::forward(T0, Bool)(std/collection/tree_map.cj: 0)
        at fountain::f_concurrent.LoadBalance<...>::iterator()(/mnt/d/docs/work/cangjie/projects/fountain/f_concurrent/src/LoadBalance.cj: 114)
        at fountain::f_net.client.MultiClient<...>::iterator()(/mnt/d/docs/work/cangjie/projects/fountain/f_net/src/client/MultiClient.cj: 218)
        at fountain::f_rpc.client.RPCClient::static.init::lambda.0()(/mnt/d/docs/work/cangjie/projects/fountain/f_rpc/src/client/RPCClient.cj.macrocall: 65)
[WARN-rpc]2026/09/06,13:28:04.401001522|25;error on RPCClient init
An exception has occured:
NoneValueException
        at std.collection.TreeMap<...>::forward(T0, Bool)(std/collection/tree_map.cj: 0)
        at fountain::f_concurrent.LoadBalance<...>::iterator()(/mnt/d/docs/work/cangjie/projects/fountain/f_concurrent/src/LoadBalance.cj: 114)
        at fountain::f_net.client.MultiClient<...>::iterator()(/mnt/d/docs/work/cangjie/projects/fountain/f_net/src/client/MultiClient.cj: 218)
        at fountain::f_rpc.client.RPCClient::static.init::lambda.0()(/mnt/d/docs/work/cangjie/projects/fountain/f_rpc/src/client/RPCClient.cj.macrocall: 65)
[WARN-rpc]2026/09/06,13:28:05.404324961|25;error on RPCClient init
An exception has occured:
NoneValueException
        at std.collection.TreeMap<...>::forward(T0, Bool)(std/collection/tree_map.cj: 0)
        at fountain::f_concurrent.LoadBalance<...>::iterator()(/mnt/d/docs/work/cangjie/projects/fountain/f_concurrent/src/LoadBalance.cj: 114)
        at fountain::f_net.client.MultiClient<...>::iterator()(/mnt/d/docs/work/cangjie/projects/fountain/f_net/src/client/MultiClient.cj: 218)
        at fountain::f_rpc.client.RPCClient::static.init::lambda.0()(/mnt/d/docs/work/cangjie/projects/fountain/f_rpc/src/client/RPCClient.cj.macrocall: 65)
[WARN-rpc]2026/09/06,13:28:06.406961731|25;error on RPCClient init
An exception has occured:
NoneValueException
        at std.collection.TreeMap<...>::forward(T0, Bool)(std/collection/tree_map.cj: 0)
        at fountain::f_concurrent.LoadBalance<...>::iterator()(/mnt/d/docs/work/cangjie/projects/fountain/f_concurrent/src/LoadBalance.cj: 114)
        at fountain::f_net.client.MultiClient<...>::iterator()(/mnt/d/docs/work/cangjie/projects/fountain/f_net/src/client/MultiClient.cj: 218)
        at fountain::f_rpc.client.RPCClient::static.init::lambda.0()(/mnt/d/docs/work/cangjie/projects/fountain/f_rpc/src/client/RPCClient.cj.macrocall: 65)
[WARN-rpc]2026/09/06,13:28:07.410298980|25;error on RPCClient init
An exception has occured:
NoneValueException
        at std.collection.TreeMap<...>::forward(T0, Bool)(std/collection/tree_map.cj: 0)
        at fountain::f_concurrent.LoadBalance<...>::iterator()(/mnt/d/docs/work/cangjie/projects/fountain/f_concurrent/src/LoadBalance.cj: 114)
        at fountain::f_net.client.MultiClient<...>::iterator()(/mnt/d/docs/work/cangjie/projects/fountain/f_net/src/client/MultiClient.cj: 218)
        at fountain::f_rpc.client.RPCClient::static.init::lambda.0()(/mnt/d/docs/work/cangjie/projects/fountain/f_rpc/src/client/RPCClient.cj.macrocall: 65)
[WARN-rpc]2026/09/06,13:28:08.412618708|25;error on RPCClient init
An exception has occured:
NoneValueException
        at std.collection.TreeMap<...>::forward(T0, Bool)(std/collection/tree_map.cj: 0)
        at fountain::f_concurrent.LoadBalance<...>::iterator()(/mnt/d/docs/work/cangjie/projects/fountain/f_concurrent/src/LoadBalance.cj: 114)
        at fountain::f_net.client.MultiClient<...>::iterator()(/mnt/d/docs/work/cangjie/projects/fountain/f_net/src/client/MultiClient.cj: 218)
        at fountain::f_rpc.client.RPCClient::static.init::lambda.0()(/mnt/d/docs/work/cangjie/projects/fountain/f_rpc/src/client/RPCClient.cj.macrocall: 65)
[WARN-rpc]2026/09/06,13:28:09.417596320|25;error on RPCClient init
An exception has occured:
NoneValueException
        at std.collection.TreeMap<...>::forward(T0, Bool)(std/collection/tree_map.cj: 0)
        at fountain::f_concurrent.LoadBalance<...>::iterator()(/mnt/d/docs/work/cangjie/projects/fountain/f_concurrent/src/LoadBalance.cj: 114)
        at fountain::f_net.client.MultiClient<...>::iterator()(/mnt/d/docs/work/cangjie/projects/fountain/f_net/src/client/MultiClient.cj: 218)
        at fountain::f_rpc.client.RPCClient::static.init::lambda.0()(/mnt/d/docs/work/cangjie/projects/fountain/f_rpc/src/client/RPCClient.cj.macrocall: 65)
[WARN-rpc]2026/09/06,13:28:10.420104159|25;error on RPCClient init
An exception has occured:
NoneValueException
        at std.collection.TreeMap<...>::forward(T0, Bool)(std/collection/tree_map.cj: 0)
        at fountain::f_concurrent.LoadBalance<...>::iterator()(/mnt/d/docs/work/cangjie/projects/fountain/f_concurrent/src/LoadBalance.cj: 114)
        at fountain::f_net.client.MultiClient<...>::iterator()(/mnt/d/docs/work/cangjie/projects/fountain/f_net/src/client/MultiClient.cj: 218)
        at fountain::f_rpc.client.RPCClient::static.init::lambda.0()(/mnt/d/docs/work/cangjie/projects/fountain/f_rpc/src/client/RPCClient.cj.macrocall: 65)
[WARN-rpc]2026/09/06,13:28:11.422537357|25;error on RPCClient init
An exception has occured:
NoneValueException
        at std.collection.TreeMap<...>::forward(T0, Bool)(std/collection/tree_map.cj: 0)
        at fountain::f_concurrent.LoadBalance<...>::iterator()(/mnt/d/docs/work/cangjie/projects/fountain/f_concurrent/src/LoadBalance.cj: 114)
        at fountain::f_net.client.MultiClient<...>::iterator()(/mnt/d/docs/work/cangjie/projects/fountain/f_net/src/client/MultiClient.cj: 218)
        at fountain::f_rpc.client.RPCClient::static.init::lambda.0()(/mnt/d/docs/work/cangjie/projects/fountain/f_rpc/src/client/RPCClient.cj.macrocall: 65)
[WARN-rpc]2026/09/06,13:28:12.424053069|25;error on RPCClient init
An exception has occured:
NoneValueException
        at std.collection.TreeMap<...>::forward(T0, Bool)(std/collection/tree_map.cj: 0)
        at fountain::f_concurrent.LoadBalance<...>::iterator()(/mnt/d/docs/work/cangjie/projects/fountain/f_concurrent/src/LoadBalance.cj: 114)
        at fountain::f_net.client.MultiClient<...>::iterator()(/mnt/d/docs/work/cangjie/projects/fountain/f_net/src/client/MultiClient.cj: 218)
        at fountain::f_rpc.client.RPCClient::static.init::lambda.0()(/mnt/d/docs/work/cangjie/projects/fountain/f_rpc/src/client/RPCClient.cj.macrocall: 65)
[WARN-rpc]2026/09/06,13:28:13.426403508|25;error on RPCClient init
An exception has occured:
NoneValueException
        at std.collection.TreeMap<...>::forward(T0, Bool)(std/collection/tree_map.cj: 0)
        at fountain::f_concurrent.LoadBalance<...>::iterator()(/mnt/d/docs/work/cangjie/projects/fountain/f_concurrent/src/LoadBalance.cj: 114)
        at fountain::f_net.client.MultiClient<...>::iterator()(/mnt/d/docs/work/cangjie/projects/fountain/f_net/src/client/MultiClient.cj: 218)
        at fountain::f_rpc.client.RPCClient::static.init::lambda.0()(/mnt/d/docs/work/cangjie/projects/fountain/f_rpc/src/client/RPCClient.cj.macrocall: 65)
[WARN-rpc]2026/09/06,13:28:14.430406206|25;error on RPCClient init
An exception has occured:
NoneValueException
        at std.collection.TreeMap<...>::forward(T0, Bool)(std/collection/tree_map.cj: 0)
        at fountain::f_concurrent.LoadBalance<...>::iterator()(/mnt/d/docs/work/cangjie/projects/fountain/f_concurrent/src/LoadBalance.cj: 114)
        at fountain::f_net.client.MultiClient<...>::iterator()(/mnt/d/docs/work/cangjie/projects/fountain/f_net/src/client/MultiClient.cj: 218)
        at fountain::f_rpc.client.RPCClient::static.init::lambda.0()(/mnt/d/docs/work/cangjie/projects/fountain/f_rpc/src/client/RPCClient.cj.macrocall: 65)
[WARN-rpc]2026/09/06,13:28:15.433952097|25;error on RPCClient init
An exception has occured:
NoneValueException
        at std.collection.TreeMap<...>::forward(T0, Bool)(std/collection/tree_map.cj: 0)
        at fountain::f_concurrent.LoadBalance<...>::iterator()(/mnt/d/docs/work/cangjie/projects/fountain/f_concurrent/src/LoadBalance.cj: 114)
        at fountain::f_net.client.MultiClient<...>::iterator()(/mnt/d/docs/work/cangjie/projects/fountain/f_net/src/client/MultiClient.cj: 218)
        at fountain::f_rpc.client.RPCClient::static.init::lambda.0()(/mnt/d/docs/work/cangjie/projects/fountain/f_rpc/src/client/RPCClient.cj.macrocall: 65)
[WARN-rpc]2026/09/06,13:28:16.435711140|25;error on RPCClient init
An exception has occured:
NoneValueException
        at std.collection.TreeMap<...>::forward(T0, Bool)(std/collection/tree_map.cj: 0)
        at fountain::f_concurrent.LoadBalance<...>::iterator()(/mnt/d/docs/work/cangjie/projects/fountain/f_concurrent/src/LoadBalance.cj: 114)
        at fountain::f_net.client.MultiClient<...>::iterator()(/mnt/d/docs/work/cangjie/projects/fountain/f_net/src/client/MultiClient.cj: 218)
        at fountain::f_rpc.client.RPCClient::static.init::lambda.0()(/mnt/d/docs/work/cangjie/projects/fountain/f_rpc/src/client/RPCClient.cj.macrocall: 65)
[WARN-rpc]2026/09/06,13:28:17.440060866|25;error on RPCClient init
An exception has occured:
NoneValueException
        at std.collection.TreeMap<...>::forward(T0, Bool)(std/collection/tree_map.cj: 0)
        at fountain::f_concurrent.LoadBalance<...>::iterator()(/mnt/d/docs/work/cangjie/projects/fountain/f_concurrent/src/LoadBalance.cj: 114)
        at fountain::f_net.client.MultiClient<...>::iterator()(/mnt/d/docs/work/cangjie/projects/fountain/f_net/src/client/MultiClient.cj: 218)
        at fountain::f_rpc.client.RPCClient::static.init::lambda.0()(/mnt/d/docs/work/cangjie/projects/fountain/f_rpc/src/client/RPCClient.cj.macrocall: 65)
[WARN-rpc]2026/09/06,13:28:18.443104460|25;error on RPCClient init
An exception has occured:
NoneValueException
        at std.collection.TreeMap<...>::forward(T0, Bool)(std/collection/tree_map.cj: 0)
        at fountain::f_concurrent.LoadBalance<...>::iterator()(/mnt/d/docs/work/cangjie/projects/fountain/f_concurrent/src/LoadBalance.cj: 114)
        at fountain::f_net.client.MultiClient<...>::iterator()(/mnt/d/docs/work/cangjie/projects/fountain/f_net/src/client/MultiClient.cj: 218)
        at fountain::f_rpc.client.RPCClient::static.init::lambda.0()(/mnt/d/docs/work/cangjie/projects/fountain/f_rpc/src/client/RPCClient.cj.macrocall: 65)
[WARN-rpc]2026/09/06,13:28:19.445740686|25;error on RPCClient init
An exception has occured:
NoneValueException
        at std.collection.TreeMap<...>::forward(T0, Bool)(std/collection/tree_map.cj: 0)
        at fountain::f_concurrent.LoadBalance<...>::iterator()(/mnt/d/docs/work/cangjie/projects/fountain/f_concurrent/src/LoadBalance.cj: 114)
        at fountain::f_net.client.MultiClient<...>::iterator()(/mnt/d/docs/work/cangjie/projects/fountain/f_net/src/client/MultiClient.cj: 218)
        at fountain::f_rpc.client.RPCClient::static.init::lambda.0()(/mnt/d/docs/work/cangjie/projects/fountain/f_rpc/src/client/RPCClient.cj.macrocall: 65)
[WARN-rpc]2026/09/06,13:28:20.447568827|25;error on RPCClient init
An exception has occured:
NoneValueException
        at std.collection.TreeMap<...>::forward(T0, Bool)(std/collection/tree_map.cj: 0)
        at fountain::f_concurrent.LoadBalance<...>::iterator()(/mnt/d/docs/work/cangjie/projects/fountain/f_concurrent/src/LoadBalance.cj: 114)
        at fountain::f_net.client.MultiClient<...>::iterator()(/mnt/d/docs/work/cangjie/projects/fountain/f_net/src/client/MultiClient.cj: 218)
        at fountain::f_rpc.client.RPCClient::static.init::lambda.0()(/mnt/d/docs/work/cangjie/projects/fountain/f_rpc/src/client/RPCClient.cj.macrocall: 65)
[WARN-rpc]2026/09/06,13:28:21.449166902|25;error on RPCClient init
An exception has occured:
NoneValueException
        at std.collection.TreeMap<...>::forward(T0, Bool)(std/collection/tree_map.cj: 0)
        at fountain::f_concurrent.LoadBalance<...>::iterator()(/mnt/d/docs/work/cangjie/projects/fountain/f_concurrent/src/LoadBalance.cj: 114)
        at fountain::f_net.client.MultiClient<...>::iterator()(/mnt/d/docs/work/cangjie/projects/fountain/f_net/src/client/MultiClient.cj: 218)
        at fountain::f_rpc.client.RPCClient::static.init::lambda.0()(/mnt/d/docs/work/cangjie/projects/fountain/f_rpc/src/client/RPCClient.cj.macrocall: 65)
[WARN-rpc]2026/09/06,13:28:22.451279400|25;error on RPCClient init
An exception has occured:
NoneValueException
        at std.collection.TreeMap<...>::forward(T0, Bool)(std/collection/tree_map.cj: 0)
        at fountain::f_concurrent.LoadBalance<...>::iterator()(/mnt/d/docs/work/cangjie/projects/fountain/f_concurrent/src/LoadBalance.cj: 114)
        at fountain::f_net.client.MultiClient<...>::iterator()(/mnt/d/docs/work/cangjie/projects/fountain/f_net/src/client/MultiClient.cj: 218)
        at fountain::f_rpc.client.RPCClient::static.init::lambda.0()(/mnt/d/docs/work/cangjie/projects/fountain/f_rpc/src/client/RPCClient.cj.macrocall: 65)
[WARN-rpc]2026/09/06,13:28:23.454478726|25;error on RPCClient init
An exception has occured:
NoneValueException
        at std.collection.TreeMap<...>::forward(T0, Bool)(std/collection/tree_map.cj: 0)
        at fountain::f_concurrent.LoadBalance<...>::iterator()(/mnt/d/docs/work/cangjie/projects/fountain/f_concurrent/src/LoadBalance.cj: 114)
        at fountain::f_net.client.MultiClient<...>::iterator()(/mnt/d/docs/work/cangjie/projects/fountain/f_net/src/client/MultiClient.cj: 218)
        at fountain::f_rpc.client.RPCClient::static.init::lambda.0()(/mnt/d/docs/work/cangjie/projects/fountain/f_rpc/src/client/RPCClient.cj.macrocall: 65)
[WARN-rpc]2026/09/06,13:28:24.457554560|25;error on RPCClient init
An exception has occured:
NoneValueException
        at std.collection.TreeMap<...>::forward(T0, Bool)(std/collection/tree_map.cj: 0)
        at fountain::f_concurrent.LoadBalance<...>::iterator()(/mnt/d/docs/work/cangjie/projects/fountain/f_concurrent/src/LoadBalance.cj: 114)
        at fountain::f_net.client.MultiClient<...>::iterator()(/mnt/d/docs/work/cangjie/projects/fountain/f_net/src/client/MultiClient.cj: 218)
        at fountain::f_rpc.client.RPCClient::static.init::lambda.0()(/mnt/d/docs/work/cangjie/projects/fountain/f_rpc/src/client/RPCClient.cj.macrocall: 65)
[WARN-rpc]2026/09/06,13:28:25.459566628|25;error on RPCClient init
An exception has occured:
NoneValueException
        at std.collection.TreeMap<...>::forward(T0, Bool)(std/collection/tree_map.cj: 0)
        at fountain::f_concurrent.LoadBalance<...>::iterator()(/mnt/d/docs/work/cangjie/projects/fountain/f_concurrent/src/LoadBalance.cj: 114)
        at fountain::f_net.client.MultiClient<...>::iterator()(/mnt/d/docs/work/cangjie/projects/fountain/f_net/src/client/MultiClient.cj: 218)
        at fountain::f_rpc.client.RPCClient::static.init::lambda.0()(/mnt/d/docs/work/cangjie/projects/fountain/f_rpc/src/client/RPCClient.cj.macrocall: 65)
[WARN-rpc]2026/09/06,13:28:26.461699384|25;error on RPCClient init
An exception has occured:
NoneValueException
        at std.collection.TreeMap<...>::forward(T0, Bool)(std/collection/tree_map.cj: 0)
        at fountain::f_concurrent.LoadBalance<...>::iterator()(/mnt/d/docs/work/cangjie/projects/fountain/f_concurrent/src/LoadBalance.cj: 114)
        at fountain::f_net.client.MultiClient<...>::iterator()(/mnt/d/docs/work/cangjie/projects/fountain/f_net/src/client/MultiClient.cj: 218)
        at fountain::f_rpc.client.RPCClient::static.init::lambda.0()(/mnt/d/docs/work/cangjie/projects/fountain/f_rpc/src/client/RPCClient.cj.macrocall: 65)
[WARN-rpc]2026/09/06,13:28:27.463785728|25;error on RPCClient init
An exception has occured:
NoneValueException
        at std.collection.TreeMap<...>::forward(T0, Bool)(std/collection/tree_map.cj: 0)
        at fountain::f_concurrent.LoadBalance<...>::iterator()(/mnt/d/docs/work/cangjie/projects/fountain/f_concurrent/src/LoadBalance.cj: 114)
        at fountain::f_net.client.MultiClient<...>::iterator()(/mnt/d/docs/work/cangjie/projects/fountain/f_net/src/client/MultiClient.cj: 218)
        at fountain::f_rpc.client.RPCClient::static.init::lambda.0()(/mnt/d/docs/work/cangjie/projects/fountain/f_rpc/src/client/RPCClient.cj.macrocall: 65)
[WARN-rpc]2026/09/06,13:28:28.467612013|25;error on RPCClient init
An exception has occured:
NoneValueException
        at std.collection.TreeMap<...>::forward(T0, Bool)(std/collection/tree_map.cj: 0)
        at fountain::f_concurrent.LoadBalance<...>::iterator()(/mnt/d/docs/work/cangjie/projects/fountain/f_concurrent/src/LoadBalance.cj: 114)
        at fountain::f_net.client.MultiClient<...>::iterator()(/mnt/d/docs/work/cangjie/projects/fountain/f_net/src/client/MultiClient.cj: 218)
        at fountain::f_rpc.client.RPCClient::static.init::lambda.0()(/mnt/d/docs/work/cangjie/projects/fountain/f_rpc/src/client/RPCClient.cj.macrocall: 65)
[WARN-rpc]2026/09/06,13:28:29.469460748|25;error on RPCClient init
An exception has occured:
NoneValueException
        at std.collection.TreeMap<...>::forward(T0, Bool)(std/collection/tree_map.cj: 0)
        at fountain::f_concurrent.LoadBalance<...>::iterator()(/mnt/d/docs/work/cangjie/projects/fountain/f_concurrent/src/LoadBalance.cj: 114)
        at fountain::f_net.client.MultiClient<...>::iterator()(/mnt/d/docs/work/cangjie/projects/fountain/f_net/src/client/MultiClient.cj: 218)
        at fountain::f_rpc.client.RPCClient::static.init::lambda.0()(/mnt/d/docs/work/cangjie/projects/fountain/f_rpc/src/client/RPCClient.cj.macrocall: 65)
[WARN-rpc]2026/09/06,13:28:30.470928918|25;error on RPCClient init
An exception has occured:
NoneValueException
        at std.collection.TreeMap<...>::forward(T0, Bool)(std/collection/tree_map.cj: 0)
        at fountain::f_concurrent.LoadBalance<...>::iterator()(/mnt/d/docs/work/cangjie/projects/fountain/f_concurrent/src/LoadBalance.cj: 114)
        at fountain::f_net.client.MultiClient<...>::iterator()(/mnt/d/docs/work/cangjie/projects/fountain/f_net/src/client/MultiClient.cj: 218)
        at fountain::f_rpc.client.RPCClient::static.init::lambda.0()(/mnt/d/docs/work/cangjie/projects/fountain/f_rpc/src/client/RPCClient.cj.macrocall: 65)
[WARN-rpc]2026/09/06,13:28:31.472962936|25;error on RPCClient init
An exception has occured:
NoneValueException
        at std.collection.TreeMap<...>::forward(T0, Bool)(std/collection/tree_map.cj: 0)
        at fountain::f_concurrent.LoadBalance<...>::iterator()(/mnt/d/docs/work/cangjie/projects/fountain/f_concurrent/src/LoadBalance.cj: 114)
        at fountain::f_net.client.MultiClient<...>::iterator()(/mnt/d/docs/work/cangjie/projects/fountain/f_net/src/client/MultiClient.cj: 218)
        at fountain::f_rpc.client.RPCClient::static.init::lambda.0()(/mnt/d/docs/work/cangjie/projects/fountain/f_rpc/src/client/RPCClient.cj.macrocall: 65)
[WARN-rpc]2026/09/06,13:28:32.474865973|25;error on RPCClient init
An exception has occured:
NoneValueException
        at std.collection.TreeMap<...>::forward(T0, Bool)(std/collection/tree_map.cj: 0)
        at fountain::f_concurrent.LoadBalance<...>::iterator()(/mnt/d/docs/work/cangjie/projects/fountain/f_concurrent/src/LoadBalance.cj: 114)
        at fountain::f_net.client.MultiClient<...>::iterator()(/mnt/d/docs/work/cangjie/projects/fountain/f_net/src/client/MultiClient.cj: 218)
        at fountain::f_rpc.client.RPCClient::static.init::lambda.0()(/mnt/d/docs/work/cangjie/projects/fountain/f_rpc/src/client/RPCClient.cj.macrocall: 65)
[WARN-rpc]2026/09/06,13:28:33.477598738|25;error on RPCClient init
An exception has occured:
NoneValueException
        at std.collection.TreeMap<...>::forward(T0, Bool)(std/collection/tree_map.cj: 0)
        at fountain::f_concurrent.LoadBalance<...>::iterator()(/mnt/d/docs/work/cangjie/projects/fountain/f_concurrent/src/LoadBalance.cj: 114)
        at fountain::f_net.client.MultiClient<...>::iterator()(/mnt/d/docs/work/cangjie/projects/fountain/f_net/src/client/MultiClient.cj: 218)
        at fountain::f_rpc.client.RPCClient::static.init::lambda.0()(/mnt/d/docs/work/cangjie/projects/fountain/f_rpc/src/client/RPCClient.cj.macrocall: 65)
[WARN-rpc]2026/09/06,13:28:34.479307186|25;error on RPCClient init
An exception has occured:
NoneValueException
        at std.collection.TreeMap<...>::forward(T0, Bool)(std/collection/tree_map.cj: 0)
        at fountain::f_concurrent.LoadBalance<...>::iterator()(/mnt/d/docs/work/cangjie/projects/fountain/f_concurrent/src/LoadBalance.cj: 114)
        at fountain::f_net.client.MultiClient<...>::iterator()(/mnt/d/docs/work/cangjie/projects/fountain/f_net/src/client/MultiClient.cj: 218)
        at fountain::f_rpc.client.RPCClient::static.init::lambda.0()(/mnt/d/docs/work/cangjie/projects/fountain/f_rpc/src/client/RPCClient.cj.macrocall: 65)
[WARN-rpc]2026/09/06,13:28:35.482341820|25;error on RPCClient init
An exception has occured:
NoneValueException
        at std.collection.TreeMap<...>::forward(T0, Bool)(std/collection/tree_map.cj: 0)
        at fountain::f_concurrent.LoadBalance<...>::iterator()(/mnt/d/docs/work/cangjie/projects/fountain/f_concurrent/src/LoadBalance.cj: 114)
        at fountain::f_net.client.MultiClient<...>::iterator()(/mnt/d/docs/work/cangjie/projects/fountain/f_net/src/client/MultiClient.cj: 218)
        at fountain::f_rpc.client.RPCClient::static.init::lambda.0()(/mnt/d/docs/work/cangjie/projects/fountain/f_rpc/src/client/RPCClient.cj.macrocall: 65)
[WARN-rpc]2026/09/06,13:28:36.483983157|25;error on RPCClient init
An exception has occured:
NoneValueException
        at std.collection.TreeMap<...>::forward(T0, Bool)(std/collection/tree_map.cj: 0)
        at fountain::f_concurrent.LoadBalance<...>::iterator()(/mnt/d/docs/work/cangjie/projects/fountain/f_concurrent/src/LoadBalance.cj: 114)
        at fountain::f_net.client.MultiClient<...>::iterator()(/mnt/d/docs/work/cangjie/projects/fountain/f_net/src/client/MultiClient.cj: 218)
        at fountain::f_rpc.client.RPCClient::static.init::lambda.0()(/mnt/d/docs/work/cangjie/projects/fountain/f_rpc/src/client/RPCClient.cj.macrocall: 65)
[WARN-rpc]2026/09/06,13:28:37.487089277|25;error on RPCClient init
An exception has occured:
NoneValueException
        at std.collection.TreeMap<...>::forward(T0, Bool)(std/collection/tree_map.cj: 0)
        at fountain::f_concurrent.LoadBalance<...>::iterator()(/mnt/d/docs/work/cangjie/projects/fountain/f_concurrent/src/LoadBalance.cj: 114)
        at fountain::f_net.client.MultiClient<...>::iterator()(/mnt/d/docs/work/cangjie/projects/fountain/f_net/src/client/MultiClient.cj: 218)
        at fountain::f_rpc.client.RPCClient::static.init::lambda.0()(/mnt/d/docs/work/cangjie/projects/fountain/f_rpc/src/client/RPCClient.cj.macrocall: 65)
[WARN-rpc]2026/09/06,13:28:38.488773828|25;error on RPCClient init
An exception has occured:
NoneValueException
        at std.collection.TreeMap<...>::forward(T0, Bool)(std/collection/tree_map.cj: 0)
        at fountain::f_concurrent.LoadBalance<...>::iterator()(/mnt/d/docs/work/cangjie/projects/fountain/f_concurrent/src/LoadBalance.cj: 114)
        at fountain::f_net.client.MultiClient<...>::iterator()(/mnt/d/docs/work/cangjie/projects/fountain/f_net/src/client/MultiClient.cj: 218)
        at fountain::f_rpc.client.RPCClient::static.init::lambda.0()(/mnt/d/docs/work/cangjie/projects/fountain/f_rpc/src/client/RPCClient.cj.macrocall: 65)
[WARN-rpc]2026/09/06,13:28:39.490977724|25;error on RPCClient init
An exception has occured:
NoneValueException
        at std.collection.TreeMap<...>::forward(T0, Bool)(std/collection/tree_map.cj: 0)
        at fountain::f_concurrent.LoadBalance<...>::iterator()(/mnt/d/docs/work/cangjie/projects/fountain/f_concurrent/src/LoadBalance.cj: 114)
        at fountain::f_net.client.MultiClient<...>::iterator()(/mnt/d/docs/work/cangjie/projects/fountain/f_net/src/client/MultiClient.cj: 218)
        at fountain::f_rpc.client.RPCClient::static.init::lambda.0()(/mnt/d/docs/work/cangjie/projects/fountain/f_rpc/src/client/RPCClient.cj.macrocall: 65)
[WARN-rpc]2026/09/06,13:28:40.493943459|25;error on RPCClient init
An exception has occured:
NoneValueException
        at std.collection.TreeMap<...>::forward(T0, Bool)(std/collection/tree_map.cj: 0)
        at fountain::f_concurrent.LoadBalance<...>::iterator()(/mnt/d/docs/work/cangjie/projects/fountain/f_concurrent/src/LoadBalance.cj: 114)
        at fountain::f_net.client.MultiClient<...>::iterator()(/mnt/d/docs/work/cangjie/projects/fountain/f_net/src/client/MultiClient.cj: 218)
        at fountain::f_rpc.client.RPCClient::static.init::lambda.0()(/mnt/d/docs/work/cangjie/projects/fountain/f_rpc/src/client/RPCClient.cj.macrocall: 65)
[WARN-rpc]2026/09/06,13:28:41.495712219|25;error on RPCClient init
An exception has occured:
NoneValueException
        at std.collection.TreeMap<...>::forward(T0, Bool)(std/collection/tree_map.cj: 0)
        at fountain::f_concurrent.LoadBalance<...>::iterator()(/mnt/d/docs/work/cangjie/projects/fountain/f_concurrent/src/LoadBalance.cj: 114)
        at fountain::f_net.client.MultiClient<...>::iterator()(/mnt/d/docs/work/cangjie/projects/fountain/f_net/src/client/MultiClient.cj: 218)
        at fountain::f_rpc.client.RPCClient::static.init::lambda.0()(/mnt/d/docs/work/cangjie/projects/fountain/f_rpc/src/client/RPCClient.cj.macrocall: 65)
[WARN-rpc]2026/09/06,13:28:42.499358898|25;error on RPCClient init
An exception has occured:
NoneValueException
        at std.collection.TreeMap<...>::forward(T0, Bool)(std/collection/tree_map.cj: 0)
        at fountain::f_concurrent.LoadBalance<...>::iterator()(/mnt/d/docs/work/cangjie/projects/fountain/f_concurrent/src/LoadBalance.cj: 114)
        at fountain::f_net.client.MultiClient<...>::iterator()(/mnt/d/docs/work/cangjie/projects/fountain/f_net/src/client/MultiClient.cj: 218)
        at fountain::f_rpc.client.RPCClient::static.init::lambda.0()(/mnt/d/docs/work/cangjie/projects/fountain/f_rpc/src/client/RPCClient.cj.macrocall: 65)
[WARN-rpc]2026/09/06,13:28:43.502509892|25;error on RPCClient init
An exception has occured:
NoneValueException
        at std.collection.TreeMap<...>::forward(T0, Bool)(std/collection/tree_map.cj: 0)
        at fountain::f_concurrent.LoadBalance<...>::iterator()(/mnt/d/docs/work/cangjie/projects/fountain/f_concurrent/src/LoadBalance.cj: 114)
        at fountain::f_net.client.MultiClient<...>::iterator()(/mnt/d/docs/work/cangjie/projects/fountain/f_net/src/client/MultiClient.cj: 218)
        at fountain::f_rpc.client.RPCClient::static.init::lambda.0()(/mnt/d/docs/work/cangjie/projects/fountain/f_rpc/src/client/RPCClient.cj.macrocall: 65)
[WARN-rpc]2026/09/06,13:28:44.505317017|25;error on RPCClient init
An exception has occured:
NoneValueException
        at std.collection.TreeMap<...>::forward(T0, Bool)(std/collection/tree_map.cj: 0)
        at fountain::f_concurrent.LoadBalance<...>::iterator()(/mnt/d/docs/work/cangjie/projects/fountain/f_concurrent/src/LoadBalance.cj: 114)
        at fountain::f_net.client.MultiClient<...>::iterator()(/mnt/d/docs/work/cangjie/projects/fountain/f_net/src/client/MultiClient.cj: 218)
        at fountain::f_rpc.client.RPCClient::static.init::lambda.0()(/mnt/d/docs/work/cangjie/projects/fountain/f_rpc/src/client/RPCClient.cj.macrocall: 65)
[WARN-rpc]2026/09/06,13:28:45.507933506|25;error on RPCClient init
An exception has occured:
NoneValueException
        at std.collection.TreeMap<...>::forward(T0, Bool)(std/collection/tree_map.cj: 0)
        at fountain::f_concurrent.LoadBalance<...>::iterator()(/mnt/d/docs/work/cangjie/projects/fountain/f_concurrent/src/LoadBalance.cj: 114)
        at fountain::f_net.client.MultiClient<...>::iterator()(/mnt/d/docs/work/cangjie/projects/fountain/f_net/src/client/MultiClient.cj: 218)
        at fountain::f_rpc.client.RPCClient::static.init::lambda.0()(/mnt/d/docs/work/cangjie/projects/fountain/f_rpc/src/client/RPCClient.cj.macrocall: 65)
[WARN-rpc]2026/09/06,13:28:46.508785600|25;error on RPCClient init
An exception has occured:
NoneValueException
        at std.collection.TreeMap<...>::forward(T0, Bool)(std/collection/tree_map.cj: 0)
        at fountain::f_concurrent.LoadBalance<...>::iterator()(/mnt/d/docs/work/cangjie/projects/fountain/f_concurrent/src/LoadBalance.cj: 114)
        at fountain::f_net.client.MultiClient<...>::iterator()(/mnt/d/docs/work/cangjie/projects/fountain/f_net/src/client/MultiClient.cj: 218)
        at fountain::f_rpc.client.RPCClient::static.init::lambda.0()(/mnt/d/docs/work/cangjie/projects/fountain/f_rpc/src/client/RPCClient.cj.macrocall: 65)
[WARN-rpc]2026/09/06,13:28:47.509934150|25;error on RPCClient init
An exception has occured:
NoneValueException
        at std.collection.TreeMap<...>::forward(T0, Bool)(std/collection/tree_map.cj: 0)
        at fountain::f_concurrent.LoadBalance<...>::iterator()(/mnt/d/docs/work/cangjie/projects/fountain/f_concurrent/src/LoadBalance.cj: 114)
        at fountain::f_net.client.MultiClient<...>::iterator()(/mnt/d/docs/work/cangjie/projects/fountain/f_net/src/client/MultiClient.cj: 218)
        at fountain::f_rpc.client.RPCClient::static.init::lambda.0()(/mnt/d/docs/work/cangjie/projects/fountain/f_rpc/src/client/RPCClient.cj.macrocall: 65)
[WARN-rpc]2026/09/06,13:28:48.513212217|25;error on RPCClient init
An exception has occured:
NoneValueException
        at std.collection.TreeMap<...>::forward(T0, Bool)(std/collection/tree_map.cj: 0)
        at fountain::f_concurrent.LoadBalance<...>::iterator()(/mnt/d/docs/work/cangjie/projects/fountain/f_concurrent/src/LoadBalance.cj: 114)
        at fountain::f_net.client.MultiClient<...>::iterator()(/mnt/d/docs/work/cangjie/projects/fountain/f_net/src/client/MultiClient.cj: 218)
        at fountain::f_rpc.client.RPCClient::static.init::lambda.0()(/mnt/d/docs/work/cangjie/projects/fountain/f_rpc/src/client/RPCClient.cj.macrocall: 65)
[WARN-rpc]2026/09/06,13:28:49.516767879|25;error on RPCClient init
An exception has occured:
NoneValueException
        at std.collection.TreeMap<...>::forward(T0, Bool)(std/collection/tree_map.cj: 0)
        at fountain::f_concurrent.LoadBalance<...>::iterator()(/mnt/d/docs/work/cangjie/projects/fountain/f_concurrent/src/LoadBalance.cj: 114)
        at fountain::f_net.client.MultiClient<...>::iterator()(/mnt/d/docs/work/cangjie/projects/fountain/f_net/src/client/MultiClient.cj: 218)
        at fountain::f_rpc.client.RPCClient::static.init::lambda.0()(/mnt/d/docs/work/cangjie/projects/fountain/f_rpc/src/client/RPCClient.cj.macrocall: 65)
[WARN-rpc]2026/09/06,13:28:50.518793034|25;error on RPCClient init
An exception has occured:
NoneValueException
        at std.collection.TreeMap<...>::forward(T0, Bool)(std/collection/tree_map.cj: 0)
        at fountain::f_concurrent.LoadBalance<...>::iterator()(/mnt/d/docs/work/cangjie/projects/fountain/f_concurrent/src/LoadBalance.cj: 114)
        at fountain::f_net.client.MultiClient<...>::iterator()(/mnt/d/docs/work/cangjie/projects/fountain/f_net/src/client/MultiClient.cj: 218)
        at fountain::f_rpc.client.RPCClient::static.init::lambda.0()(/mnt/d/docs/work/cangjie/projects/fountain/f_rpc/src/client/RPCClient.cj.macrocall: 65)
[WARN-rpc]2026/09/06,13:28:51.521400861|25;error on RPCClient init
An exception has occured:
NoneValueException
        at std.collection.TreeMap<...>::forward(T0, Bool)(std/collection/tree_map.cj: 0)
        at fountain::f_concurrent.LoadBalance<...>::iterator()(/mnt/d/docs/work/cangjie/projects/fountain/f_concurrent/src/LoadBalance.cj: 114)
        at fountain::f_net.client.MultiClient<...>::iterator()(/mnt/d/docs/work/cangjie/projects/fountain/f_net/src/client/MultiClient.cj: 218)
        at fountain::f_rpc.client.RPCClient::static.init::lambda.0()(/mnt/d/docs/work/cangjie/projects/fountain/f_rpc/src/client/RPCClient.cj.macrocall: 65)
[WARN-rpc]2026/09/06,13:28:52.524586966|25;error on RPCClient init
An exception has occured:
NoneValueException
        at std.collection.TreeMap<...>::forward(T0, Bool)(std/collection/tree_map.cj: 0)
        at fountain::f_concurrent.LoadBalance<...>::iterator()(/mnt/d/docs/work/cangjie/projects/fountain/f_concurrent/src/LoadBalance.cj: 114)
        at fountain::f_net.client.MultiClient<...>::iterator()(/mnt/d/docs/work/cangjie/projects/fountain/f_net/src/client/MultiClient.cj: 218)
        at fountain::f_rpc.client.RPCClient::static.init::lambda.0()(/mnt/d/docs/work/cangjie/projects/fountain/f_rpc/src/client/RPCClient.cj.macrocall: 65)
[WARN-rpc]2026/09/06,13:28:53.526261672|25;error on RPCClient init
An exception has occured:
NoneValueException
        at std.collection.TreeMap<...>::forward(T0, Bool)(std/collection/tree_map.cj: 0)
        at fountain::f_concurrent.LoadBalance<...>::iterator()(/mnt/d/docs/work/cangjie/projects/fountain/f_concurrent/src/LoadBalance.cj: 114)
        at fountain::f_net.client.MultiClient<...>::iterator()(/mnt/d/docs/work/cangjie/projects/fountain/f_net/src/client/MultiClient.cj: 218)
        at fountain::f_rpc.client.RPCClient::static.init::lambda.0()(/mnt/d/docs/work/cangjie/projects/fountain/f_rpc/src/client/RPCClient.cj.macrocall: 65)
[WARN-rpc]2026/09/06,13:28:54.528083232|25;error on RPCClient init
An exception has occured:
NoneValueException
        at std.collection.TreeMap<...>::forward(T0, Bool)(std/collection/tree_map.cj: 0)
        at fountain::f_concurrent.LoadBalance<...>::iterator()(/mnt/d/docs/work/cangjie/projects/fountain/f_concurrent/src/LoadBalance.cj: 114)
        at fountain::f_net.client.MultiClient<...>::iterator()(/mnt/d/docs/work/cangjie/projects/fountain/f_net/src/client/MultiClient.cj: 218)
        at fountain::f_rpc.client.RPCClient::static.init::lambda.0()(/mnt/d/docs/work/cangjie/projects/fountain/f_rpc/src/client/RPCClient.cj.macrocall: 65)
[WARN-rpc]2026/09/06,13:28:55.530728043|25;error on RPCClient init
An exception has occured:
NoneValueException
        at std.collection.TreeMap<...>::forward(T0, Bool)(std/collection/tree_map.cj: 0)
        at fountain::f_concurrent.LoadBalance<...>::iterator()(/mnt/d/docs/work/cangjie/projects/fountain/f_concurrent/src/LoadBalance.cj: 114)
        at fountain::f_net.client.MultiClient<...>::iterator()(/mnt/d/docs/work/cangjie/projects/fountain/f_net/src/client/MultiClient.cj: 218)
        at fountain::f_rpc.client.RPCClient::static.init::lambda.0()(/mnt/d/docs/work/cangjie/projects/fountain/f_rpc/src/client/RPCClient.cj.macrocall: 65)
[WARN-rpc]2026/09/06,13:28:56.532470288|25;error on RPCClient init
An exception has occured:
NoneValueException
        at std.collection.TreeMap<...>::forward(T0, Bool)(std/collection/tree_map.cj: 0)
        at fountain::f_concurrent.LoadBalance<...>::iterator()(/mnt/d/docs/work/cangjie/projects/fountain/f_concurrent/src/LoadBalance.cj: 114)
        at fountain::f_net.client.MultiClient<...>::iterator()(/mnt/d/docs/work/cangjie/projects/fountain/f_net/src/client/MultiClient.cj: 218)
        at fountain::f_rpc.client.RPCClient::static.init::lambda.0()(/mnt/d/docs/work/cangjie/projects/fountain/f_rpc/src/client/RPCClient.cj.macrocall: 65)
[WARN-rpc]2026/09/06,13:28:57.535932407|25;error on RPCClient init
An exception has occured:
NoneValueException
        at std.collection.TreeMap<...>::forward(T0, Bool)(std/collection/tree_map.cj: 0)
        at fountain::f_concurrent.LoadBalance<...>::iterator()(/mnt/d/docs/work/cangjie/projects/fountain/f_concurrent/src/LoadBalance.cj: 114)
        at fountain::f_net.client.MultiClient<...>::iterator()(/mnt/d/docs/work/cangjie/projects/fountain/f_net/src/client/MultiClient.cj: 218)
        at fountain::f_rpc.client.RPCClient::static.init::lambda.0()(/mnt/d/docs/work/cangjie/projects/fountain/f_rpc/src/client/RPCClient.cj.macrocall: 65)
[WARN-rpc]2026/09/06,13:28:58.539687674|25;error on RPCClient init
An exception has occured:
NoneValueException
        at std.collection.TreeMap<...>::forward(T0, Bool)(std/collection/tree_map.cj: 0)
        at fountain::f_concurrent.LoadBalance<...>::iterator()(/mnt/d/docs/work/cangjie/projects/fountain/f_concurrent/src/LoadBalance.cj: 114)
        at fountain::f_net.client.MultiClient<...>::iterator()(/mnt/d/docs/work/cangjie/projects/fountain/f_net/src/client/MultiClient.cj: 218)
        at fountain::f_rpc.client.RPCClient::static.init::lambda.0()(/mnt/d/docs/work/cangjie/projects/fountain/f_rpc/src/client/RPCClient.cj.macrocall: 65)
[WARN-rpc]2026/09/06,13:28:59.541352801|25;error on RPCClient init
An exception has occured:
NoneValueException
        at std.collection.TreeMap<...>::forward(T0, Bool)(std/collection/tree_map.cj: 0)
        at fountain::f_concurrent.LoadBalance<...>::iterator()(/mnt/d/docs/work/cangjie/projects/fountain/f_concurrent/src/LoadBalance.cj: 114)
        at fountain::f_net.client.MultiClient<...>::iterator()(/mnt/d/docs/work/cangjie/projects/fountain/f_net/src/client/MultiClient.cj: 218)
        at fountain::f_rpc.client.RPCClient::static.init::lambda.0()(/mnt/d/docs/work/cangjie/projects/fountain/f_rpc/src/client/RPCClient.cj.macrocall: 65)
[WARN-rpc]2026/09/06,13:29:00.544433258|25;error on RPCClient init
An exception has occured:
NoneValueException
        at std.collection.TreeMap<...>::forward(T0, Bool)(std/collection/tree_map.cj: 0)
        at fountain::f_concurrent.LoadBalance<...>::iterator()(/mnt/d/docs/work/cangjie/projects/fountain/f_concurrent/src/LoadBalance.cj: 114)
        at fountain::f_net.client.MultiClient<...>::iterator()(/mnt/d/docs/work/cangjie/projects/fountain/f_net/src/client/MultiClient.cj: 218)
        at fountain::f_rpc.client.RPCClient::static.init::lambda.0()(/mnt/d/docs/work/cangjie/projects/fountain/f_rpc/src/client/RPCClient.cj.macrocall: 65)
[WARN-rpc]2026/09/06,13:29:01.546883936|25;error on RPCClient init
An exception has occured:
NoneValueException
        at std.collection.TreeMap<...>::forward(T0, Bool)(std/collection/tree_map.cj: 0)
        at fountain::f_concurrent.LoadBalance<...>::iterator()(/mnt/d/docs/work/cangjie/projects/fountain/f_concurrent/src/LoadBalance.cj: 114)
        at fountain::f_net.client.MultiClient<...>::iterator()(/mnt/d/docs/work/cangjie/projects/fountain/f_net/src/client/MultiClient.cj: 218)
        at fountain::f_rpc.client.RPCClient::static.init::lambda.0()(/mnt/d/docs/work/cangjie/projects/fountain/f_rpc/src/client/RPCClient.cj.macrocall: 65)
[WARN-rpc]2026/09/06,13:29:02.548775571|25;error on RPCClient init
An exception has occured:
NoneValueException
        at std.collection.TreeMap<...>::forward(T0, Bool)(std/collection/tree_map.cj: 0)
        at fountain::f_concurrent.LoadBalance<...>::iterator()(/mnt/d/docs/work/cangjie/projects/fountain/f_concurrent/src/LoadBalance.cj: 114)
        at fountain::f_net.client.MultiClient<...>::iterator()(/mnt/d/docs/work/cangjie/projects/fountain/f_net/src/client/MultiClient.cj: 218)
        at fountain::f_rpc.client.RPCClient::static.init::lambda.0()(/mnt/d/docs/work/cangjie/projects/fountain/f_rpc/src/client/RPCClient.cj.macrocall: 65)
[WARN-rpc]2026/09/06,13:29:03.550509565|25;error on RPCClient init
An exception has occured:
NoneValueException
        at std.collection.TreeMap<...>::forward(T0, Bool)(std/collection/tree_map.cj: 0)
        at fountain::f_concurrent.LoadBalance<...>::iterator()(/mnt/d/docs/work/cangjie/projects/fountain/f_concurrent/src/LoadBalance.cj: 114)
        at fountain::f_net.client.MultiClient<...>::iterator()(/mnt/d/docs/work/cangjie/projects/fountain/f_net/src/client/MultiClient.cj: 218)
        at fountain::f_rpc.client.RPCClient::static.init::lambda.0()(/mnt/d/docs/work/cangjie/projects/fountain/f_rpc/src/client/RPCClient.cj.macrocall: 65)
[WARN-rpc]2026/09/06,13:29:04.553383536|25;error on RPCClient init
An exception has occured:
NoneValueException
        at std.collection.TreeMap<...>::forward(T0, Bool)(std/collection/tree_map.cj: 0)
        at fountain::f_concurrent.LoadBalance<...>::iterator()(/mnt/d/docs/work/cangjie/projects/fountain/f_concurrent/src/LoadBalance.cj: 114)
        at fountain::f_net.client.MultiClient<...>::iterator()(/mnt/d/docs/work/cangjie/projects/fountain/f_net/src/client/MultiClient.cj: 218)
        at fountain::f_rpc.client.RPCClient::static.init::lambda.0()(/mnt/d/docs/work/cangjie/projects/fountain/f_rpc/src/client/RPCClient.cj.macrocall: 65)
[WARN-rpc]2026/09/06,13:29:05.555400914|25;error on RPCClient init
An exception has occured:
NoneValueException
        at std.collection.TreeMap<...>::forward(T0, Bool)(std/collection/tree_map.cj: 0)
        at fountain::f_concurrent.LoadBalance<...>::iterator()(/mnt/d/docs/work/cangjie/projects/fountain/f_concurrent/src/LoadBalance.cj: 114)
        at fountain::f_net.client.MultiClient<...>::iterator()(/mnt/d/docs/work/cangjie/projects/fountain/f_net/src/client/MultiClient.cj: 218)
        at fountain::f_rpc.client.RPCClient::static.init::lambda.0()(/mnt/d/docs/work/cangjie/projects/fountain/f_rpc/src/client/RPCClient.cj.macrocall: 65)
[WARN-rpc]2026/09/06,13:29:06.557572319|25;error on RPCClient init
An exception has occured:
NoneValueException
        at std.collection.TreeMap<...>::forward(T0, Bool)(std/collection/tree_map.cj: 0)
        at fountain::f_concurrent.LoadBalance<...>::iterator()(/mnt/d/docs/work/cangjie/projects/fountain/f_concurrent/src/LoadBalance.cj: 114)
        at fountain::f_net.client.MultiClient<...>::iterator()(/mnt/d/docs/work/cangjie/projects/fountain/f_net/src/client/MultiClient.cj: 218)
        at fountain::f_rpc.client.RPCClient::static.init::lambda.0()(/mnt/d/docs/work/cangjie/projects/fountain/f_rpc/src/client/RPCClient.cj.macrocall: 65)
[WARN-rpc]2026/09/06,13:29:07.560193096|25;error on RPCClient init
An exception has occured:
NoneValueException
        at std.collection.TreeMap<...>::forward(T0, Bool)(std/collection/tree_map.cj: 0)
        at fountain::f_concurrent.LoadBalance<...>::iterator()(/mnt/d/docs/work/cangjie/projects/fountain/f_concurrent/src/LoadBalance.cj: 114)
        at fountain::f_net.client.MultiClient<...>::iterator()(/mnt/d/docs/work/cangjie/projects/fountain/f_net/src/client/MultiClient.cj: 218)
        at fountain::f_rpc.client.RPCClient::static.init::lambda.0()(/mnt/d/docs/work/cangjie/projects/fountain/f_rpc/src/client/RPCClient.cj.macrocall: 65)
[WARN-rpc]2026/09/06,13:29:08.562842186|25;error on RPCClient init
An exception has occured:
NoneValueException
        at std.collection.TreeMap<...>::forward(T0, Bool)(std/collection/tree_map.cj: 0)
        at fountain::f_concurrent.LoadBalance<...>::iterator()(/mnt/d/docs/work/cangjie/projects/fountain/f_concurrent/src/LoadBalance.cj: 114)
        at fountain::f_net.client.MultiClient<...>::iterator()(/mnt/d/docs/work/cangjie/projects/fountain/f_net/src/client/MultiClient.cj: 218)
        at fountain::f_rpc.client.RPCClient::static.init::lambda.0()(/mnt/d/docs/work/cangjie/projects/fountain/f_rpc/src/client/RPCClient.cj.macrocall: 65)
[WARN-rpc]2026/09/06,13:29:09.564206554|25;error on RPCClient init
An exception has occured:
NoneValueException
        at std.collection.TreeMap<...>::forward(T0, Bool)(std/collection/tree_map.cj: 0)
        at fountain::f_concurrent.LoadBalance<...>::iterator()(/mnt/d/docs/work/cangjie/projects/fountain/f_concurrent/src/LoadBalance.cj: 114)
        at fountain::f_net.client.MultiClient<...>::iterator()(/mnt/d/docs/work/cangjie/projects/fountain/f_net/src/client/MultiClient.cj: 218)
        at fountain::f_rpc.client.RPCClient::static.init::lambda.0()(/mnt/d/docs/work/cangjie/projects/fountain/f_rpc/src/client/RPCClient.cj.macrocall: 65)
[WARN-rpc]2026/09/06,13:29:10.567634999|25;error on RPCClient init
An exception has occured:
NoneValueException
        at std.collection.TreeMap<...>::forward(T0, Bool)(std/collection/tree_map.cj: 0)
        at fountain::f_concurrent.LoadBalance<...>::iterator()(/mnt/d/docs/work/cangjie/projects/fountain/f_concurrent/src/LoadBalance.cj: 114)
        at fountain::f_net.client.MultiClient<...>::iterator()(/mnt/d/docs/work/cangjie/projects/fountain/f_net/src/client/MultiClient.cj: 218)
        at fountain::f_rpc.client.RPCClient::static.init::lambda.0()(/mnt/d/docs/work/cangjie/projects/fountain/f_rpc/src/client/RPCClient.cj.macrocall: 65)
[WARN-rpc]2026/09/06,13:29:11.577819885|25;error on RPCClient init
An exception has occured:
NoneValueException
        at std.collection.TreeMap<...>::forward(T0, Bool)(std/collection/tree_map.cj: 0)
        at fountain::f_concurrent.LoadBalance<...>::iterator()(/mnt/d/docs/work/cangjie/projects/fountain/f_concurrent/src/LoadBalance.cj: 114)
        at fountain::f_net.client.MultiClient<...>::iterator()(/mnt/d/docs/work/cangjie/projects/fountain/f_net/src/client/MultiClient.cj: 218)
        at fountain::f_rpc.client.RPCClient::static.init::lambda.0()(/mnt/d/docs/work/cangjie/projects/fountain/f_rpc/src/client/RPCClient.cj.macrocall: 65)
[WARN-rpc]2026/09/06,13:29:12.586350627|25;error on RPCClient init
An exception has occured:
NoneValueException
        at std.collection.TreeMap<...>::forward(T0, Bool)(std/collection/tree_map.cj: 0)
        at fountain::f_concurrent.LoadBalance<...>::iterator()(/mnt/d/docs/work/cangjie/projects/fountain/f_concurrent/src/LoadBalance.cj: 114)
        at fountain::f_net.client.MultiClient<...>::iterator()(/mnt/d/docs/work/cangjie/projects/fountain/f_net/src/client/MultiClient.cj: 218)
        at fountain::f_rpc.client.RPCClient::static.init::lambda.0()(/mnt/d/docs/work/cangjie/projects/fountain/f_rpc/src/client/RPCClient.cj.macrocall: 65)
[WARN-rpc]2026/09/06,13:29:13.594961369|25;error on RPCClient init
An exception has occured:
NoneValueException
        at std.collection.TreeMap<...>::forward(T0, Bool)(std/collection/tree_map.cj: 0)
        at fountain::f_concurrent.LoadBalance<...>::iterator()(/mnt/d/docs/work/cangjie/projects/fountain/f_concurrent/src/LoadBalance.cj: 114)
        at fountain::f_net.client.MultiClient<...>::iterator()(/mnt/d/docs/work/cangjie/projects/fountain/f_net/src/client/MultiClient.cj: 218)
        at fountain::f_rpc.client.RPCClient::static.init::lambda.0()(/mnt/d/docs/work/cangjie/projects/fountain/f_rpc/src/client/RPCClient.cj.macrocall: 65)
[WARN-rpc]2026/09/06,13:29:14.603634882|25;error on RPCClient init
An exception has occured:
NoneValueException
        at std.collection.TreeMap<...>::forward(T0, Bool)(std/collection/tree_map.cj: 0)
        at fountain::f_concurrent.LoadBalance<...>::iterator()(/mnt/d/docs/work/cangjie/projects/fountain/f_concurrent/src/LoadBalance.cj: 114)
        at fountain::f_net.client.MultiClient<...>::iterator()(/mnt/d/docs/work/cangjie/projects/fountain/f_net/src/client/MultiClient.cj: 218)
        at fountain::f_rpc.client.RPCClient::static.init::lambda.0()(/mnt/d/docs/work/cangjie/projects/fountain/f_rpc/src/client/RPCClient.cj.macrocall: 65)
[WARN-rpc]2026/09/06,13:29:15.612748325|25;error on RPCClient init
An exception has occured:
NoneValueException
        at std.collection.TreeMap<...>::forward(T0, Bool)(std/collection/tree_map.cj: 0)
        at fountain::f_concurrent.LoadBalance<...>::iterator()(/mnt/d/docs/work/cangjie/projects/fountain/f_concurrent/src/LoadBalance.cj: 114)
        at fountain::f_net.client.MultiClient<...>::iterator()(/mnt/d/docs/work/cangjie/projects/fountain/f_net/src/client/MultiClient.cj: 218)
        at fountain::f_rpc.client.RPCClient::static.init::lambda.0()(/mnt/d/docs/work/cangjie/projects/fountain/f_rpc/src/client/RPCClient.cj.macrocall: 65)
[WARN-rpc]2026/09/06,13:29:16.621122703|25;error on RPCClient init
An exception has occured:
NoneValueException
        at std.collection.TreeMap<...>::forward(T0, Bool)(std/collection/tree_map.cj: 0)
        at fountain::f_concurrent.LoadBalance<...>::iterator()(/mnt/d/docs/work/cangjie/projects/fountain/f_concurrent/src/LoadBalance.cj: 114)
        at fountain::f_net.client.MultiClient<...>::iterator()(/mnt/d/docs/work/cangjie/projects/fountain/f_net/src/client/MultiClient.cj: 218)
        at fountain::f_rpc.client.RPCClient::static.init::lambda.0()(/mnt/d/docs/work/cangjie/projects/fountain/f_rpc/src/client/RPCClient.cj.macrocall: 65)
[WARN-rpc]2026/09/06,13:29:17.629160161|25;error on RPCClient init
An exception has occured:
NoneValueException
        at std.collection.TreeMap<...>::forward(T0, Bool)(std/collection/tree_map.cj: 0)
        at fountain::f_concurrent.LoadBalance<...>::iterator()(/mnt/d/docs/work/cangjie/projects/fountain/f_concurrent/src/LoadBalance.cj: 114)
        at fountain::f_net.client.MultiClient<...>::iterator()(/mnt/d/docs/work/cangjie/projects/fountain/f_net/src/client/MultiClient.cj: 218)
        at fountain::f_rpc.client.RPCClient::static.init::lambda.0()(/mnt/d/docs/work/cangjie/projects/fountain/f_rpc/src/client/RPCClient.cj.macrocall: 65)
[WARN-rpc]2026/09/06,13:29:18.636950745|25;error on RPCClient init
An exception has occured:
NoneValueException
        at std.collection.TreeMap<...>::forward(T0, Bool)(std/collection/tree_map.cj: 0)
        at fountain::f_concurrent.LoadBalance<...>::iterator()(/mnt/d/docs/work/cangjie/projects/fountain/f_concurrent/src/LoadBalance.cj: 114)
        at fountain::f_net.client.MultiClient<...>::iterator()(/mnt/d/docs/work/cangjie/projects/fountain/f_net/src/client/MultiClient.cj: 218)
        at fountain::f_rpc.client.RPCClient::static.init::lambda.0()(/mnt/d/docs/work/cangjie/projects/fountain/f_rpc/src/client/RPCClient.cj.macrocall: 65)
[WARN-rpc]2026/09/06,13:29:19.643392715|25;error on RPCClient init
An exception has occured:
NoneValueException
        at std.collection.TreeMap<...>::forward(T0, Bool)(std/collection/tree_map.cj: 0)
        at fountain::f_concurrent.LoadBalance<...>::iterator()(/mnt/d/docs/work/cangjie/projects/fountain/f_concurrent/src/LoadBalance.cj: 114)
        at fountain::f_net.client.MultiClient<...>::iterator()(/mnt/d/docs/work/cangjie/projects/fountain/f_net/src/client/MultiClient.cj: 218)
        at fountain::f_rpc.client.RPCClient::static.init::lambda.0()(/mnt/d/docs/work/cangjie/projects/fountain/f_rpc/src/client/RPCClient.cj.macrocall: 65)
[WARN-rpc]2026/09/06,13:29:20.650920289|25;error on RPCClient init
An exception has occured:
NoneValueException
        at std.collection.TreeMap<...>::forward(T0, Bool)(std/collection/tree_map.cj: 0)
        at fountain::f_concurrent.LoadBalance<...>::iterator()(/mnt/d/docs/work/cangjie/projects/fountain/f_concurrent/src/LoadBalance.cj: 114)
        at fountain::f_net.client.MultiClient<...>::iterator()(/mnt/d/docs/work/cangjie/projects/fountain/f_net/src/client/MultiClient.cj: 218)
        at fountain::f_rpc.client.RPCClient::static.init::lambda.0()(/mnt/d/docs/work/cangjie/projects/fountain/f_rpc/src/client/RPCClient.cj.macrocall: 65)
[WARN-rpc]2026/09/06,13:29:21.657950349|25;error on RPCClient init
An exception has occured:
NoneValueException
        at std.collection.TreeMap<...>::forward(T0, Bool)(std/collection/tree_map.cj: 0)
        at fountain::f_concurrent.LoadBalance<...>::iterator()(/mnt/d/docs/work/cangjie/projects/fountain/f_concurrent/src/LoadBalance.cj: 114)
        at fountain::f_net.client.MultiClient<...>::iterator()(/mnt/d/docs/work/cangjie/projects/fountain/f_net/src/client/MultiClient.cj: 218)
        at fountain::f_rpc.client.RPCClient::static.init::lambda.0()(/mnt/d/docs/work/cangjie/projects/fountain/f_rpc/src/client/RPCClient.cj.macrocall: 65)
[WARN-rpc]2026/09/06,13:29:22.665711556|25;error on RPCClient init
An exception has occured:
NoneValueException
        at std.collection.TreeMap<...>::forward(T0, Bool)(std/collection/tree_map.cj: 0)
        at fountain::f_concurrent.LoadBalance<...>::iterator()(/mnt/d/docs/work/cangjie/projects/fountain/f_concurrent/src/LoadBalance.cj: 114)
        at fountain::f_net.client.MultiClient<...>::iterator()(/mnt/d/docs/work/cangjie/projects/fountain/f_net/src/client/MultiClient.cj: 218)
        at fountain::f_rpc.client.RPCClient::static.init::lambda.0()(/mnt/d/docs/work/cangjie/projects/fountain/f_rpc/src/client/RPCClient.cj.macrocall: 65)
[WARN-rpc]2026/09/06,13:29:23.674345727|25;error on RPCClient init
An exception has occured:
NoneValueException
        at std.collection.TreeMap<...>::forward(T0, Bool)(std/collection/tree_map.cj: 0)
        at fountain::f_concurrent.LoadBalance<...>::iterator()(/mnt/d/docs/work/cangjie/projects/fountain/f_concurrent/src/LoadBalance.cj: 114)
        at fountain::f_net.client.MultiClient<...>::iterator()(/mnt/d/docs/work/cangjie/projects/fountain/f_net/src/client/MultiClient.cj: 218)
        at fountain::f_rpc.client.RPCClient::static.init::lambda.0()(/mnt/d/docs/work/cangjie/projects/fountain/f_rpc/src/client/RPCClient.cj.macrocall: 65)
[WARN-rpc]2026/09/06,13:29:24.683740957|25;error on RPCClient init
An exception has occured:
NoneValueException
        at std.collection.TreeMap<...>::forward(T0, Bool)(std/collection/tree_map.cj: 0)
        at fountain::f_concurrent.LoadBalance<...>::iterator()(/mnt/d/docs/work/cangjie/projects/fountain/f_concurrent/src/LoadBalance.cj: 114)
        at fountain::f_net.client.MultiClient<...>::iterator()(/mnt/d/docs/work/cangjie/projects/fountain/f_net/src/client/MultiClient.cj: 218)
        at fountain::f_rpc.client.RPCClient::static.init::lambda.0()(/mnt/d/docs/work/cangjie/projects/fountain/f_rpc/src/client/RPCClient.cj.macrocall: 65)
[WARN-rpc]2026/09/06,13:29:25.693588032|25;error on RPCClient init
An exception has occured:
NoneValueException
        at std.collection.TreeMap<...>::forward(T0, Bool)(std/collection/tree_map.cj: 0)
        at fountain::f_concurrent.LoadBalance<...>::iterator()(/mnt/d/docs/work/cangjie/projects/fountain/f_concurrent/src/LoadBalance.cj: 114)
        at fountain::f_net.client.MultiClient<...>::iterator()(/mnt/d/docs/work/cangjie/projects/fountain/f_net/src/client/MultiClient.cj: 218)
        at fountain::f_rpc.client.RPCClient::static.init::lambda.0()(/mnt/d/docs/work/cangjie/projects/fountain/f_rpc/src/client/RPCClient.cj.macrocall: 65)
[WARN-rpc]2026/09/06,13:29:26.704035548|25;error on RPCClient init
An exception has occured:
NoneValueException
        at std.collection.TreeMap<...>::forward(T0, Bool)(std/collection/tree_map.cj: 0)
        at fountain::f_concurrent.LoadBalance<...>::iterator()(/mnt/d/docs/work/cangjie/projects/fountain/f_concurrent/src/LoadBalance.cj: 114)
        at fountain::f_net.client.MultiClient<...>::iterator()(/mnt/d/docs/work/cangjie/projects/fountain/f_net/src/client/MultiClient.cj: 218)
        at fountain::f_rpc.client.RPCClient::static.init::lambda.0()(/mnt/d/docs/work/cangjie/projects/fountain/f_rpc/src/client/RPCClient.cj.macrocall: 65)
[WARN-rpc]2026/09/06,13:29:27.713597349|25;error on RPCClient init
An exception has occured:
NoneValueException
        at std.collection.TreeMap<...>::forward(T0, Bool)(std/collection/tree_map.cj: 0)
        at fountain::f_concurrent.LoadBalance<...>::iterator()(/mnt/d/docs/work/cangjie/projects/fountain/f_concurrent/src/LoadBalance.cj: 114)
        at fountain::f_net.client.MultiClient<...>::iterator()(/mnt/d/docs/work/cangjie/projects/fountain/f_net/src/client/MultiClient.cj: 218)
        at fountain::f_rpc.client.RPCClient::static.init::lambda.0()(/mnt/d/docs/work/cangjie/projects/fountain/f_rpc/src/client/RPCClient.cj.macrocall: 65)
[WARN-rpc]2026/09/06,13:29:28.716366489|25;error on RPCClient init
An exception has occured:
NoneValueException
        at std.collection.TreeMap<...>::forward(T0, Bool)(std/collection/tree_map.cj: 0)
        at fountain::f_concurrent.LoadBalance<...>::iterator()(/mnt/d/docs/work/cangjie/projects/fountain/f_concurrent/src/LoadBalance.cj: 114)
        at fountain::f_net.client.MultiClient<...>::iterator()(/mnt/d/docs/work/cangjie/projects/fountain/f_net/src/client/MultiClient.cj: 218)
        at fountain::f_rpc.client.RPCClient::static.init::lambda.0()(/mnt/d/docs/work/cangjie/projects/fountain/f_rpc/src/client/RPCClient.cj.macrocall: 65)
[WARN-rpc]2026/09/06,13:29:29.726070958|25;error on RPCClient init
An exception has occured:
NoneValueException
        at std.collection.TreeMap<...>::forward(T0, Bool)(std/collection/tree_map.cj: 0)
        at fountain::f_concurrent.LoadBalance<...>::iterator()(/mnt/d/docs/work/cangjie/projects/fountain/f_concurrent/src/LoadBalance.cj: 114)
        at fountain::f_net.client.MultiClient<...>::iterator()(/mnt/d/docs/work/cangjie/projects/fountain/f_net/src/client/MultiClient.cj: 218)
        at fountain::f_rpc.client.RPCClient::static.init::lambda.0()(/mnt/d/docs/work/cangjie/projects/fountain/f_rpc/src/client/RPCClient.cj.macrocall: 65)
[WARN-rpc]2026/09/06,13:29:30.726496891|25;error on RPCClient init
An exception has occured:
NoneValueException
        at std.collection.TreeMap<...>::forward(T0, Bool)(std/collection/tree_map.cj: 0)
        at fountain::f_concurrent.LoadBalance<...>::iterator()(/mnt/d/docs/work/cangjie/projects/fountain/f_concurrent/src/LoadBalance.cj: 114)
        at fountain::f_net.client.MultiClient<...>::iterator()(/mnt/d/docs/work/cangjie/projects/fountain/f_net/src/client/MultiClient.cj: 218)
        at fountain::f_rpc.client.RPCClient::static.init::lambda.0()(/mnt/d/docs/work/cangjie/projects/fountain/f_rpc/src/client/RPCClient.cj.macrocall: 65)
[WARN-rpc]2026/09/06,13:29:31.728223004|25;error on RPCClient init
An exception has occured:
NoneValueException
        at std.collection.TreeMap<...>::forward(T0, Bool)(std/collection/tree_map.cj: 0)
        at fountain::f_concurrent.LoadBalance<...>::iterator()(/mnt/d/docs/work/cangjie/projects/fountain/f_concurrent/src/LoadBalance.cj: 114)
        at fountain::f_net.client.MultiClient<...>::iterator()(/mnt/d/docs/work/cangjie/projects/fountain/f_net/src/client/MultiClient.cj: 218)
        at fountain::f_rpc.client.RPCClient::static.init::lambda.0()(/mnt/d/docs/work/cangjie/projects/fountain/f_rpc/src/client/RPCClient.cj.macrocall: 65)
[WARN-rpc]2026/09/06,13:29:32.728767082|25;error on RPCClient init
An exception has occured:
NoneValueException
        at std.collection.TreeMap<...>::forward(T0, Bool)(std/collection/tree_map.cj: 0)
        at fountain::f_concurrent.LoadBalance<...>::iterator()(/mnt/d/docs/work/cangjie/projects/fountain/f_concurrent/src/LoadBalance.cj: 114)
        at fountain::f_net.client.MultiClient<...>::iterator()(/mnt/d/docs/work/cangjie/projects/fountain/f_net/src/client/MultiClient.cj: 218)
        at fountain::f_rpc.client.RPCClient::static.init::lambda.0()(/mnt/d/docs/work/cangjie/projects/fountain/f_rpc/src/client/RPCClient.cj.macrocall: 65)
[WARN-rpc]2026/09/06,13:29:33.729236225|25;error on RPCClient init
An exception has occured:
NoneValueException
        at std.collection.TreeMap<...>::forward(T0, Bool)(std/collection/tree_map.cj: 0)
        at fountain::f_concurrent.LoadBalance<...>::iterator()(/mnt/d/docs/work/cangjie/projects/fountain/f_concurrent/src/LoadBalance.cj: 114)
        at fountain::f_net.client.MultiClient<...>::iterator()(/mnt/d/docs/work/cangjie/projects/fountain/f_net/src/client/MultiClient.cj: 218)
        at fountain::f_rpc.client.RPCClient::static.init::lambda.0()(/mnt/d/docs/work/cangjie/projects/fountain/f_rpc/src/client/RPCClient.cj.macrocall: 65)
[WARN-rpc]2026/09/06,13:29:34.731420167|25;error on RPCClient init
An exception has occured:
NoneValueException
        at std.collection.TreeMap<...>::forward(T0, Bool)(std/collection/tree_map.cj: 0)
        at fountain::f_concurrent.LoadBalance<...>::iterator()(/mnt/d/docs/work/cangjie/projects/fountain/f_concurrent/src/LoadBalance.cj: 114)
        at fountain::f_net.client.MultiClient<...>::iterator()(/mnt/d/docs/work/cangjie/projects/fountain/f_net/src/client/MultiClient.cj: 218)
        at fountain::f_rpc.client.RPCClient::static.init::lambda.0()(/mnt/d/docs/work/cangjie/projects/fountain/f_rpc/src/client/RPCClient.cj.macrocall: 65)
[WARN-rpc]2026/09/06,13:29:35.732315904|25;error on RPCClient init
An exception has occured:
NoneValueException
        at std.collection.TreeMap<...>::forward(T0, Bool)(std/collection/tree_map.cj: 0)
        at fountain::f_concurrent.LoadBalance<...>::iterator()(/mnt/d/docs/work/cangjie/projects/fountain/f_concurrent/src/LoadBalance.cj: 114)
        at fountain::f_net.client.MultiClient<...>::iterator()(/mnt/d/docs/work/cangjie/projects/fountain/f_net/src/client/MultiClient.cj: 218)
        at fountain::f_rpc.client.RPCClient::static.init::lambda.0()(/mnt/d/docs/work/cangjie/projects/fountain/f_rpc/src/client/RPCClient.cj.macrocall: 65)
[WARN-rpc]2026/09/06,13:29:36.734733788|25;error on RPCClient init
An exception has occured:
NoneValueException
        at std.collection.TreeMap<...>::forward(T0, Bool)(std/collection/tree_map.cj: 0)
        at fountain::f_concurrent.LoadBalance<...>::iterator()(/mnt/d/docs/work/cangjie/projects/fountain/f_concurrent/src/LoadBalance.cj: 114)
        at fountain::f_net.client.MultiClient<...>::iterator()(/mnt/d/docs/work/cangjie/projects/fountain/f_net/src/client/MultiClient.cj: 218)
        at fountain::f_rpc.client.RPCClient::static.init::lambda.0()(/mnt/d/docs/work/cangjie/projects/fountain/f_rpc/src/client/RPCClient.cj.macrocall: 65)
[WARN-rpc]2026/09/06,13:29:37.735976621|25;error on RPCClient init
An exception has occured:
NoneValueException
        at std.collection.TreeMap<...>::forward(T0, Bool)(std/collection/tree_map.cj: 0)
        at fountain::f_concurrent.LoadBalance<...>::iterator()(/mnt/d/docs/work/cangjie/projects/fountain/f_concurrent/src/LoadBalance.cj: 114)
        at fountain::f_net.client.MultiClient<...>::iterator()(/mnt/d/docs/work/cangjie/projects/fountain/f_net/src/client/MultiClient.cj: 218)
        at fountain::f_rpc.client.RPCClient::static.init::lambda.0()(/mnt/d/docs/work/cangjie/projects/fountain/f_rpc/src/client/RPCClient.cj.macrocall: 65)
[WARN-rpc]2026/09/06,13:29:38.738412147|25;error on RPCClient init
An exception has occured:
NoneValueException
        at std.collection.TreeMap<...>::forward(T0, Bool)(std/collection/tree_map.cj: 0)
        at fountain::f_concurrent.LoadBalance<...>::iterator()(/mnt/d/docs/work/cangjie/projects/fountain/f_concurrent/src/LoadBalance.cj: 114)
        at fountain::f_net.client.MultiClient<...>::iterator()(/mnt/d/docs/work/cangjie/projects/fountain/f_net/src/client/MultiClient.cj: 218)
        at fountain::f_rpc.client.RPCClient::static.init::lambda.0()(/mnt/d/docs/work/cangjie/projects/fountain/f_rpc/src/client/RPCClient.cj.macrocall: 65)
[WARN-rpc]2026/09/06,13:29:39.739207030|25;error on RPCClient init
An exception has occured:
NoneValueException
        at std.collection.TreeMap<...>::forward(T0, Bool)(std/collection/tree_map.cj: 0)
        at fountain::f_concurrent.LoadBalance<...>::iterator()(/mnt/d/docs/work/cangjie/projects/fountain/f_concurrent/src/LoadBalance.cj: 114)
        at fountain::f_net.client.MultiClient<...>::iterator()(/mnt/d/docs/work/cangjie/projects/fountain/f_net/src/client/MultiClient.cj: 218)
        at fountain::f_rpc.client.RPCClient::static.init::lambda.0()(/mnt/d/docs/work/cangjie/projects/fountain/f_rpc/src/client/RPCClient.cj.macrocall: 65)
[WARN-rpc]2026/09/06,13:29:40.742478810|25;error on RPCClient init
An exception has occured:
NoneValueException
        at std.collection.TreeMap<...>::forward(T0, Bool)(std/collection/tree_map.cj: 0)
        at fountain::f_concurrent.LoadBalance<...>::iterator()(/mnt/d/docs/work/cangjie/projects/fountain/f_concurrent/src/LoadBalance.cj: 114)
        at fountain::f_net.client.MultiClient<...>::iterator()(/mnt/d/docs/work/cangjie/projects/fountain/f_net/src/client/MultiClient.cj: 218)
        at fountain::f_rpc.client.RPCClient::static.init::lambda.0()(/mnt/d/docs/work/cangjie/projects/fountain/f_rpc/src/client/RPCClient.cj.macrocall: 65)
[WARN-rpc]2026/09/06,13:29:41.744477183|25;error on RPCClient init
An exception has occured:
NoneValueException
        at std.collection.TreeMap<...>::forward(T0, Bool)(std/collection/tree_map.cj: 0)
        at fountain::f_concurrent.LoadBalance<...>::iterator()(/mnt/d/docs/work/cangjie/projects/fountain/f_concurrent/src/LoadBalance.cj: 114)
        at fountain::f_net.client.MultiClient<...>::iterator()(/mnt/d/docs/work/cangjie/projects/fountain/f_net/src/client/MultiClient.cj: 218)
        at fountain::f_rpc.client.RPCClient::static.init::lambda.0()(/mnt/d/docs/work/cangjie/projects/fountain/f_rpc/src/client/RPCClient.cj.macrocall: 65)
[WARN-rpc]2026/09/06,13:29:42.746647926|25;error on RPCClient init
An exception has occured:
NoneValueException
        at std.collection.TreeMap<...>::forward(T0, Bool)(std/collection/tree_map.cj: 0)
        at fountain::f_concurrent.LoadBalance<...>::iterator()(/mnt/d/docs/work/cangjie/projects/fountain/f_concurrent/src/LoadBalance.cj: 114)
        at fountain::f_net.client.MultiClient<...>::iterator()(/mnt/d/docs/work/cangjie/projects/fountain/f_net/src/client/MultiClient.cj: 218)
        at fountain::f_rpc.client.RPCClient::static.init::lambda.0()(/mnt/d/docs/work/cangjie/projects/fountain/f_rpc/src/client/RPCClient.cj.macrocall: 65)
[WARN-rpc]2026/09/06,13:29:43.749656110|25;error on RPCClient init
An exception has occured:
NoneValueException
        at std.collection.TreeMap<...>::forward(T0, Bool)(std/collection/tree_map.cj: 0)
        at fountain::f_concurrent.LoadBalance<...>::iterator()(/mnt/d/docs/work/cangjie/projects/fountain/f_concurrent/src/LoadBalance.cj: 114)
        at fountain::f_net.client.MultiClient<...>::iterator()(/mnt/d/docs/work/cangjie/projects/fountain/f_net/src/client/MultiClient.cj: 218)
        at fountain::f_rpc.client.RPCClient::static.init::lambda.0()(/mnt/d/docs/work/cangjie/projects/fountain/f_rpc/src/client/RPCClient.cj.macrocall: 65)
[WARN-rpc]2026/09/06,13:29:44.751937179|25;error on RPCClient init
An exception has occured:
NoneValueException
        at std.collection.TreeMap<...>::forward(T0, Bool)(std/collection/tree_map.cj: 0)
        at fountain::f_concurrent.LoadBalance<...>::iterator()(/mnt/d/docs/work/cangjie/projects/fountain/f_concurrent/src/LoadBalance.cj: 114)
        at fountain::f_net.client.MultiClient<...>::iterator()(/mnt/d/docs/work/cangjie/projects/fountain/f_net/src/client/MultiClient.cj: 218)
        at fountain::f_rpc.client.RPCClient::static.init::lambda.0()(/mnt/d/docs/work/cangjie/projects/fountain/f_rpc/src/client/RPCClient.cj.macrocall: 65)
[WARN-rpc]2026/09/06,13:29:45.754010064|25;error on RPCClient init
An exception has occured:
NoneValueException
        at std.collection.TreeMap<...>::forward(T0, Bool)(std/collection/tree_map.cj: 0)
        at fountain::f_concurrent.LoadBalance<...>::iterator()(/mnt/d/docs/work/cangjie/projects/fountain/f_concurrent/src/LoadBalance.cj: 114)
        at fountain::f_net.client.MultiClient<...>::iterator()(/mnt/d/docs/work/cangjie/projects/fountain/f_net/src/client/MultiClient.cj: 218)
        at fountain::f_rpc.client.RPCClient::static.init::lambda.0()(/mnt/d/docs/work/cangjie/projects/fountain/f_rpc/src/client/RPCClient.cj.macrocall: 65)
[WARN-rpc]2026/09/06,13:29:46.756771985|25;error on RPCClient init
An exception has occured:
NoneValueException
        at std.collection.TreeMap<...>::forward(T0, Bool)(std/collection/tree_map.cj: 0)
        at fountain::f_concurrent.LoadBalance<...>::iterator()(/mnt/d/docs/work/cangjie/projects/fountain/f_concurrent/src/LoadBalance.cj: 114)
        at fountain::f_net.client.MultiClient<...>::iterator()(/mnt/d/docs/work/cangjie/projects/fountain/f_net/src/client/MultiClient.cj: 218)
        at fountain::f_rpc.client.RPCClient::static.init::lambda.0()(/mnt/d/docs/work/cangjie/projects/fountain/f_rpc/src/client/RPCClient.cj.macrocall: 65)
[WARN-rpc]2026/09/06,13:29:47.758728306|25;error on RPCClient init
An exception has occured:
NoneValueException
        at std.collection.TreeMap<...>::forward(T0, Bool)(std/collection/tree_map.cj: 0)
        at fountain::f_concurrent.LoadBalance<...>::iterator()(/mnt/d/docs/work/cangjie/projects/fountain/f_concurrent/src/LoadBalance.cj: 114)
        at fountain::f_net.client.MultiClient<...>::iterator()(/mnt/d/docs/work/cangjie/projects/fountain/f_net/src/client/MultiClient.cj: 218)
        at fountain::f_rpc.client.RPCClient::static.init::lambda.0()(/mnt/d/docs/work/cangjie/projects/fountain/f_rpc/src/client/RPCClient.cj.macrocall: 65)
[WARN-rpc]2026/09/06,13:29:48.760207264|25;error on RPCClient init
An exception has occured:
NoneValueException
        at std.collection.TreeMap<...>::forward(T0, Bool)(std/collection/tree_map.cj: 0)
        at fountain::f_concurrent.LoadBalance<...>::iterator()(/mnt/d/docs/work/cangjie/projects/fountain/f_concurrent/src/LoadBalance.cj: 114)
        at fountain::f_net.client.MultiClient<...>::iterator()(/mnt/d/docs/work/cangjie/projects/fountain/f_net/src/client/MultiClient.cj: 218)
        at fountain::f_rpc.client.RPCClient::static.init::lambda.0()(/mnt/d/docs/work/cangjie/projects/fountain/f_rpc/src/client/RPCClient.cj.macrocall: 65)
[WARN-rpc]2026/09/06,13:29:49.770688710|25;error on RPCClient init
An exception has occured:
NoneValueException
        at std.collection.TreeMap<...>::forward(T0, Bool)(std/collection/tree_map.cj: 0)
        at fountain::f_concurrent.LoadBalance<...>::iterator()(/mnt/d/docs/work/cangjie/projects/fountain/f_concurrent/src/LoadBalance.cj: 114)
        at fountain::f_net.client.MultiClient<...>::iterator()(/mnt/d/docs/work/cangjie/projects/fountain/f_net/src/client/MultiClient.cj: 218)
        at fountain::f_rpc.client.RPCClient::static.init::lambda.0()(/mnt/d/docs/work/cangjie/projects/fountain/f_rpc/src/client/RPCClient.cj.macrocall: 65)
[WARN-rpc]2026/09/06,13:29:50.779564771|25;error on RPCClient init
An exception has occured:
NoneValueException
        at std.collection.TreeMap<...>::forward(T0, Bool)(std/collection/tree_map.cj: 0)
        at fountain::f_concurrent.LoadBalance<...>::iterator()(/mnt/d/docs/work/cangjie/projects/fountain/f_concurrent/src/LoadBalance.cj: 114)
        at fountain::f_net.client.MultiClient<...>::iterator()(/mnt/d/docs/work/cangjie/projects/fountain/f_net/src/client/MultiClient.cj: 218)
        at fountain::f_rpc.client.RPCClient::static.init::lambda.0()(/mnt/d/docs/work/cangjie/projects/fountain/f_rpc/src/client/RPCClient.cj.macrocall: 65)
[WARN-rpc]2026/09/06,13:29:51.780495802|25;error on RPCClient init
An exception has occured:
NoneValueException
        at std.collection.TreeMap<...>::forward(T0, Bool)(std/collection/tree_map.cj: 0)
        at fountain::f_concurrent.LoadBalance<...>::iterator()(/mnt/d/docs/work/cangjie/projects/fountain/f_concurrent/src/LoadBalance.cj: 114)
        at fountain::f_net.client.MultiClient<...>::iterator()(/mnt/d/docs/work/cangjie/projects/fountain/f_net/src/client/MultiClient.cj: 218)
        at fountain::f_rpc.client.RPCClient::static.init::lambda.0()(/mnt/d/docs/work/cangjie/projects/fountain/f_rpc/src/client/RPCClient.cj.macrocall: 65)
[WARN-rpc]2026/09/06,13:29:52.781831851|25;error on RPCClient init
An exception has occured:
NoneValueException
        at std.collection.TreeMap<...>::forward(T0, Bool)(std/collection/tree_map.cj: 0)
        at fountain::f_concurrent.LoadBalance<...>::iterator()(/mnt/d/docs/work/cangjie/projects/fountain/f_concurrent/src/LoadBalance.cj: 114)
        at fountain::f_net.client.MultiClient<...>::iterator()(/mnt/d/docs/work/cangjie/projects/fountain/f_net/src/client/MultiClient.cj: 218)
        at fountain::f_rpc.client.RPCClient::static.init::lambda.0()(/mnt/d/docs/work/cangjie/projects/fountain/f_rpc/src/client/RPCClient.cj.macrocall: 65)
[WARN-rpc]2026/09/06,13:29:53.784934843|25;error on RPCClient init
An exception has occured:
NoneValueException
        at std.collection.TreeMap<...>::forward(T0, Bool)(std/collection/tree_map.cj: 0)
        at fountain::f_concurrent.LoadBalance<...>::iterator()(/mnt/d/docs/work/cangjie/projects/fountain/f_concurrent/src/LoadBalance.cj: 114)
        at fountain::f_net.client.MultiClient<...>::iterator()(/mnt/d/docs/work/cangjie/projects/fountain/f_net/src/client/MultiClient.cj: 218)
        at fountain::f_rpc.client.RPCClient::static.init::lambda.0()(/mnt/d/docs/work/cangjie/projects/fountain/f_rpc/src/client/RPCClient.cj.macrocall: 65)
[WARN-rpc]2026/09/06,13:29:54.787168239|25;error on RPCClient init
An exception has occured:
NoneValueException
        at std.collection.TreeMap<...>::forward(T0, Bool)(std/collection/tree_map.cj: 0)
        at fountain::f_concurrent.LoadBalance<...>::iterator()(/mnt/d/docs/work/cangjie/projects/fountain/f_concurrent/src/LoadBalance.cj: 114)
        at fountain::f_net.client.MultiClient<...>::iterator()(/mnt/d/docs/work/cangjie/projects/fountain/f_net/src/client/MultiClient.cj: 218)
        at fountain::f_rpc.client.RPCClient::static.init::lambda.0()(/mnt/d/docs/work/cangjie/projects/fountain/f_rpc/src/client/RPCClient.cj.macrocall: 65)
[WARN-rpc]2026/09/06,13:29:55.790161595|25;error on RPCClient init
An exception has occured:
NoneValueException
        at std.collection.TreeMap<...>::forward(T0, Bool)(std/collection/tree_map.cj: 0)
        at fountain::f_concurrent.LoadBalance<...>::iterator()(/mnt/d/docs/work/cangjie/projects/fountain/f_concurrent/src/LoadBalance.cj: 114)
        at fountain::f_net.client.MultiClient<...>::iterator()(/mnt/d/docs/work/cangjie/projects/fountain/f_net/src/client/MultiClient.cj: 218)
        at fountain::f_rpc.client.RPCClient::static.init::lambda.0()(/mnt/d/docs/work/cangjie/projects/fountain/f_rpc/src/client/RPCClient.cj.macrocall: 65)
[WARN-rpc]2026/09/06,13:29:56.793699809|25;error on RPCClient init
An exception has occured:
NoneValueException
        at std.collection.TreeMap<...>::forward(T0, Bool)(std/collection/tree_map.cj: 0)
        at fountain::f_concurrent.LoadBalance<...>::iterator()(/mnt/d/docs/work/cangjie/projects/fountain/f_concurrent/src/LoadBalance.cj: 114)
        at fountain::f_net.client.MultiClient<...>::iterator()(/mnt/d/docs/work/cangjie/projects/fountain/f_net/src/client/MultiClient.cj: 218)
        at fountain::f_rpc.client.RPCClient::static.init::lambda.0()(/mnt/d/docs/work/cangjie/projects/fountain/f_rpc/src/client/RPCClient.cj.macrocall: 65)
[WARN-rpc]2026/09/06,13:29:57.800381799|25;error on RPCClient init
An exception has occured:
NoneValueException
        at std.collection.TreeMap<...>::forward(T0, Bool)(std/collection/tree_map.cj: 0)
        at fountain::f_concurrent.LoadBalance<...>::iterator()(/mnt/d/docs/work/cangjie/projects/fountain/f_concurrent/src/LoadBalance.cj: 114)
        at fountain::f_net.client.MultiClient<...>::iterator()(/mnt/d/docs/work/cangjie/projects/fountain/f_net/src/client/MultiClient.cj: 218)
        at fountain::f_rpc.client.RPCClient::static.init::lambda.0()(/mnt/d/docs/work/cangjie/projects/fountain/f_rpc/src/client/RPCClient.cj.macrocall: 65)
[WARN-rpc]2026/09/06,13:29:58.808318644|25;error on RPCClient init
An exception has occured:
NoneValueException
        at std.collection.TreeMap<...>::forward(T0, Bool)(std/collection/tree_map.cj: 0)
        at fountain::f_concurrent.LoadBalance<...>::iterator()(/mnt/d/docs/work/cangjie/projects/fountain/f_concurrent/src/LoadBalance.cj: 114)
        at fountain::f_net.client.MultiClient<...>::iterator()(/mnt/d/docs/work/cangjie/projects/fountain/f_net/src/client/MultiClient.cj: 218)
        at fountain::f_rpc.client.RPCClient::static.init::lambda.0()(/mnt/d/docs/work/cangjie/projects/fountain/f_rpc/src/client/RPCClient.cj.macrocall: 65)
[WARN-rpc]2026/09/06,13:29:59.815170466|25;error on RPCClient init
An exception has occured:
NoneValueException
        at std.collection.TreeMap<...>::forward(T0, Bool)(std/collection/tree_map.cj: 0)
        at fountain::f_concurrent.LoadBalance<...>::iterator()(/mnt/d/docs/work/cangjie/projects/fountain/f_concurrent/src/LoadBalance.cj: 114)
        at fountain::f_net.client.MultiClient<...>::iterator()(/mnt/d/docs/work/cangjie/projects/fountain/f_net/src/client/MultiClient.cj: 218)
        at fountain::f_rpc.client.RPCClient::static.init::lambda.0()(/mnt/d/docs/work/cangjie/projects/fountain/f_rpc/src/client/RPCClient.cj.macrocall: 65)
[WARN-rpc]2026/09/06,13:30:00.821068008|25;error on RPCClient init
An exception has occured:
NoneValueException
        at std.collection.TreeMap<...>::forward(T0, Bool)(std/collection/tree_map.cj: 0)
        at fountain::f_concurrent.LoadBalance<...>::iterator()(/mnt/d/docs/work/cangjie/projects/fountain/f_concurrent/src/LoadBalance.cj: 114)
        at fountain::f_net.client.MultiClient<...>::iterator()(/mnt/d/docs/work/cangjie/projects/fountain/f_net/src/client/MultiClient.cj: 218)
        at fountain::f_rpc.client.RPCClient::static.init::lambda.0()(/mnt/d/docs/work/cangjie/projects/fountain/f_rpc/src/client/RPCClient.cj.macrocall: 65)
[WARN-rpc]2026/09/06,13:30:01.828738274|25;error on RPCClient init
An exception has occured:
NoneValueException
        at std.collection.TreeMap<...>::forward(T0, Bool)(std/collection/tree_map.cj: 0)
        at fountain::f_concurrent.LoadBalance<...>::iterator()(/mnt/d/docs/work/cangjie/projects/fountain/f_concurrent/src/LoadBalance.cj: 114)
        at fountain::f_net.client.MultiClient<...>::iterator()(/mnt/d/docs/work/cangjie/projects/fountain/f_net/src/client/MultiClient.cj: 218)
        at fountain::f_rpc.client.RPCClient::static.init::lambda.0()(/mnt/d/docs/work/cangjie/projects/fountain/f_rpc/src/client/RPCClient.cj.macrocall: 65)
[WARN-rpc]2026/09/06,13:30:02.831327720|25;error on RPCClient init
An exception has occured:
NoneValueException
        at std.collection.TreeMap<...>::forward(T0, Bool)(std/collection/tree_map.cj: 0)
        at fountain::f_concurrent.LoadBalance<...>::iterator()(/mnt/d/docs/work/cangjie/projects/fountain/f_concurrent/src/LoadBalance.cj: 114)
        at fountain::f_net.client.MultiClient<...>::iterator()(/mnt/d/docs/work/cangjie/projects/fountain/f_net/src/client/MultiClient.cj: 218)
        at fountain::f_rpc.client.RPCClient::static.init::lambda.0()(/mnt/d/docs/work/cangjie/projects/fountain/f_rpc/src/client/RPCClient.cj.macrocall: 65)
[WARN-rpc]2026/09/06,13:30:03.835149639|25;error on RPCClient init
An exception has occured:
NoneValueException
        at std.collection.TreeMap<...>::forward(T0, Bool)(std/collection/tree_map.cj: 0)
        at fountain::f_concurrent.LoadBalance<...>::iterator()(/mnt/d/docs/work/cangjie/projects/fountain/f_concurrent/src/LoadBalance.cj: 114)
        at fountain::f_net.client.MultiClient<...>::iterator()(/mnt/d/docs/work/cangjie/projects/fountain/f_net/src/client/MultiClient.cj: 218)
        at fountain::f_rpc.client.RPCClient::static.init::lambda.0()(/mnt/d/docs/work/cangjie/projects/fountain/f_rpc/src/client/RPCClient.cj.macrocall: 65)
[WARN-rpc]2026/09/06,13:30:04.838254025|25;error on RPCClient init
An exception has occured:
NoneValueException
        at std.collection.TreeMap<...>::forward(T0, Bool)(std/collection/tree_map.cj: 0)
        at fountain::f_concurrent.LoadBalance<...>::iterator()(/mnt/d/docs/work/cangjie/projects/fountain/f_concurrent/src/LoadBalance.cj: 114)
        at fountain::f_net.client.MultiClient<...>::iterator()(/mnt/d/docs/work/cangjie/projects/fountain/f_net/src/client/MultiClient.cj: 218)
        at fountain::f_rpc.client.RPCClient::static.init::lambda.0()(/mnt/d/docs/work/cangjie/projects/fountain/f_rpc/src/client/RPCClient.cj.macrocall: 65)
[WARN-rpc]2026/09/06,13:30:05.841103157|25;error on RPCClient init
An exception has occured:
NoneValueException
        at std.collection.TreeMap<...>::forward(T0, Bool)(std/collection/tree_map.cj: 0)
        at fountain::f_concurrent.LoadBalance<...>::iterator()(/mnt/d/docs/work/cangjie/projects/fountain/f_concurrent/src/LoadBalance.cj: 114)
        at fountain::f_net.client.MultiClient<...>::iterator()(/mnt/d/docs/work/cangjie/projects/fountain/f_net/src/client/MultiClient.cj: 218)
        at fountain::f_rpc.client.RPCClient::static.init::lambda.0()(/mnt/d/docs/work/cangjie/projects/fountain/f_rpc/src/client/RPCClient.cj.macrocall: 65)
[WARN-rpc]2026/09/06,13:30:06.843592731|25;error on RPCClient init
An exception has occured:
NoneValueException
        at std.collection.TreeMap<...>::forward(T0, Bool)(std/collection/tree_map.cj: 0)
        at fountain::f_concurrent.LoadBalance<...>::iterator()(/mnt/d/docs/work/cangjie/projects/fountain/f_concurrent/src/LoadBalance.cj: 114)
        at fountain::f_net.client.MultiClient<...>::iterator()(/mnt/d/docs/work/cangjie/projects/fountain/f_net/src/client/MultiClient.cj: 218)
        at fountain::f_rpc.client.RPCClient::static.init::lambda.0()(/mnt/d/docs/work/cangjie/projects/fountain/f_rpc/src/client/RPCClient.cj.macrocall: 65)
[WARN-rpc]2026/09/06,13:30:07.847776306|25;error on RPCClient init
An exception has occured:
NoneValueException
        at std.collection.TreeMap<...>::forward(T0, Bool)(std/collection/tree_map.cj: 0)
        at fountain::f_concurrent.LoadBalance<...>::iterator()(/mnt/d/docs/work/cangjie/projects/fountain/f_concurrent/src/LoadBalance.cj: 114)
        at fountain::f_net.client.MultiClient<...>::iterator()(/mnt/d/docs/work/cangjie/projects/fountain/f_net/src/client/MultiClient.cj: 218)
        at fountain::f_rpc.client.RPCClient::static.init::lambda.0()(/mnt/d/docs/work/cangjie/projects/fountain/f_rpc/src/client/RPCClient.cj.macrocall: 65)
[WARN-rpc]2026/09/06,13:30:08.850555845|25;error on RPCClient init
An exception has occured:
NoneValueException
        at std.collection.TreeMap<...>::forward(T0, Bool)(std/collection/tree_map.cj: 0)
        at fountain::f_concurrent.LoadBalance<...>::iterator()(/mnt/d/docs/work/cangjie/projects/fountain/f_concurrent/src/LoadBalance.cj: 114)
        at fountain::f_net.client.MultiClient<...>::iterator()(/mnt/d/docs/work/cangjie/projects/fountain/f_net/src/client/MultiClient.cj: 218)
        at fountain::f_rpc.client.RPCClient::static.init::lambda.0()(/mnt/d/docs/work/cangjie/projects/fountain/f_rpc/src/client/RPCClient.cj.macrocall: 65)
[WARN-rpc]2026/09/06,13:30:09.853465181|25;error on RPCClient init
An exception has occured:
NoneValueException
        at std.collection.TreeMap<...>::forward(T0, Bool)(std/collection/tree_map.cj: 0)
        at fountain::f_concurrent.LoadBalance<...>::iterator()(/mnt/d/docs/work/cangjie/projects/fountain/f_concurrent/src/LoadBalance.cj: 114)
        at fountain::f_net.client.MultiClient<...>::iterator()(/mnt/d/docs/work/cangjie/projects/fountain/f_net/src/client/MultiClient.cj: 218)
        at fountain::f_rpc.client.RPCClient::static.init::lambda.0()(/mnt/d/docs/work/cangjie/projects/fountain/f_rpc/src/client/RPCClient.cj.macrocall: 65)
[WARN-rpc]2026/09/06,13:30:10.857941213|25;error on RPCClient init
An exception has occured:
NoneValueException
        at std.collection.TreeMap<...>::forward(T0, Bool)(std/collection/tree_map.cj: 0)
        at fountain::f_concurrent.LoadBalance<...>::iterator()(/mnt/d/docs/work/cangjie/projects/fountain/f_concurrent/src/LoadBalance.cj: 114)
        at fountain::f_net.client.MultiClient<...>::iterator()(/mnt/d/docs/work/cangjie/projects/fountain/f_net/src/client/MultiClient.cj: 218)
        at fountain::f_rpc.client.RPCClient::static.init::lambda.0()(/mnt/d/docs/work/cangjie/projects/fountain/f_rpc/src/client/RPCClient.cj.macrocall: 65)
[WARN-rpc]2026/09/06,13:30:11.860392033|25;error on RPCClient init
An exception has occured:
NoneValueException
        at std.collection.TreeMap<...>::forward(T0, Bool)(std/collection/tree_map.cj: 0)
        at fountain::f_concurrent.LoadBalance<...>::iterator()(/mnt/d/docs/work/cangjie/projects/fountain/f_concurrent/src/LoadBalance.cj: 114)
        at fountain::f_net.client.MultiClient<...>::iterator()(/mnt/d/docs/work/cangjie/projects/fountain/f_net/src/client/MultiClient.cj: 218)
        at fountain::f_rpc.client.RPCClient::static.init::lambda.0()(/mnt/d/docs/work/cangjie/projects/fountain/f_rpc/src/client/RPCClient.cj.macrocall: 65)
[WARN-rpc]2026/09/06,13:30:12.861651767|25;error on RPCClient init
An exception has occured:
NoneValueException
        at std.collection.TreeMap<...>::forward(T0, Bool)(std/collection/tree_map.cj: 0)
        at fountain::f_concurrent.LoadBalance<...>::iterator()(/mnt/d/docs/work/cangjie/projects/fountain/f_concurrent/src/LoadBalance.cj: 114)
        at fountain::f_net.client.MultiClient<...>::iterator()(/mnt/d/docs/work/cangjie/projects/fountain/f_net/src/client/MultiClient.cj: 218)
        at fountain::f_rpc.client.RPCClient::static.init::lambda.0()(/mnt/d/docs/work/cangjie/projects/fountain/f_rpc/src/client/RPCClient.cj.macrocall: 65)
[WARN-rpc]2026/09/06,13:30:13.863147939|25;error on RPCClient init
An exception has occured:
NoneValueException
        at std.collection.TreeMap<...>::forward(T0, Bool)(std/collection/tree_map.cj: 0)
        at fountain::f_concurrent.LoadBalance<...>::iterator()(/mnt/d/docs/work/cangjie/projects/fountain/f_concurrent/src/LoadBalance.cj: 114)
        at fountain::f_net.client.MultiClient<...>::iterator()(/mnt/d/docs/work/cangjie/projects/fountain/f_net/src/client/MultiClient.cj: 218)
        at fountain::f_rpc.client.RPCClient::static.init::lambda.0()(/mnt/d/docs/work/cangjie/projects/fountain/f_rpc/src/client/RPCClient.cj.macrocall: 65)
[WARN-rpc]2026/09/06,13:30:14.872340504|25;error on RPCClient init
An exception has occured:
NoneValueException
        at std.collection.TreeMap<...>::forward(T0, Bool)(std/collection/tree_map.cj: 0)
        at fountain::f_concurrent.LoadBalance<...>::iterator()(/mnt/d/docs/work/cangjie/projects/fountain/f_concurrent/src/LoadBalance.cj: 114)
        at fountain::f_net.client.MultiClient<...>::iterator()(/mnt/d/docs/work/cangjie/projects/fountain/f_net/src/client/MultiClient.cj: 218)
        at fountain::f_rpc.client.RPCClient::static.init::lambda.0()(/mnt/d/docs/work/cangjie/projects/fountain/f_rpc/src/client/RPCClient.cj.macrocall: 65)
[WARN-rpc]2026/09/06,13:30:15.881727361|25;error on RPCClient init
An exception has occured:
NoneValueException
        at std.collection.TreeMap<...>::forward(T0, Bool)(std/collection/tree_map.cj: 0)
        at fountain::f_concurrent.LoadBalance<...>::iterator()(/mnt/d/docs/work/cangjie/projects/fountain/f_concurrent/src/LoadBalance.cj: 114)
        at fountain::f_net.client.MultiClient<...>::iterator()(/mnt/d/docs/work/cangjie/projects/fountain/f_net/src/client/MultiClient.cj: 218)
        at fountain::f_rpc.client.RPCClient::static.init::lambda.0()(/mnt/d/docs/work/cangjie/projects/fountain/f_rpc/src/client/RPCClient.cj.macrocall: 65)
[WARN-rpc]2026/09/06,13:30:16.885936905|25;error on RPCClient init
An exception has occured:
NoneValueException
        at std.collection.TreeMap<...>::forward(T0, Bool)(std/collection/tree_map.cj: 0)
        at fountain::f_concurrent.LoadBalance<...>::iterator()(/mnt/d/docs/work/cangjie/projects/fountain/f_concurrent/src/LoadBalance.cj: 114)
        at fountain::f_net.client.MultiClient<...>::iterator()(/mnt/d/docs/work/cangjie/projects/fountain/f_net/src/client/MultiClient.cj: 218)
        at fountain::f_rpc.client.RPCClient::static.init::lambda.0()(/mnt/d/docs/work/cangjie/projects/fountain/f_rpc/src/client/RPCClient.cj.macrocall: 65)
[WARN-rpc]2026/09/06,13:30:17.891150868|25;error on RPCClient init
An exception has occured:
NoneValueException
        at std.collection.TreeMap<...>::forward(T0, Bool)(std/collection/tree_map.cj: 0)
        at fountain::f_concurrent.LoadBalance<...>::iterator()(/mnt/d/docs/work/cangjie/projects/fountain/f_concurrent/src/LoadBalance.cj: 114)
        at fountain::f_net.client.MultiClient<...>::iterator()(/mnt/d/docs/work/cangjie/projects/fountain/f_net/src/client/MultiClient.cj: 218)
        at fountain::f_rpc.client.RPCClient::static.init::lambda.0()(/mnt/d/docs/work/cangjie/projects/fountain/f_rpc/src/client/RPCClient.cj.macrocall: 65)
[WARN-rpc]2026/09/06,13:30:18.894415552|25;error on RPCClient init
An exception has occured:
NoneValueException
        at std.collection.TreeMap<...>::forward(T0, Bool)(std/collection/tree_map.cj: 0)
        at fountain::f_concurrent.LoadBalance<...>::iterator()(/mnt/d/docs/work/cangjie/projects/fountain/f_concurrent/src/LoadBalance.cj: 114)
        at fountain::f_net.client.MultiClient<...>::iterator()(/mnt/d/docs/work/cangjie/projects/fountain/f_net/src/client/MultiClient.cj: 218)
        at fountain::f_rpc.client.RPCClient::static.init::lambda.0()(/mnt/d/docs/work/cangjie/projects/fountain/f_rpc/src/client/RPCClient.cj.macrocall: 65)
[WARN-rpc]2026/09/06,13:30:19.896125427|25;error on RPCClient init
An exception has occured:
NoneValueException
        at std.collection.TreeMap<...>::forward(T0, Bool)(std/collection/tree_map.cj: 0)
        at fountain::f_concurrent.LoadBalance<...>::iterator()(/mnt/d/docs/work/cangjie/projects/fountain/f_concurrent/src/LoadBalance.cj: 114)
        at fountain::f_net.client.MultiClient<...>::iterator()(/mnt/d/docs/work/cangjie/projects/fountain/f_net/src/client/MultiClient.cj: 218)
        at fountain::f_rpc.client.RPCClient::static.init::lambda.0()(/mnt/d/docs/work/cangjie/projects/fountain/f_rpc/src/client/RPCClient.cj.macrocall: 65)
[WARN-rpc]2026/09/06,13:30:20.899010077|25;error on RPCClient init
An exception has occured:
NoneValueException
        at std.collection.TreeMap<...>::forward(T0, Bool)(std/collection/tree_map.cj: 0)
        at fountain::f_concurrent.LoadBalance<...>::iterator()(/mnt/d/docs/work/cangjie/projects/fountain/f_concurrent/src/LoadBalance.cj: 114)
        at fountain::f_net.client.MultiClient<...>::iterator()(/mnt/d/docs/work/cangjie/projects/fountain/f_net/src/client/MultiClient.cj: 218)
        at fountain::f_rpc.client.RPCClient::static.init::lambda.0()(/mnt/d/docs/work/cangjie/projects/fountain/f_rpc/src/client/RPCClient.cj.macrocall: 65)
[WARN-rpc]2026/09/06,13:30:21.903173600|25;error on RPCClient init
An exception has occured:
NoneValueException
        at std.collection.TreeMap<...>::forward(T0, Bool)(std/collection/tree_map.cj: 0)
        at fountain::f_concurrent.LoadBalance<...>::iterator()(/mnt/d/docs/work/cangjie/projects/fountain/f_concurrent/src/LoadBalance.cj: 114)
        at fountain::f_net.client.MultiClient<...>::iterator()(/mnt/d/docs/work/cangjie/projects/fountain/f_net/src/client/MultiClient.cj: 218)
        at fountain::f_rpc.client.RPCClient::static.init::lambda.0()(/mnt/d/docs/work/cangjie/projects/fountain/f_rpc/src/client/RPCClient.cj.macrocall: 65)
[WARN-rpc]2026/09/06,13:30:22.906190292|25;error on RPCClient init
An exception has occured:
NoneValueException
        at std.collection.TreeMap<...>::forward(T0, Bool)(std/collection/tree_map.cj: 0)
        at fountain::f_concurrent.LoadBalance<...>::iterator()(/mnt/d/docs/work/cangjie/projects/fountain/f_concurrent/src/LoadBalance.cj: 114)
        at fountain::f_net.client.MultiClient<...>::iterator()(/mnt/d/docs/work/cangjie/projects/fountain/f_net/src/client/MultiClient.cj: 218)
        at fountain::f_rpc.client.RPCClient::static.init::lambda.0()(/mnt/d/docs/work/cangjie/projects/fountain/f_rpc/src/client/RPCClient.cj.macrocall: 65)
[WARN-rpc]2026/09/06,13:30:23.908589138|25;error on RPCClient init
An exception has occured:
NoneValueException
        at std.collection.TreeMap<...>::forward(T0, Bool)(std/collection/tree_map.cj: 0)
        at fountain::f_concurrent.LoadBalance<...>::iterator()(/mnt/d/docs/work/cangjie/projects/fountain/f_concurrent/src/LoadBalance.cj: 114)
        at fountain::f_net.client.MultiClient<...>::iterator()(/mnt/d/docs/work/cangjie/projects/fountain/f_net/src/client/MultiClient.cj: 218)
        at fountain::f_rpc.client.RPCClient::static.init::lambda.0()(/mnt/d/docs/work/cangjie/projects/fountain/f_rpc/src/client/RPCClient.cj.macrocall: 65)
[WARN-rpc]2026/09/06,13:30:24.910080966|25;error on RPCClient init
An exception has occured:
NoneValueException
        at std.collection.TreeMap<...>::forward(T0, Bool)(std/collection/tree_map.cj: 0)
        at fountain::f_concurrent.LoadBalance<...>::iterator()(/mnt/d/docs/work/cangjie/projects/fountain/f_concurrent/src/LoadBalance.cj: 114)
        at fountain::f_net.client.MultiClient<...>::iterator()(/mnt/d/docs/work/cangjie/projects/fountain/f_net/src/client/MultiClient.cj: 218)
        at fountain::f_rpc.client.RPCClient::static.init::lambda.0()(/mnt/d/docs/work/cangjie/projects/fountain/f_rpc/src/client/RPCClient.cj.macrocall: 65)
[WARN-rpc]2026/09/06,13:30:25.913058239|25;error on RPCClient init
An exception has occured:
NoneValueException
        at std.collection.TreeMap<...>::forward(T0, Bool)(std/collection/tree_map.cj: 0)
        at fountain::f_concurrent.LoadBalance<...>::iterator()(/mnt/d/docs/work/cangjie/projects/fountain/f_concurrent/src/LoadBalance.cj: 114)
        at fountain::f_net.client.MultiClient<...>::iterator()(/mnt/d/docs/work/cangjie/projects/fountain/f_net/src/client/MultiClient.cj: 218)
        at fountain::f_rpc.client.RPCClient::static.init::lambda.0()(/mnt/d/docs/work/cangjie/projects/fountain/f_rpc/src/client/RPCClient.cj.macrocall: 65)
[WARN-rpc]2026/09/06,13:30:26.915664163|25;error on RPCClient init
An exception has occured:
NoneValueException
        at std.collection.TreeMap<...>::forward(T0, Bool)(std/collection/tree_map.cj: 0)
        at fountain::f_concurrent.LoadBalance<...>::iterator()(/mnt/d/docs/work/cangjie/projects/fountain/f_concurrent/src/LoadBalance.cj: 114)
        at fountain::f_net.client.MultiClient<...>::iterator()(/mnt/d/docs/work/cangjie/projects/fountain/f_net/src/client/MultiClient.cj: 218)
        at fountain::f_rpc.client.RPCClient::static.init::lambda.0()(/mnt/d/docs/work/cangjie/projects/fountain/f_rpc/src/client/RPCClient.cj.macrocall: 65)
[WARN-rpc]2026/09/06,13:30:27.917753236|25;error on RPCClient init
An exception has occured:
NoneValueException
        at std.collection.TreeMap<...>::forward(T0, Bool)(std/collection/tree_map.cj: 0)
        at fountain::f_concurrent.LoadBalance<...>::iterator()(/mnt/d/docs/work/cangjie/projects/fountain/f_concurrent/src/LoadBalance.cj: 114)
        at fountain::f_net.client.MultiClient<...>::iterator()(/mnt/d/docs/work/cangjie/projects/fountain/f_net/src/client/MultiClient.cj: 218)
        at fountain::f_rpc.client.RPCClient::static.init::lambda.0()(/mnt/d/docs/work/cangjie/projects/fountain/f_rpc/src/client/RPCClient.cj.macrocall: 65)
[WARN-rpc]2026/09/06,13:30:28.919778403|25;error on RPCClient init
An exception has occured:
NoneValueException
        at std.collection.TreeMap<...>::forward(T0, Bool)(std/collection/tree_map.cj: 0)
        at fountain::f_concurrent.LoadBalance<...>::iterator()(/mnt/d/docs/work/cangjie/projects/fountain/f_concurrent/src/LoadBalance.cj: 114)
        at fountain::f_net.client.MultiClient<...>::iterator()(/mnt/d/docs/work/cangjie/projects/fountain/f_net/src/client/MultiClient.cj: 218)
        at fountain::f_rpc.client.RPCClient::static.init::lambda.0()(/mnt/d/docs/work/cangjie/projects/fountain/f_rpc/src/client/RPCClient.cj.macrocall: 65)
[WARN-rpc]2026/09/06,13:30:29.920912272|25;error on RPCClient init
An exception has occured:
NoneValueException
        at std.collection.TreeMap<...>::forward(T0, Bool)(std/collection/tree_map.cj: 0)
        at fountain::f_concurrent.LoadBalance<...>::iterator()(/mnt/d/docs/work/cangjie/projects/fountain/f_concurrent/src/LoadBalance.cj: 114)
        at fountain::f_net.client.MultiClient<...>::iterator()(/mnt/d/docs/work/cangjie/projects/fountain/f_net/src/client/MultiClient.cj: 218)
        at fountain::f_rpc.client.RPCClient::static.init::lambda.0()(/mnt/d/docs/work/cangjie/projects/fountain/f_rpc/src/client/RPCClient.cj.macrocall: 65)
[WARN-rpc]2026/09/06,13:30:30.922305867|25;error on RPCClient init
An exception has occured:
NoneValueException
        at std.collection.TreeMap<...>::forward(T0, Bool)(std/collection/tree_map.cj: 0)
        at fountain::f_concurrent.LoadBalance<...>::iterator()(/mnt/d/docs/work/cangjie/projects/fountain/f_concurrent/src/LoadBalance.cj: 114)
        at fountain::f_net.client.MultiClient<...>::iterator()(/mnt/d/docs/work/cangjie/projects/fountain/f_net/src/client/MultiClient.cj: 218)
        at fountain::f_rpc.client.RPCClient::static.init::lambda.0()(/mnt/d/docs/work/cangjie/projects/fountain/f_rpc/src/client/RPCClient.cj.macrocall: 65)
[WARN-rpc]2026/09/06,13:30:31.925793670|25;error on RPCClient init
An exception has occured:
NoneValueException
        at std.collection.TreeMap<...>::forward(T0, Bool)(std/collection/tree_map.cj: 0)
        at fountain::f_concurrent.LoadBalance<...>::iterator()(/mnt/d/docs/work/cangjie/projects/fountain/f_concurrent/src/LoadBalance.cj: 114)
        at fountain::f_net.client.MultiClient<...>::iterator()(/mnt/d/docs/work/cangjie/projects/fountain/f_net/src/client/MultiClient.cj: 218)
        at fountain::f_rpc.client.RPCClient::static.init::lambda.0()(/mnt/d/docs/work/cangjie/projects/fountain/f_rpc/src/client/RPCClient.cj.macrocall: 65)
[WARN-rpc]2026/09/06,13:30:32.927607799|25;error on RPCClient init
An exception has occured:
NoneValueException
        at std.collection.TreeMap<...>::forward(T0, Bool)(std/collection/tree_map.cj: 0)
        at fountain::f_concurrent.LoadBalance<...>::iterator()(/mnt/d/docs/work/cangjie/projects/fountain/f_concurrent/src/LoadBalance.cj: 114)
        at fountain::f_net.client.MultiClient<...>::iterator()(/mnt/d/docs/work/cangjie/projects/fountain/f_net/src/client/MultiClient.cj: 218)
        at fountain::f_rpc.client.RPCClient::static.init::lambda.0()(/mnt/d/docs/work/cangjie/projects/fountain/f_rpc/src/client/RPCClient.cj.macrocall: 65)
[WARN-rpc]2026/09/06,13:30:33.929743361|25;error on RPCClient init
An exception has occured:
NoneValueException
        at std.collection.TreeMap<...>::forward(T0, Bool)(std/collection/tree_map.cj: 0)
        at fountain::f_concurrent.LoadBalance<...>::iterator()(/mnt/d/docs/work/cangjie/projects/fountain/f_concurrent/src/LoadBalance.cj: 114)
        at fountain::f_net.client.MultiClient<...>::iterator()(/mnt/d/docs/work/cangjie/projects/fountain/f_net/src/client/MultiClient.cj: 218)
        at fountain::f_rpc.client.RPCClient::static.init::lambda.0()(/mnt/d/docs/work/cangjie/projects/fountain/f_rpc/src/client/RPCClient.cj.macrocall: 65)
[WARN-rpc]2026/09/06,13:30:34.933654675|25;error on RPCClient init
An exception has occured:
NoneValueException
        at std.collection.TreeMap<...>::forward(T0, Bool)(std/collection/tree_map.cj: 0)
        at fountain::f_concurrent.LoadBalance<...>::iterator()(/mnt/d/docs/work/cangjie/projects/fountain/f_concurrent/src/LoadBalance.cj: 114)
        at fountain::f_net.client.MultiClient<...>::iterator()(/mnt/d/docs/work/cangjie/projects/fountain/f_net/src/client/MultiClient.cj: 218)
        at fountain::f_rpc.client.RPCClient::static.init::lambda.0()(/mnt/d/docs/work/cangjie/projects/fountain/f_rpc/src/client/RPCClient.cj.macrocall: 65)
[WARN-rpc]2026/09/06,13:30:35.935513038|25;error on RPCClient init
An exception has occured:
NoneValueException
        at std.collection.TreeMap<...>::forward(T0, Bool)(std/collection/tree_map.cj: 0)
        at fountain::f_concurrent.LoadBalance<...>::iterator()(/mnt/d/docs/work/cangjie/projects/fountain/f_concurrent/src/LoadBalance.cj: 114)
        at fountain::f_net.client.MultiClient<...>::iterator()(/mnt/d/docs/work/cangjie/projects/fountain/f_net/src/client/MultiClient.cj: 218)
        at fountain::f_rpc.client.RPCClient::static.init::lambda.0()(/mnt/d/docs/work/cangjie/projects/fountain/f_rpc/src/client/RPCClient.cj.macrocall: 65)
[WARN-rpc]2026/09/06,13:30:36.937884300|25;error on RPCClient init
An exception has occured:
NoneValueException
        at std.collection.TreeMap<...>::forward(T0, Bool)(std/collection/tree_map.cj: 0)
        at fountain::f_concurrent.LoadBalance<...>::iterator()(/mnt/d/docs/work/cangjie/projects/fountain/f_concurrent/src/LoadBalance.cj: 114)
        at fountain::f_net.client.MultiClient<...>::iterator()(/mnt/d/docs/work/cangjie/projects/fountain/f_net/src/client/MultiClient.cj: 218)
        at fountain::f_rpc.client.RPCClient::static.init::lambda.0()(/mnt/d/docs/work/cangjie/projects/fountain/f_rpc/src/client/RPCClient.cj.macrocall: 65)
[WARN-rpc]2026/09/06,13:30:37.939575425|25;error on RPCClient init
An exception has occured:
NoneValueException
        at std.collection.TreeMap<...>::forward(T0, Bool)(std/collection/tree_map.cj: 0)
        at fountain::f_concurrent.LoadBalance<...>::iterator()(/mnt/d/docs/work/cangjie/projects/fountain/f_concurrent/src/LoadBalance.cj: 114)
        at fountain::f_net.client.MultiClient<...>::iterator()(/mnt/d/docs/work/cangjie/projects/fountain/f_net/src/client/MultiClient.cj: 218)
        at fountain::f_rpc.client.RPCClient::static.init::lambda.0()(/mnt/d/docs/work/cangjie/projects/fountain/f_rpc/src/client/RPCClient.cj.macrocall: 65)
[WARN-rpc]2026/09/06,13:30:38.941606220|25;error on RPCClient init
An exception has occured:
NoneValueException
        at std.collection.TreeMap<...>::forward(T0, Bool)(std/collection/tree_map.cj: 0)
        at fountain::f_concurrent.LoadBalance<...>::iterator()(/mnt/d/docs/work/cangjie/projects/fountain/f_concurrent/src/LoadBalance.cj: 114)
        at fountain::f_net.client.MultiClient<...>::iterator()(/mnt/d/docs/work/cangjie/projects/fountain/f_net/src/client/MultiClient.cj: 218)
        at fountain::f_rpc.client.RPCClient::static.init::lambda.0()(/mnt/d/docs/work/cangjie/projects/fountain/f_rpc/src/client/RPCClient.cj.macrocall: 65)
[WARN-rpc]2026/09/06,13:30:39.944190375|25;error on RPCClient init
An exception has occured:
NoneValueException
        at std.collection.TreeMap<...>::forward(T0, Bool)(std/collection/tree_map.cj: 0)
        at fountain::f_concurrent.LoadBalance<...>::iterator()(/mnt/d/docs/work/cangjie/projects/fountain/f_concurrent/src/LoadBalance.cj: 114)
        at fountain::f_net.client.MultiClient<...>::iterator()(/mnt/d/docs/work/cangjie/projects/fountain/f_net/src/client/MultiClient.cj: 218)
        at fountain::f_rpc.client.RPCClient::static.init::lambda.0()(/mnt/d/docs/work/cangjie/projects/fountain/f_rpc/src/client/RPCClient.cj.macrocall: 65)
[WARN-rpc]2026/09/06,13:30:40.946675679|25;error on RPCClient init
An exception has occured:
NoneValueException
        at std.collection.TreeMap<...>::forward(T0, Bool)(std/collection/tree_map.cj: 0)
        at fountain::f_concurrent.LoadBalance<...>::iterator()(/mnt/d/docs/work/cangjie/projects/fountain/f_concurrent/src/LoadBalance.cj: 114)
        at fountain::f_net.client.MultiClient<...>::iterator()(/mnt/d/docs/work/cangjie/projects/fountain/f_net/src/client/MultiClient.cj: 218)
        at fountain::f_rpc.client.RPCClient::static.init::lambda.0()(/mnt/d/docs/work/cangjie/projects/fountain/f_rpc/src/client/RPCClient.cj.macrocall: 65)
[WARN-rpc]2026/09/06,13:30:41.948767274|25;error on RPCClient init
An exception has occured:
NoneValueException
        at std.collection.TreeMap<...>::forward(T0, Bool)(std/collection/tree_map.cj: 0)
        at fountain::f_concurrent.LoadBalance<...>::iterator()(/mnt/d/docs/work/cangjie/projects/fountain/f_concurrent/src/LoadBalance.cj: 114)
        at fountain::f_net.client.MultiClient<...>::iterator()(/mnt/d/docs/work/cangjie/projects/fountain/f_net/src/client/MultiClient.cj: 218)
        at fountain::f_rpc.client.RPCClient::static.init::lambda.0()(/mnt/d/docs/work/cangjie/projects/fountain/f_rpc/src/client/RPCClient.cj.macrocall: 65)
[WARN-rpc]2026/09/06,13:30:42.952493600|25;error on RPCClient init
An exception has occured:
NoneValueException
        at std.collection.TreeMap<...>::forward(T0, Bool)(std/collection/tree_map.cj: 0)
        at fountain::f_concurrent.LoadBalance<...>::iterator()(/mnt/d/docs/work/cangjie/projects/fountain/f_concurrent/src/LoadBalance.cj: 114)
        at fountain::f_net.client.MultiClient<...>::iterator()(/mnt/d/docs/work/cangjie/projects/fountain/f_net/src/client/MultiClient.cj: 218)
        at fountain::f_rpc.client.RPCClient::static.init::lambda.0()(/mnt/d/docs/work/cangjie/projects/fountain/f_rpc/src/client/RPCClient.cj.macrocall: 65)
[WARN-rpc]2026/09/06,13:30:43.956041288|25;error on RPCClient init
An exception has occured:
NoneValueException
        at std.collection.TreeMap<...>::forward(T0, Bool)(std/collection/tree_map.cj: 0)
        at fountain::f_concurrent.LoadBalance<...>::iterator()(/mnt/d/docs/work/cangjie/projects/fountain/f_concurrent/src/LoadBalance.cj: 114)
        at fountain::f_net.client.MultiClient<...>::iterator()(/mnt/d/docs/work/cangjie/projects/fountain/f_net/src/client/MultiClient.cj: 218)
        at fountain::f_rpc.client.RPCClient::static.init::lambda.0()(/mnt/d/docs/work/cangjie/projects/fountain/f_rpc/src/client/RPCClient.cj.macrocall: 65)
[WARN-rpc]2026/09/06,13:30:44.957599112|25;error on RPCClient init
An exception has occured:
NoneValueException
        at std.collection.TreeMap<...>::forward(T0, Bool)(std/collection/tree_map.cj: 0)
        at fountain::f_concurrent.LoadBalance<...>::iterator()(/mnt/d/docs/work/cangjie/projects/fountain/f_concurrent/src/LoadBalance.cj: 114)
        at fountain::f_net.client.MultiClient<...>::iterator()(/mnt/d/docs/work/cangjie/projects/fountain/f_net/src/client/MultiClient.cj: 218)
        at fountain::f_rpc.client.RPCClient::static.init::lambda.0()(/mnt/d/docs/work/cangjie/projects/fountain/f_rpc/src/client/RPCClient.cj.macrocall: 65)
[WARN-rpc]2026/09/06,13:30:45.959267175|25;error on RPCClient init
An exception has occured:
NoneValueException
        at std.collection.TreeMap<...>::forward(T0, Bool)(std/collection/tree_map.cj: 0)
        at fountain::f_concurrent.LoadBalance<...>::iterator()(/mnt/d/docs/work/cangjie/projects/fountain/f_concurrent/src/LoadBalance.cj: 114)
        at fountain::f_net.client.MultiClient<...>::iterator()(/mnt/d/docs/work/cangjie/projects/fountain/f_net/src/client/MultiClient.cj: 218)
        at fountain::f_rpc.client.RPCClient::static.init::lambda.0()(/mnt/d/docs/work/cangjie/projects/fountain/f_rpc/src/client/RPCClient.cj.macrocall: 65)
[WARN-rpc]2026/09/06,13:30:46.963700694|25;error on RPCClient init
An exception has occured:
NoneValueException
        at std.collection.TreeMap<...>::forward(T0, Bool)(std/collection/tree_map.cj: 0)
        at fountain::f_concurrent.LoadBalance<...>::iterator()(/mnt/d/docs/work/cangjie/projects/fountain/f_concurrent/src/LoadBalance.cj: 114)
        at fountain::f_net.client.MultiClient<...>::iterator()(/mnt/d/docs/work/cangjie/projects/fountain/f_net/src/client/MultiClient.cj: 218)
        at fountain::f_rpc.client.RPCClient::static.init::lambda.0()(/mnt/d/docs/work/cangjie/projects/fountain/f_rpc/src/client/RPCClient.cj.macrocall: 65)
[WARN-rpc]2026/09/06,13:30:47.965490025|25;error on RPCClient init
An exception has occured:
NoneValueException
        at std.collection.TreeMap<...>::forward(T0, Bool)(std/collection/tree_map.cj: 0)
        at fountain::f_concurrent.LoadBalance<...>::iterator()(/mnt/d/docs/work/cangjie/projects/fountain/f_concurrent/src/LoadBalance.cj: 114)
        at fountain::f_net.client.MultiClient<...>::iterator()(/mnt/d/docs/work/cangjie/projects/fountain/f_net/src/client/MultiClient.cj: 218)
        at fountain::f_rpc.client.RPCClient::static.init::lambda.0()(/mnt/d/docs/work/cangjie/projects/fountain/f_rpc/src/client/RPCClient.cj.macrocall: 65)
[WARN-rpc]2026/09/06,13:30:48.967427663|25;error on RPCClient init
An exception has occured:
NoneValueException
        at std.collection.TreeMap<...>::forward(T0, Bool)(std/collection/tree_map.cj: 0)
        at fountain::f_concurrent.LoadBalance<...>::iterator()(/mnt/d/docs/work/cangjie/projects/fountain/f_concurrent/src/LoadBalance.cj: 114)
        at fountain::f_net.client.MultiClient<...>::iterator()(/mnt/d/docs/work/cangjie/projects/fountain/f_net/src/client/MultiClient.cj: 218)
        at fountain::f_rpc.client.RPCClient::static.init::lambda.0()(/mnt/d/docs/work/cangjie/projects/fountain/f_rpc/src/client/RPCClient.cj.macrocall: 65)
[WARN-rpc]2026/09/06,13:30:49.969570806|25;error on RPCClient init
An exception has occured:
NoneValueException
        at std.collection.TreeMap<...>::forward(T0, Bool)(std/collection/tree_map.cj: 0)
        at fountain::f_concurrent.LoadBalance<...>::iterator()(/mnt/d/docs/work/cangjie/projects/fountain/f_concurrent/src/LoadBalance.cj: 114)
        at fountain::f_net.client.MultiClient<...>::iterator()(/mnt/d/docs/work/cangjie/projects/fountain/f_net/src/client/MultiClient.cj: 218)
        at fountain::f_rpc.client.RPCClient::static.init::lambda.0()(/mnt/d/docs/work/cangjie/projects/fountain/f_rpc/src/client/RPCClient.cj.macrocall: 65)
[WARN-rpc]2026/09/06,13:30:50.970705604|25;error on RPCClient init
An exception has occured:
NoneValueException
        at std.collection.TreeMap<...>::forward(T0, Bool)(std/collection/tree_map.cj: 0)
        at fountain::f_concurrent.LoadBalance<...>::iterator()(/mnt/d/docs/work/cangjie/projects/fountain/f_concurrent/src/LoadBalance.cj: 114)
        at fountain::f_net.client.MultiClient<...>::iterator()(/mnt/d/docs/work/cangjie/projects/fountain/f_net/src/client/MultiClient.cj: 218)
        at fountain::f_rpc.client.RPCClient::static.init::lambda.0()(/mnt/d/docs/work/cangjie/projects/fountain/f_rpc/src/client/RPCClient.cj.macrocall: 65)
[WARN-rpc]2026/09/06,13:30:51.972165081|25;error on RPCClient init
An exception has occured:
NoneValueException
        at std.collection.TreeMap<...>::forward(T0, Bool)(std/collection/tree_map.cj: 0)
        at fountain::f_concurrent.LoadBalance<...>::iterator()(/mnt/d/docs/work/cangjie/projects/fountain/f_concurrent/src/LoadBalance.cj: 114)
        at fountain::f_net.client.MultiClient<...>::iterator()(/mnt/d/docs/work/cangjie/projects/fountain/f_net/src/client/MultiClient.cj: 218)
        at fountain::f_rpc.client.RPCClient::static.init::lambda.0()(/mnt/d/docs/work/cangjie/projects/fountain/f_rpc/src/client/RPCClient.cj.macrocall: 65)
[WARN-rpc]2026/09/06,13:30:52.974190041|25;error on RPCClient init
An exception has occured:
NoneValueException
        at std.collection.TreeMap<...>::forward(T0, Bool)(std/collection/tree_map.cj: 0)
        at fountain::f_concurrent.LoadBalance<...>::iterator()(/mnt/d/docs/work/cangjie/projects/fountain/f_concurrent/src/LoadBalance.cj: 114)
        at fountain::f_net.client.MultiClient<...>::iterator()(/mnt/d/docs/work/cangjie/projects/fountain/f_net/src/client/MultiClient.cj: 218)
        at fountain::f_rpc.client.RPCClient::static.init::lambda.0()(/mnt/d/docs/work/cangjie/projects/fountain/f_rpc/src/client/RPCClient.cj.macrocall: 65)
[WARN-rpc]2026/09/06,13:30:53.976820196|25;error on RPCClient init
An exception has occured:
NoneValueException
        at std.collection.TreeMap<...>::forward(T0, Bool)(std/collection/tree_map.cj: 0)
        at fountain::f_concurrent.LoadBalance<...>::iterator()(/mnt/d/docs/work/cangjie/projects/fountain/f_concurrent/src/LoadBalance.cj: 114)
        at fountain::f_net.client.MultiClient<...>::iterator()(/mnt/d/docs/work/cangjie/projects/fountain/f_net/src/client/MultiClient.cj: 218)
        at fountain::f_rpc.client.RPCClient::static.init::lambda.0()(/mnt/d/docs/work/cangjie/projects/fountain/f_rpc/src/client/RPCClient.cj.macrocall: 65)
[WARN-rpc]2026/09/06,13:30:54.978986646|25;error on RPCClient init
An exception has occured:
NoneValueException
        at std.collection.TreeMap<...>::forward(T0, Bool)(std/collection/tree_map.cj: 0)
        at fountain::f_concurrent.LoadBalance<...>::iterator()(/mnt/d/docs/work/cangjie/projects/fountain/f_concurrent/src/LoadBalance.cj: 114)
        at fountain::f_net.client.MultiClient<...>::iterator()(/mnt/d/docs/work/cangjie/projects/fountain/f_net/src/client/MultiClient.cj: 218)
        at fountain::f_rpc.client.RPCClient::static.init::lambda.0()(/mnt/d/docs/work/cangjie/projects/fountain/f_rpc/src/client/RPCClient.cj.macrocall: 65)
[WARN-rpc]2026/09/06,13:30:55.980781847|25;error on RPCClient init
An exception has occured:
NoneValueException
        at std.collection.TreeMap<...>::forward(T0, Bool)(std/collection/tree_map.cj: 0)
        at fountain::f_concurrent.LoadBalance<...>::iterator()(/mnt/d/docs/work/cangjie/projects/fountain/f_concurrent/src/LoadBalance.cj: 114)
        at fountain::f_net.client.MultiClient<...>::iterator()(/mnt/d/docs/work/cangjie/projects/fountain/f_net/src/client/MultiClient.cj: 218)
        at fountain::f_rpc.client.RPCClient::static.init::lambda.0()(/mnt/d/docs/work/cangjie/projects/fountain/f_rpc/src/client/RPCClient.cj.macrocall: 65)
[WARN-rpc]2026/09/06,13:30:56.983741753|25;error on RPCClient init
An exception has occured:
NoneValueException
        at std.collection.TreeMap<...>::forward(T0, Bool)(std/collection/tree_map.cj: 0)
        at fountain::f_concurrent.LoadBalance<...>::iterator()(/mnt/d/docs/work/cangjie/projects/fountain/f_concurrent/src/LoadBalance.cj: 114)
        at fountain::f_net.client.MultiClient<...>::iterator()(/mnt/d/docs/work/cangjie/projects/fountain/f_net/src/client/MultiClient.cj: 218)
        at fountain::f_rpc.client.RPCClient::static.init::lambda.0()(/mnt/d/docs/work/cangjie/projects/fountain/f_rpc/src/client/RPCClient.cj.macrocall: 65)
[WARN-rpc]2026/09/06,13:30:57.988332053|25;error on RPCClient init
An exception has occured:
NoneValueException
        at std.collection.TreeMap<...>::forward(T0, Bool)(std/collection/tree_map.cj: 0)
        at fountain::f_concurrent.LoadBalance<...>::iterator()(/mnt/d/docs/work/cangjie/projects/fountain/f_concurrent/src/LoadBalance.cj: 114)
        at fountain::f_net.client.MultiClient<...>::iterator()(/mnt/d/docs/work/cangjie/projects/fountain/f_net/src/client/MultiClient.cj: 218)
        at fountain::f_rpc.client.RPCClient::static.init::lambda.0()(/mnt/d/docs/work/cangjie/projects/fountain/f_rpc/src/client/RPCClient.cj.macrocall: 65)
[WARN-rpc]2026/09/06,13:30:58.991085580|25;error on RPCClient init
An exception has occured:
NoneValueException
        at std.collection.TreeMap<...>::forward(T0, Bool)(std/collection/tree_map.cj: 0)
        at fountain::f_concurrent.LoadBalance<...>::iterator()(/mnt/d/docs/work/cangjie/projects/fountain/f_concurrent/src/LoadBalance.cj: 114)
        at fountain::f_net.client.MultiClient<...>::iterator()(/mnt/d/docs/work/cangjie/projects/fountain/f_net/src/client/MultiClient.cj: 218)
        at fountain::f_rpc.client.RPCClient::static.init::lambda.0()(/mnt/d/docs/work/cangjie/projects/fountain/f_rpc/src/client/RPCClient.cj.macrocall: 65)
[WARN-rpc]2026/09/06,13:30:59.995034677|25;error on RPCClient init
An exception has occured:
NoneValueException
        at std.collection.TreeMap<...>::forward(T0, Bool)(std/collection/tree_map.cj: 0)
        at fountain::f_concurrent.LoadBalance<...>::iterator()(/mnt/d/docs/work/cangjie/projects/fountain/f_concurrent/src/LoadBalance.cj: 114)
        at fountain::f_net.client.MultiClient<...>::iterator()(/mnt/d/docs/work/cangjie/projects/fountain/f_net/src/client/MultiClient.cj: 218)
        at fountain::f_rpc.client.RPCClient::static.init::lambda.0()(/mnt/d/docs/work/cangjie/projects/fountain/f_rpc/src/client/RPCClient.cj.macrocall: 65)
[WARN-rpc]2026/09/06,13:31:00.999179468|25;error on RPCClient init
An exception has occured:
NoneValueException
        at std.collection.TreeMap<...>::forward(T0, Bool)(std/collection/tree_map.cj: 0)
        at fountain::f_concurrent.LoadBalance<...>::iterator()(/mnt/d/docs/work/cangjie/projects/fountain/f_concurrent/src/LoadBalance.cj: 114)
        at fountain::f_net.client.MultiClient<...>::iterator()(/mnt/d/docs/work/cangjie/projects/fountain/f_net/src/client/MultiClient.cj: 218)
        at fountain::f_rpc.client.RPCClient::static.init::lambda.0()(/mnt/d/docs/work/cangjie/projects/fountain/f_rpc/src/client/RPCClient.cj.macrocall: 65)
[WARN-rpc]2026/09/06,13:31:02.002426862|25;error on RPCClient init
An exception has occured:
NoneValueException
        at std.collection.TreeMap<...>::forward(T0, Bool)(std/collection/tree_map.cj: 0)
        at fountain::f_concurrent.LoadBalance<...>::iterator()(/mnt/d/docs/work/cangjie/projects/fountain/f_concurrent/src/LoadBalance.cj: 114)
        at fountain::f_net.client.MultiClient<...>::iterator()(/mnt/d/docs/work/cangjie/projects/fountain/f_net/src/client/MultiClient.cj: 218)
        at fountain::f_rpc.client.RPCClient::static.init::lambda.0()(/mnt/d/docs/work/cangjie/projects/fountain/f_rpc/src/client/RPCClient.cj.macrocall: 65)
[WARN-rpc]2026/09/06,13:31:03.004946081|25;error on RPCClient init
An exception has occured:
NoneValueException
        at std.collection.TreeMap<...>::forward(T0, Bool)(std/collection/tree_map.cj: 0)
        at fountain::f_concurrent.LoadBalance<...>::iterator()(/mnt/d/docs/work/cangjie/projects/fountain/f_concurrent/src/LoadBalance.cj: 114)
        at fountain::f_net.client.MultiClient<...>::iterator()(/mnt/d/docs/work/cangjie/projects/fountain/f_net/src/client/MultiClient.cj: 218)
        at fountain::f_rpc.client.RPCClient::static.init::lambda.0()(/mnt/d/docs/work/cangjie/projects/fountain/f_rpc/src/client/RPCClient.cj.macrocall: 65)
[WARN-rpc]2026/09/06,13:31:04.007794621|25;error on RPCClient init
An exception has occured:
NoneValueException
        at std.collection.TreeMap<...>::forward(T0, Bool)(std/collection/tree_map.cj: 0)
        at fountain::f_concurrent.LoadBalance<...>::iterator()(/mnt/d/docs/work/cangjie/projects/fountain/f_concurrent/src/LoadBalance.cj: 114)
        at fountain::f_net.client.MultiClient<...>::iterator()(/mnt/d/docs/work/cangjie/projects/fountain/f_net/src/client/MultiClient.cj: 218)
        at fountain::f_rpc.client.RPCClient::static.init::lambda.0()(/mnt/d/docs/work/cangjie/projects/fountain/f_rpc/src/client/RPCClient.cj.macrocall: 65)
[WARN-rpc]2026/09/06,13:31:05.010831300|25;error on RPCClient init
An exception has occured:
NoneValueException
        at std.collection.TreeMap<...>::forward(T0, Bool)(std/collection/tree_map.cj: 0)
        at fountain::f_concurrent.LoadBalance<...>::iterator()(/mnt/d/docs/work/cangjie/projects/fountain/f_concurrent/src/LoadBalance.cj: 114)
        at fountain::f_net.client.MultiClient<...>::iterator()(/mnt/d/docs/work/cangjie/projects/fountain/f_net/src/client/MultiClient.cj: 218)
        at fountain::f_rpc.client.RPCClient::static.init::lambda.0()(/mnt/d/docs/work/cangjie/projects/fountain/f_rpc/src/client/RPCClient.cj.macrocall: 65)
[WARN-rpc]2026/09/06,13:31:06.013043681|25;error on RPCClient init
An exception has occured:
NoneValueException
        at std.collection.TreeMap<...>::forward(T0, Bool)(std/collection/tree_map.cj: 0)
        at fountain::f_concurrent.LoadBalance<...>::iterator()(/mnt/d/docs/work/cangjie/projects/fountain/f_concurrent/src/LoadBalance.cj: 114)
        at fountain::f_net.client.MultiClient<...>::iterator()(/mnt/d/docs/work/cangjie/projects/fountain/f_net/src/client/MultiClient.cj: 218)
        at fountain::f_rpc.client.RPCClient::static.init::lambda.0()(/mnt/d/docs/work/cangjie/projects/fountain/f_rpc/src/client/RPCClient.cj.macrocall: 65)
[WARN-rpc]2026/09/06,13:31:07.015856477|25;error on RPCClient init
An exception has occured:
NoneValueException
        at std.collection.TreeMap<...>::forward(T0, Bool)(std/collection/tree_map.cj: 0)
        at fountain::f_concurrent.LoadBalance<...>::iterator()(/mnt/d/docs/work/cangjie/projects/fountain/f_concurrent/src/LoadBalance.cj: 114)
        at fountain::f_net.client.MultiClient<...>::iterator()(/mnt/d/docs/work/cangjie/projects/fountain/f_net/src/client/MultiClient.cj: 218)
        at fountain::f_rpc.client.RPCClient::static.init::lambda.0()(/mnt/d/docs/work/cangjie/projects/fountain/f_rpc/src/client/RPCClient.cj.macrocall: 65)
[WARN-rpc]2026/09/06,13:31:08.018179503|25;error on RPCClient init
An exception has occured:
NoneValueException
        at std.collection.TreeMap<...>::forward(T0, Bool)(std/collection/tree_map.cj: 0)
        at fountain::f_concurrent.LoadBalance<...>::iterator()(/mnt/d/docs/work/cangjie/projects/fountain/f_concurrent/src/LoadBalance.cj: 114)
        at fountain::f_net.client.MultiClient<...>::iterator()(/mnt/d/docs/work/cangjie/projects/fountain/f_net/src/client/MultiClient.cj: 218)
        at fountain::f_rpc.client.RPCClient::static.init::lambda.0()(/mnt/d/docs/work/cangjie/projects/fountain/f_rpc/src/client/RPCClient.cj.macrocall: 65)
[WARN-rpc]2026/09/06,13:31:09.020341050|25;error on RPCClient init
An exception has occured:
NoneValueException
        at std.collection.TreeMap<...>::forward(T0, Bool)(std/collection/tree_map.cj: 0)
        at fountain::f_concurrent.LoadBalance<...>::iterator()(/mnt/d/docs/work/cangjie/projects/fountain/f_concurrent/src/LoadBalance.cj: 114)
        at fountain::f_net.client.MultiClient<...>::iterator()(/mnt/d/docs/work/cangjie/projects/fountain/f_net/src/client/MultiClient.cj: 218)
        at fountain::f_rpc.client.RPCClient::static.init::lambda.0()(/mnt/d/docs/work/cangjie/projects/fountain/f_rpc/src/client/RPCClient.cj.macrocall: 65)
[WARN-rpc]2026/09/06,13:31:10.021891546|25;error on RPCClient init
An exception has occured:
NoneValueException
        at std.collection.TreeMap<...>::forward(T0, Bool)(std/collection/tree_map.cj: 0)
        at fountain::f_concurrent.LoadBalance<...>::iterator()(/mnt/d/docs/work/cangjie/projects/fountain/f_concurrent/src/LoadBalance.cj: 114)
        at fountain::f_net.client.MultiClient<...>::iterator()(/mnt/d/docs/work/cangjie/projects/fountain/f_net/src/client/MultiClient.cj: 218)
        at fountain::f_rpc.client.RPCClient::static.init::lambda.0()(/mnt/d/docs/work/cangjie/projects/fountain/f_rpc/src/client/RPCClient.cj.macrocall: 65)
[WARN-rpc]2026/09/06,13:31:11.024425749|25;error on RPCClient init
An exception has occured:
NoneValueException
        at std.collection.TreeMap<...>::forward(T0, Bool)(std/collection/tree_map.cj: 0)
        at fountain::f_concurrent.LoadBalance<...>::iterator()(/mnt/d/docs/work/cangjie/projects/fountain/f_concurrent/src/LoadBalance.cj: 114)
        at fountain::f_net.client.MultiClient<...>::iterator()(/mnt/d/docs/work/cangjie/projects/fountain/f_net/src/client/MultiClient.cj: 218)
        at fountain::f_rpc.client.RPCClient::static.init::lambda.0()(/mnt/d/docs/work/cangjie/projects/fountain/f_rpc/src/client/RPCClient.cj.macrocall: 65)
[WARN-rpc]2026/09/06,13:31:12.026406352|25;error on RPCClient init
An exception has occured:
NoneValueException
        at std.collection.TreeMap<...>::forward(T0, Bool)(std/collection/tree_map.cj: 0)
        at fountain::f_concurrent.LoadBalance<...>::iterator()(/mnt/d/docs/work/cangjie/projects/fountain/f_concurrent/src/LoadBalance.cj: 114)
        at fountain::f_net.client.MultiClient<...>::iterator()(/mnt/d/docs/work/cangjie/projects/fountain/f_net/src/client/MultiClient.cj: 218)
        at fountain::f_rpc.client.RPCClient::static.init::lambda.0()(/mnt/d/docs/work/cangjie/projects/fountain/f_rpc/src/client/RPCClient.cj.macrocall: 65)
[WARN-rpc]2026/09/06,13:31:13.029560844|25;error on RPCClient init
An exception has occured:
NoneValueException
        at std.collection.TreeMap<...>::forward(T0, Bool)(std/collection/tree_map.cj: 0)
        at fountain::f_concurrent.LoadBalance<...>::iterator()(/mnt/d/docs/work/cangjie/projects/fountain/f_concurrent/src/LoadBalance.cj: 114)
        at fountain::f_net.client.MultiClient<...>::iterator()(/mnt/d/docs/work/cangjie/projects/fountain/f_net/src/client/MultiClient.cj: 218)
        at fountain::f_rpc.client.RPCClient::static.init::lambda.0()(/mnt/d/docs/work/cangjie/projects/fountain/f_rpc/src/client/RPCClient.cj.macrocall: 65)
[WARN-rpc]2026/09/06,13:31:14.033630653|25;error on RPCClient init
An exception has occured:
NoneValueException
        at std.collection.TreeMap<...>::forward(T0, Bool)(std/collection/tree_map.cj: 0)
        at fountain::f_concurrent.LoadBalance<...>::iterator()(/mnt/d/docs/work/cangjie/projects/fountain/f_concurrent/src/LoadBalance.cj: 114)
        at fountain::f_net.client.MultiClient<...>::iterator()(/mnt/d/docs/work/cangjie/projects/fountain/f_net/src/client/MultiClient.cj: 218)
        at fountain::f_rpc.client.RPCClient::static.init::lambda.0()(/mnt/d/docs/work/cangjie/projects/fountain/f_rpc/src/client/RPCClient.cj.macrocall: 65)
[WARN-rpc]2026/09/06,13:31:15.034881590|25;error on RPCClient init
An exception has occured:
NoneValueException
        at std.collection.TreeMap<...>::forward(T0, Bool)(std/collection/tree_map.cj: 0)
        at fountain::f_concurrent.LoadBalance<...>::iterator()(/mnt/d/docs/work/cangjie/projects/fountain/f_concurrent/src/LoadBalance.cj: 114)
        at fountain::f_net.client.MultiClient<...>::iterator()(/mnt/d/docs/work/cangjie/projects/fountain/f_net/src/client/MultiClient.cj: 218)
        at fountain::f_rpc.client.RPCClient::static.init::lambda.0()(/mnt/d/docs/work/cangjie/projects/fountain/f_rpc/src/client/RPCClient.cj.macrocall: 65)
[WARN-rpc]2026/09/06,13:31:16.035949871|25;error on RPCClient init
An exception has occured:
NoneValueException
        at std.collection.TreeMap<...>::forward(T0, Bool)(std/collection/tree_map.cj: 0)
        at fountain::f_concurrent.LoadBalance<...>::iterator()(/mnt/d/docs/work/cangjie/projects/fountain/f_concurrent/src/LoadBalance.cj: 114)
        at fountain::f_net.client.MultiClient<...>::iterator()(/mnt/d/docs/work/cangjie/projects/fountain/f_net/src/client/MultiClient.cj: 218)
        at fountain::f_rpc.client.RPCClient::static.init::lambda.0()(/mnt/d/docs/work/cangjie/projects/fountain/f_rpc/src/client/RPCClient.cj.macrocall: 65)
[WARN-rpc]2026/09/06,13:31:17.037627250|25;error on RPCClient init
An exception has occured:
NoneValueException
        at std.collection.TreeMap<...>::forward(T0, Bool)(std/collection/tree_map.cj: 0)
        at fountain::f_concurrent.LoadBalance<...>::iterator()(/mnt/d/docs/work/cangjie/projects/fountain/f_concurrent/src/LoadBalance.cj: 114)
        at fountain::f_net.client.MultiClient<...>::iterator()(/mnt/d/docs/work/cangjie/projects/fountain/f_net/src/client/MultiClient.cj: 218)
        at fountain::f_rpc.client.RPCClient::static.init::lambda.0()(/mnt/d/docs/work/cangjie/projects/fountain/f_rpc/src/client/RPCClient.cj.macrocall: 65)
[WARN-rpc]2026/09/06,13:31:18.039872837|25;error on RPCClient init
An exception has occured:
NoneValueException
        at std.collection.TreeMap<...>::forward(T0, Bool)(std/collection/tree_map.cj: 0)
        at fountain::f_concurrent.LoadBalance<...>::iterator()(/mnt/d/docs/work/cangjie/projects/fountain/f_concurrent/src/LoadBalance.cj: 114)
        at fountain::f_net.client.MultiClient<...>::iterator()(/mnt/d/docs/work/cangjie/projects/fountain/f_net/src/client/MultiClient.cj: 218)
        at fountain::f_rpc.client.RPCClient::static.init::lambda.0()(/mnt/d/docs/work/cangjie/projects/fountain/f_rpc/src/client/RPCClient.cj.macrocall: 65)
[WARN-rpc]2026/09/06,13:31:19.042340969|25;error on RPCClient init
An exception has occured:
NoneValueException
        at std.collection.TreeMap<...>::forward(T0, Bool)(std/collection/tree_map.cj: 0)
        at fountain::f_concurrent.LoadBalance<...>::iterator()(/mnt/d/docs/work/cangjie/projects/fountain/f_concurrent/src/LoadBalance.cj: 114)
        at fountain::f_net.client.MultiClient<...>::iterator()(/mnt/d/docs/work/cangjie/projects/fountain/f_net/src/client/MultiClient.cj: 218)
        at fountain::f_rpc.client.RPCClient::static.init::lambda.0()(/mnt/d/docs/work/cangjie/projects/fountain/f_rpc/src/client/RPCClient.cj.macrocall: 65)
[WARN-rpc]2026/09/06,13:31:20.044250018|25;error on RPCClient init
An exception has occured:
NoneValueException
        at std.collection.TreeMap<...>::forward(T0, Bool)(std/collection/tree_map.cj: 0)
        at fountain::f_concurrent.LoadBalance<...>::iterator()(/mnt/d/docs/work/cangjie/projects/fountain/f_concurrent/src/LoadBalance.cj: 114)
        at fountain::f_net.client.MultiClient<...>::iterator()(/mnt/d/docs/work/cangjie/projects/fountain/f_net/src/client/MultiClient.cj: 218)
        at fountain::f_rpc.client.RPCClient::static.init::lambda.0()(/mnt/d/docs/work/cangjie/projects/fountain/f_rpc/src/client/RPCClient.cj.macrocall: 65)
[WARN-rpc]2026/09/06,13:31:21.047470141|25;error on RPCClient init
An exception has occured:
NoneValueException
        at std.collection.TreeMap<...>::forward(T0, Bool)(std/collection/tree_map.cj: 0)
        at fountain::f_concurrent.LoadBalance<...>::iterator()(/mnt/d/docs/work/cangjie/projects/fountain/f_concurrent/src/LoadBalance.cj: 114)
        at fountain::f_net.client.MultiClient<...>::iterator()(/mnt/d/docs/work/cangjie/projects/fountain/f_net/src/client/MultiClient.cj: 218)
        at fountain::f_rpc.client.RPCClient::static.init::lambda.0()(/mnt/d/docs/work/cangjie/projects/fountain/f_rpc/src/client/RPCClient.cj.macrocall: 65)
[WARN-rpc]2026/09/06,13:31:22.048856584|25;error on RPCClient init
An exception has occured:
NoneValueException
        at std.collection.TreeMap<...>::forward(T0, Bool)(std/collection/tree_map.cj: 0)
        at fountain::f_concurrent.LoadBalance<...>::iterator()(/mnt/d/docs/work/cangjie/projects/fountain/f_concurrent/src/LoadBalance.cj: 114)
        at fountain::f_net.client.MultiClient<...>::iterator()(/mnt/d/docs/work/cangjie/projects/fountain/f_net/src/client/MultiClient.cj: 218)
        at fountain::f_rpc.client.RPCClient::static.init::lambda.0()(/mnt/d/docs/work/cangjie/projects/fountain/f_rpc/src/client/RPCClient.cj.macrocall: 65)
[WARN-rpc]2026/09/06,13:31:23.050860264|25;error on RPCClient init
An exception has occured:
NoneValueException
        at std.collection.TreeMap<...>::forward(T0, Bool)(std/collection/tree_map.cj: 0)
        at fountain::f_concurrent.LoadBalance<...>::iterator()(/mnt/d/docs/work/cangjie/projects/fountain/f_concurrent/src/LoadBalance.cj: 114)
        at fountain::f_net.client.MultiClient<...>::iterator()(/mnt/d/docs/work/cangjie/projects/fountain/f_net/src/client/MultiClient.cj: 218)
        at fountain::f_rpc.client.RPCClient::static.init::lambda.0()(/mnt/d/docs/work/cangjie/projects/fountain/f_rpc/src/client/RPCClient.cj.macrocall: 65)
[WARN-rpc]2026/09/06,13:31:24.052578594|25;error on RPCClient init
An exception has occured:
NoneValueException
        at std.collection.TreeMap<...>::forward(T0, Bool)(std/collection/tree_map.cj: 0)
        at fountain::f_concurrent.LoadBalance<...>::iterator()(/mnt/d/docs/work/cangjie/projects/fountain/f_concurrent/src/LoadBalance.cj: 114)
        at fountain::f_net.client.MultiClient<...>::iterator()(/mnt/d/docs/work/cangjie/projects/fountain/f_net/src/client/MultiClient.cj: 218)
        at fountain::f_rpc.client.RPCClient::static.init::lambda.0()(/mnt/d/docs/work/cangjie/projects/fountain/f_rpc/src/client/RPCClient.cj.macrocall: 65)
[WARN-rpc]2026/09/06,13:31:25.053946819|25;error on RPCClient init
An exception has occured:
NoneValueException
        at std.collection.TreeMap<...>::forward(T0, Bool)(std/collection/tree_map.cj: 0)
        at fountain::f_concurrent.LoadBalance<...>::iterator()(/mnt/d/docs/work/cangjie/projects/fountain/f_concurrent/src/LoadBalance.cj: 114)
        at fountain::f_net.client.MultiClient<...>::iterator()(/mnt/d/docs/work/cangjie/projects/fountain/f_net/src/client/MultiClient.cj: 218)
        at fountain::f_rpc.client.RPCClient::static.init::lambda.0()(/mnt/d/docs/work/cangjie/projects/fountain/f_rpc/src/client/RPCClient.cj.macrocall: 65)
[WARN-rpc]2026/09/06,13:31:26.056298541|25;error on RPCClient init
An exception has occured:
NoneValueException
        at std.collection.TreeMap<...>::forward(T0, Bool)(std/collection/tree_map.cj: 0)
        at fountain::f_concurrent.LoadBalance<...>::iterator()(/mnt/d/docs/work/cangjie/projects/fountain/f_concurrent/src/LoadBalance.cj: 114)
        at fountain::f_net.client.MultiClient<...>::iterator()(/mnt/d/docs/work/cangjie/projects/fountain/f_net/src/client/MultiClient.cj: 218)
        at fountain::f_rpc.client.RPCClient::static.init::lambda.0()(/mnt/d/docs/work/cangjie/projects/fountain/f_rpc/src/client/RPCClient.cj.macrocall: 65)
[WARN-rpc]2026/09/06,13:31:27.058057162|25;error on RPCClient init
An exception has occured:
NoneValueException
        at std.collection.TreeMap<...>::forward(T0, Bool)(std/collection/tree_map.cj: 0)
        at fountain::f_concurrent.LoadBalance<...>::iterator()(/mnt/d/docs/work/cangjie/projects/fountain/f_concurrent/src/LoadBalance.cj: 114)
        at fountain::f_net.client.MultiClient<...>::iterator()(/mnt/d/docs/work/cangjie/projects/fountain/f_net/src/client/MultiClient.cj: 218)
        at fountain::f_rpc.client.RPCClient::static.init::lambda.0()(/mnt/d/docs/work/cangjie/projects/fountain/f_rpc/src/client/RPCClient.cj.macrocall: 65)
[WARN-rpc]2026/09/06,13:31:28.059350612|25;error on RPCClient init
An exception has occured:
NoneValueException
        at std.collection.TreeMap<...>::forward(T0, Bool)(std/collection/tree_map.cj: 0)
        at fountain::f_concurrent.LoadBalance<...>::iterator()(/mnt/d/docs/work/cangjie/projects/fountain/f_concurrent/src/LoadBalance.cj: 114)
        at fountain::f_net.client.MultiClient<...>::iterator()(/mnt/d/docs/work/cangjie/projects/fountain/f_net/src/client/MultiClient.cj: 218)
        at fountain::f_rpc.client.RPCClient::static.init::lambda.0()(/mnt/d/docs/work/cangjie/projects/fountain/f_rpc/src/client/RPCClient.cj.macrocall: 65)
[WARN-rpc]2026/09/06,13:31:29.061981352|25;error on RPCClient init
An exception has occured:
NoneValueException
        at std.collection.TreeMap<...>::forward(T0, Bool)(std/collection/tree_map.cj: 0)
        at fountain::f_concurrent.LoadBalance<...>::iterator()(/mnt/d/docs/work/cangjie/projects/fountain/f_concurrent/src/LoadBalance.cj: 114)
        at fountain::f_net.client.MultiClient<...>::iterator()(/mnt/d/docs/work/cangjie/projects/fountain/f_net/src/client/MultiClient.cj: 218)
        at fountain::f_rpc.client.RPCClient::static.init::lambda.0()(/mnt/d/docs/work/cangjie/projects/fountain/f_rpc/src/client/RPCClient.cj.macrocall: 65)
[WARN-rpc]2026/09/06,13:31:30.063775999|25;error on RPCClient init
An exception has occured:
NoneValueException
        at std.collection.TreeMap<...>::forward(T0, Bool)(std/collection/tree_map.cj: 0)
        at fountain::f_concurrent.LoadBalance<...>::iterator()(/mnt/d/docs/work/cangjie/projects/fountain/f_concurrent/src/LoadBalance.cj: 114)
        at fountain::f_net.client.MultiClient<...>::iterator()(/mnt/d/docs/work/cangjie/projects/fountain/f_net/src/client/MultiClient.cj: 218)
        at fountain::f_rpc.client.RPCClient::static.init::lambda.0()(/mnt/d/docs/work/cangjie/projects/fountain/f_rpc/src/client/RPCClient.cj.macrocall: 65)
[WARN-rpc]2026/09/06,13:31:31.065144061|25;error on RPCClient init
An exception has occured:
NoneValueException
        at std.collection.TreeMap<...>::forward(T0, Bool)(std/collection/tree_map.cj: 0)
        at fountain::f_concurrent.LoadBalance<...>::iterator()(/mnt/d/docs/work/cangjie/projects/fountain/f_concurrent/src/LoadBalance.cj: 114)
        at fountain::f_net.client.MultiClient<...>::iterator()(/mnt/d/docs/work/cangjie/projects/fountain/f_net/src/client/MultiClient.cj: 218)
        at fountain::f_rpc.client.RPCClient::static.init::lambda.0()(/mnt/d/docs/work/cangjie/projects/fountain/f_rpc/src/client/RPCClient.cj.macrocall: 65)
[WARN-rpc]2026/09/06,13:31:32.066192828|25;error on RPCClient init
An exception has occured:
NoneValueException
        at std.collection.TreeMap<...>::forward(T0, Bool)(std/collection/tree_map.cj: 0)
        at fountain::f_concurrent.LoadBalance<...>::iterator()(/mnt/d/docs/work/cangjie/projects/fountain/f_concurrent/src/LoadBalance.cj: 114)
        at fountain::f_net.client.MultiClient<...>::iterator()(/mnt/d/docs/work/cangjie/projects/fountain/f_net/src/client/MultiClient.cj: 218)
        at fountain::f_rpc.client.RPCClient::static.init::lambda.0()(/mnt/d/docs/work/cangjie/projects/fountain/f_rpc/src/client/RPCClient.cj.macrocall: 65)
[WARN-rpc]2026/09/06,13:31:33.067860708|25;error on RPCClient init
An exception has occured:
NoneValueException
        at std.collection.TreeMap<...>::forward(T0, Bool)(std/collection/tree_map.cj: 0)
        at fountain::f_concurrent.LoadBalance<...>::iterator()(/mnt/d/docs/work/cangjie/projects/fountain/f_concurrent/src/LoadBalance.cj: 114)
        at fountain::f_net.client.MultiClient<...>::iterator()(/mnt/d/docs/work/cangjie/projects/fountain/f_net/src/client/MultiClient.cj: 218)
        at fountain::f_rpc.client.RPCClient::static.init::lambda.0()(/mnt/d/docs/work/cangjie/projects/fountain/f_rpc/src/client/RPCClient.cj.macrocall: 65)
[WARN-rpc]2026/09/06,13:31:34.069230352|25;error on RPCClient init
An exception has occured:
NoneValueException
        at std.collection.TreeMap<...>::forward(T0, Bool)(std/collection/tree_map.cj: 0)
        at fountain::f_concurrent.LoadBalance<...>::iterator()(/mnt/d/docs/work/cangjie/projects/fountain/f_concurrent/src/LoadBalance.cj: 114)
        at fountain::f_net.client.MultiClient<...>::iterator()(/mnt/d/docs/work/cangjie/projects/fountain/f_net/src/client/MultiClient.cj: 218)
        at fountain::f_rpc.client.RPCClient::static.init::lambda.0()(/mnt/d/docs/work/cangjie/projects/fountain/f_rpc/src/client/RPCClient.cj.macrocall: 65)
[WARN-rpc]2026/09/06,13:31:35.071671220|25;error on RPCClient init
An exception has occured:
NoneValueException
        at std.collection.TreeMap<...>::forward(T0, Bool)(std/collection/tree_map.cj: 0)
        at fountain::f_concurrent.LoadBalance<...>::iterator()(/mnt/d/docs/work/cangjie/projects/fountain/f_concurrent/src/LoadBalance.cj: 114)
        at fountain::f_net.client.MultiClient<...>::iterator()(/mnt/d/docs/work/cangjie/projects/fountain/f_net/src/client/MultiClient.cj: 218)
        at fountain::f_rpc.client.RPCClient::static.init::lambda.0()(/mnt/d/docs/work/cangjie/projects/fountain/f_rpc/src/client/RPCClient.cj.macrocall: 65)
[WARN-rpc]2026/09/06,13:31:36.075939184|25;error on RPCClient init
An exception has occured:
NoneValueException
        at std.collection.TreeMap<...>::forward(T0, Bool)(std/collection/tree_map.cj: 0)
        at fountain::f_concurrent.LoadBalance<...>::iterator()(/mnt/d/docs/work/cangjie/projects/fountain/f_concurrent/src/LoadBalance.cj: 114)
        at fountain::f_net.client.MultiClient<...>::iterator()(/mnt/d/docs/work/cangjie/projects/fountain/f_net/src/client/MultiClient.cj: 218)
        at fountain::f_rpc.client.RPCClient::static.init::lambda.0()(/mnt/d/docs/work/cangjie/projects/fountain/f_rpc/src/client/RPCClient.cj.macrocall: 65)
[WARN-rpc]2026/09/06,13:31:37.078104660|25;error on RPCClient init
An exception has occured:
NoneValueException
        at std.collection.TreeMap<...>::forward(T0, Bool)(std/collection/tree_map.cj: 0)
        at fountain::f_concurrent.LoadBalance<...>::iterator()(/mnt/d/docs/work/cangjie/projects/fountain/f_concurrent/src/LoadBalance.cj: 114)
        at fountain::f_net.client.MultiClient<...>::iterator()(/mnt/d/docs/work/cangjie/projects/fountain/f_net/src/client/MultiClient.cj: 218)
        at fountain::f_rpc.client.RPCClient::static.init::lambda.0()(/mnt/d/docs/work/cangjie/projects/fountain/f_rpc/src/client/RPCClient.cj.macrocall: 65)
[WARN-rpc]2026/09/06,13:31:38.081252785|25;error on RPCClient init
An exception has occured:
NoneValueException
        at std.collection.TreeMap<...>::forward(T0, Bool)(std/collection/tree_map.cj: 0)
        at fountain::f_concurrent.LoadBalance<...>::iterator()(/mnt/d/docs/work/cangjie/projects/fountain/f_concurrent/src/LoadBalance.cj: 114)
        at fountain::f_net.client.MultiClient<...>::iterator()(/mnt/d/docs/work/cangjie/projects/fountain/f_net/src/client/MultiClient.cj: 218)
        at fountain::f_rpc.client.RPCClient::static.init::lambda.0()(/mnt/d/docs/work/cangjie/projects/fountain/f_rpc/src/client/RPCClient.cj.macrocall: 65)
[WARN-rpc]2026/09/06,13:31:39.083468614|25;error on RPCClient init
An exception has occured:
NoneValueException
        at std.collection.TreeMap<...>::forward(T0, Bool)(std/collection/tree_map.cj: 0)
        at fountain::f_concurrent.LoadBalance<...>::iterator()(/mnt/d/docs/work/cangjie/projects/fountain/f_concurrent/src/LoadBalance.cj: 114)
        at fountain::f_net.client.MultiClient<...>::iterator()(/mnt/d/docs/work/cangjie/projects/fountain/f_net/src/client/MultiClient.cj: 218)
        at fountain::f_rpc.client.RPCClient::static.init::lambda.0()(/mnt/d/docs/work/cangjie/projects/fountain/f_rpc/src/client/RPCClient.cj.macrocall: 65)
[WARN-rpc]2026/09/06,13:31:40.084991802|25;error on RPCClient init
An exception has occured:
NoneValueException
        at std.collection.TreeMap<...>::forward(T0, Bool)(std/collection/tree_map.cj: 0)
        at fountain::f_concurrent.LoadBalance<...>::iterator()(/mnt/d/docs/work/cangjie/projects/fountain/f_concurrent/src/LoadBalance.cj: 114)
        at fountain::f_net.client.MultiClient<...>::iterator()(/mnt/d/docs/work/cangjie/projects/fountain/f_net/src/client/MultiClient.cj: 218)
        at fountain::f_rpc.client.RPCClient::static.init::lambda.0()(/mnt/d/docs/work/cangjie/projects/fountain/f_rpc/src/client/RPCClient.cj.macrocall: 65)
[WARN-rpc]2026/09/06,13:31:41.087443967|25;error on RPCClient init
An exception has occured:
NoneValueException
        at std.collection.TreeMap<...>::forward(T0, Bool)(std/collection/tree_map.cj: 0)
        at fountain::f_concurrent.LoadBalance<...>::iterator()(/mnt/d/docs/work/cangjie/projects/fountain/f_concurrent/src/LoadBalance.cj: 114)
        at fountain::f_net.client.MultiClient<...>::iterator()(/mnt/d/docs/work/cangjie/projects/fountain/f_net/src/client/MultiClient.cj: 218)
        at fountain::f_rpc.client.RPCClient::static.init::lambda.0()(/mnt/d/docs/work/cangjie/projects/fountain/f_rpc/src/client/RPCClient.cj.macrocall: 65)
[WARN-rpc]2026/09/06,13:31:42.089864637|25;error on RPCClient init
An exception has occured:
NoneValueException
        at std.collection.TreeMap<...>::forward(T0, Bool)(std/collection/tree_map.cj: 0)
        at fountain::f_concurrent.LoadBalance<...>::iterator()(/mnt/d/docs/work/cangjie/projects/fountain/f_concurrent/src/LoadBalance.cj: 114)
        at fountain::f_net.client.MultiClient<...>::iterator()(/mnt/d/docs/work/cangjie/projects/fountain/f_net/src/client/MultiClient.cj: 218)
        at fountain::f_rpc.client.RPCClient::static.init::lambda.0()(/mnt/d/docs/work/cangjie/projects/fountain/f_rpc/src/client/RPCClient.cj.macrocall: 65)
[WARN-rpc]2026/09/06,13:31:43.092487118|25;error on RPCClient init
An exception has occured:
NoneValueException
        at std.collection.TreeMap<...>::forward(T0, Bool)(std/collection/tree_map.cj: 0)
        at fountain::f_concurrent.LoadBalance<...>::iterator()(/mnt/d/docs/work/cangjie/projects/fountain/f_concurrent/src/LoadBalance.cj: 114)
        at fountain::f_net.client.MultiClient<...>::iterator()(/mnt/d/docs/work/cangjie/projects/fountain/f_net/src/client/MultiClient.cj: 218)
        at fountain::f_rpc.client.RPCClient::static.init::lambda.0()(/mnt/d/docs/work/cangjie/projects/fountain/f_rpc/src/client/RPCClient.cj.macrocall: 65)
[WARN-rpc]2026/09/06,13:31:44.094867498|25;error on RPCClient init
An exception has occured:
NoneValueException
        at std.collection.TreeMap<...>::forward(T0, Bool)(std/collection/tree_map.cj: 0)
        at fountain::f_concurrent.LoadBalance<...>::iterator()(/mnt/d/docs/work/cangjie/projects/fountain/f_concurrent/src/LoadBalance.cj: 114)
        at fountain::f_net.client.MultiClient<...>::iterator()(/mnt/d/docs/work/cangjie/projects/fountain/f_net/src/client/MultiClient.cj: 218)
        at fountain::f_rpc.client.RPCClient::static.init::lambda.0()(/mnt/d/docs/work/cangjie/projects/fountain/f_rpc/src/client/RPCClient.cj.macrocall: 65)
[WARN-rpc]2026/09/06,13:31:45.096783324|25;error on RPCClient init
An exception has occured:
NoneValueException
        at std.collection.TreeMap<...>::forward(T0, Bool)(std/collection/tree_map.cj: 0)
        at fountain::f_concurrent.LoadBalance<...>::iterator()(/mnt/d/docs/work/cangjie/projects/fountain/f_concurrent/src/LoadBalance.cj: 114)
        at fountain::f_net.client.MultiClient<...>::iterator()(/mnt/d/docs/work/cangjie/projects/fountain/f_net/src/client/MultiClient.cj: 218)
        at fountain::f_rpc.client.RPCClient::static.init::lambda.0()(/mnt/d/docs/work/cangjie/projects/fountain/f_rpc/src/client/RPCClient.cj.macrocall: 65)
[WARN-rpc]2026/09/06,13:31:46.098626570|25;error on RPCClient init
An exception has occured:
NoneValueException
        at std.collection.TreeMap<...>::forward(T0, Bool)(std/collection/tree_map.cj: 0)
        at fountain::f_concurrent.LoadBalance<...>::iterator()(/mnt/d/docs/work/cangjie/projects/fountain/f_concurrent/src/LoadBalance.cj: 114)
        at fountain::f_net.client.MultiClient<...>::iterator()(/mnt/d/docs/work/cangjie/projects/fountain/f_net/src/client/MultiClient.cj: 218)
        at fountain::f_rpc.client.RPCClient::static.init::lambda.0()(/mnt/d/docs/work/cangjie/projects/fountain/f_rpc/src/client/RPCClient.cj.macrocall: 65)
[WARN-rpc]2026/09/06,13:31:47.101758842|25;error on RPCClient init
An exception has occured:
NoneValueException
        at std.collection.TreeMap<...>::forward(T0, Bool)(std/collection/tree_map.cj: 0)
        at fountain::f_concurrent.LoadBalance<...>::iterator()(/mnt/d/docs/work/cangjie/projects/fountain/f_concurrent/src/LoadBalance.cj: 114)
        at fountain::f_net.client.MultiClient<...>::iterator()(/mnt/d/docs/work/cangjie/projects/fountain/f_net/src/client/MultiClient.cj: 218)
        at fountain::f_rpc.client.RPCClient::static.init::lambda.0()(/mnt/d/docs/work/cangjie/projects/fountain/f_rpc/src/client/RPCClient.cj.macrocall: 65)
[WARN-rpc]2026/09/06,13:31:48.103259282|25;error on RPCClient init
An exception has occured:
NoneValueException
        at std.collection.TreeMap<...>::forward(T0, Bool)(std/collection/tree_map.cj: 0)
        at fountain::f_concurrent.LoadBalance<...>::iterator()(/mnt/d/docs/work/cangjie/projects/fountain/f_concurrent/src/LoadBalance.cj: 114)
        at fountain::f_net.client.MultiClient<...>::iterator()(/mnt/d/docs/work/cangjie/projects/fountain/f_net/src/client/MultiClient.cj: 218)
        at fountain::f_rpc.client.RPCClient::static.init::lambda.0()(/mnt/d/docs/work/cangjie/projects/fountain/f_rpc/src/client/RPCClient.cj.macrocall: 65)
[WARN-rpc]2026/09/06,13:31:49.104857598|25;error on RPCClient init
An exception has occured:
NoneValueException
        at std.collection.TreeMap<...>::forward(T0, Bool)(std/collection/tree_map.cj: 0)
        at fountain::f_concurrent.LoadBalance<...>::iterator()(/mnt/d/docs/work/cangjie/projects/fountain/f_concurrent/src/LoadBalance.cj: 114)
        at fountain::f_net.client.MultiClient<...>::iterator()(/mnt/d/docs/work/cangjie/projects/fountain/f_net/src/client/MultiClient.cj: 218)
        at fountain::f_rpc.client.RPCClient::static.init::lambda.0()(/mnt/d/docs/work/cangjie/projects/fountain/f_rpc/src/client/RPCClient.cj.macrocall: 65)
[WARN-rpc]2026/09/06,13:31:50.106725508|25;error on RPCClient init
An exception has occured:
NoneValueException
        at std.collection.TreeMap<...>::forward(T0, Bool)(std/collection/tree_map.cj: 0)
        at fountain::f_concurrent.LoadBalance<...>::iterator()(/mnt/d/docs/work/cangjie/projects/fountain/f_concurrent/src/LoadBalance.cj: 114)
        at fountain::f_net.client.MultiClient<...>::iterator()(/mnt/d/docs/work/cangjie/projects/fountain/f_net/src/client/MultiClient.cj: 218)
        at fountain::f_rpc.client.RPCClient::static.init::lambda.0()(/mnt/d/docs/work/cangjie/projects/fountain/f_rpc/src/client/RPCClient.cj.macrocall: 65)
[WARN-rpc]2026/09/06,13:31:51.110997704|25;error on RPCClient init
An exception has occured:
NoneValueException
        at std.collection.TreeMap<...>::forward(T0, Bool)(std/collection/tree_map.cj: 0)
        at fountain::f_concurrent.LoadBalance<...>::iterator()(/mnt/d/docs/work/cangjie/projects/fountain/f_concurrent/src/LoadBalance.cj: 114)
        at fountain::f_net.client.MultiClient<...>::iterator()(/mnt/d/docs/work/cangjie/projects/fountain/f_net/src/client/MultiClient.cj: 218)
        at fountain::f_rpc.client.RPCClient::static.init::lambda.0()(/mnt/d/docs/work/cangjie/projects/fountain/f_rpc/src/client/RPCClient.cj.macrocall: 65)
[WARN-rpc]2026/09/06,13:31:52.114656640|25;error on RPCClient init
An exception has occured:
NoneValueException
        at std.collection.TreeMap<...>::forward(T0, Bool)(std/collection/tree_map.cj: 0)
        at fountain::f_concurrent.LoadBalance<...>::iterator()(/mnt/d/docs/work/cangjie/projects/fountain/f_concurrent/src/LoadBalance.cj: 114)
        at fountain::f_net.client.MultiClient<...>::iterator()(/mnt/d/docs/work/cangjie/projects/fountain/f_net/src/client/MultiClient.cj: 218)
        at fountain::f_rpc.client.RPCClient::static.init::lambda.0()(/mnt/d/docs/work/cangjie/projects/fountain/f_rpc/src/client/RPCClient.cj.macrocall: 65)
[WARN-rpc]2026/09/06,13:31:53.116650292|25;error on RPCClient init
An exception has occured:
NoneValueException
        at std.collection.TreeMap<...>::forward(T0, Bool)(std/collection/tree_map.cj: 0)
        at fountain::f_concurrent.LoadBalance<...>::iterator()(/mnt/d/docs/work/cangjie/projects/fountain/f_concurrent/src/LoadBalance.cj: 114)
        at fountain::f_net.client.MultiClient<...>::iterator()(/mnt/d/docs/work/cangjie/projects/fountain/f_net/src/client/MultiClient.cj: 218)
        at fountain::f_rpc.client.RPCClient::static.init::lambda.0()(/mnt/d/docs/work/cangjie/projects/fountain/f_rpc/src/client/RPCClient.cj.macrocall: 65)
[WARN-rpc]2026/09/06,13:31:54.119641755|25;error on RPCClient init
An exception has occured:
NoneValueException
        at std.collection.TreeMap<...>::forward(T0, Bool)(std/collection/tree_map.cj: 0)
        at fountain::f_concurrent.LoadBalance<...>::iterator()(/mnt/d/docs/work/cangjie/projects/fountain/f_concurrent/src/LoadBalance.cj: 114)
        at fountain::f_net.client.MultiClient<...>::iterator()(/mnt/d/docs/work/cangjie/projects/fountain/f_net/src/client/MultiClient.cj: 218)
        at fountain::f_rpc.client.RPCClient::static.init::lambda.0()(/mnt/d/docs/work/cangjie/projects/fountain/f_rpc/src/client/RPCClient.cj.macrocall: 65)
[WARN-rpc]2026/09/06,13:31:55.121622340|25;error on RPCClient init
An exception has occured:
NoneValueException
        at std.collection.TreeMap<...>::forward(T0, Bool)(std/collection/tree_map.cj: 0)
        at fountain::f_concurrent.LoadBalance<...>::iterator()(/mnt/d/docs/work/cangjie/projects/fountain/f_concurrent/src/LoadBalance.cj: 114)
        at fountain::f_net.client.MultiClient<...>::iterator()(/mnt/d/docs/work/cangjie/projects/fountain/f_net/src/client/MultiClient.cj: 218)
        at fountain::f_rpc.client.RPCClient::static.init::lambda.0()(/mnt/d/docs/work/cangjie/projects/fountain/f_rpc/src/client/RPCClient.cj.macrocall: 65)
[WARN-rpc]2026/09/06,13:31:56.123578211|25;error on RPCClient init
An exception has occured:
NoneValueException
        at std.collection.TreeMap<...>::forward(T0, Bool)(std/collection/tree_map.cj: 0)
        at fountain::f_concurrent.LoadBalance<...>::iterator()(/mnt/d/docs/work/cangjie/projects/fountain/f_concurrent/src/LoadBalance.cj: 114)
        at fountain::f_net.client.MultiClient<...>::iterator()(/mnt/d/docs/work/cangjie/projects/fountain/f_net/src/client/MultiClient.cj: 218)
        at fountain::f_rpc.client.RPCClient::static.init::lambda.0()(/mnt/d/docs/work/cangjie/projects/fountain/f_rpc/src/client/RPCClient.cj.macrocall: 65)
[WARN-rpc]2026/09/06,13:31:57.125809845|25;error on RPCClient init
An exception has occured:
NoneValueException
        at std.collection.TreeMap<...>::forward(T0, Bool)(std/collection/tree_map.cj: 0)
        at fountain::f_concurrent.LoadBalance<...>::iterator()(/mnt/d/docs/work/cangjie/projects/fountain/f_concurrent/src/LoadBalance.cj: 114)
        at fountain::f_net.client.MultiClient<...>::iterator()(/mnt/d/docs/work/cangjie/projects/fountain/f_net/src/client/MultiClient.cj: 218)
        at fountain::f_rpc.client.RPCClient::static.init::lambda.0()(/mnt/d/docs/work/cangjie/projects/fountain/f_rpc/src/client/RPCClient.cj.macrocall: 65)
[WARN-rpc]2026/09/06,13:31:58.128571209|25;error on RPCClient init
An exception has occured:
NoneValueException
        at std.collection.TreeMap<...>::forward(T0, Bool)(std/collection/tree_map.cj: 0)
        at fountain::f_concurrent.LoadBalance<...>::iterator()(/mnt/d/docs/work/cangjie/projects/fountain/f_concurrent/src/LoadBalance.cj: 114)
        at fountain::f_net.client.MultiClient<...>::iterator()(/mnt/d/docs/work/cangjie/projects/fountain/f_net/src/client/MultiClient.cj: 218)
        at fountain::f_rpc.client.RPCClient::static.init::lambda.0()(/mnt/d/docs/work/cangjie/projects/fountain/f_rpc/src/client/RPCClient.cj.macrocall: 65)
[WARN-rpc]2026/09/06,13:31:59.130969872|25;error on RPCClient init
An exception has occured:
NoneValueException
        at std.collection.TreeMap<...>::forward(T0, Bool)(std/collection/tree_map.cj: 0)
        at fountain::f_concurrent.LoadBalance<...>::iterator()(/mnt/d/docs/work/cangjie/projects/fountain/f_concurrent/src/LoadBalance.cj: 114)
        at fountain::f_net.client.MultiClient<...>::iterator()(/mnt/d/docs/work/cangjie/projects/fountain/f_net/src/client/MultiClient.cj: 218)
        at fountain::f_rpc.client.RPCClient::static.init::lambda.0()(/mnt/d/docs/work/cangjie/projects/fountain/f_rpc/src/client/RPCClient.cj.macrocall: 65)
[WARN-rpc]2026/09/06,13:32:00.133808497|25;error on RPCClient init
An exception has occured:
NoneValueException
        at std.collection.TreeMap<...>::forward(T0, Bool)(std/collection/tree_map.cj: 0)
        at fountain::f_concurrent.LoadBalance<...>::iterator()(/mnt/d/docs/work/cangjie/projects/fountain/f_concurrent/src/LoadBalance.cj: 114)
        at fountain::f_net.client.MultiClient<...>::iterator()(/mnt/d/docs/work/cangjie/projects/fountain/f_net/src/client/MultiClient.cj: 218)
        at fountain::f_rpc.client.RPCClient::static.init::lambda.0()(/mnt/d/docs/work/cangjie/projects/fountain/f_rpc/src/client/RPCClient.cj.macrocall: 65)
[WARN-rpc]2026/09/06,13:32:01.135730523|25;error on RPCClient init
An exception has occured:
NoneValueException
        at std.collection.TreeMap<...>::forward(T0, Bool)(std/collection/tree_map.cj: 0)
        at fountain::f_concurrent.LoadBalance<...>::iterator()(/mnt/d/docs/work/cangjie/projects/fountain/f_concurrent/src/LoadBalance.cj: 114)
        at fountain::f_net.client.MultiClient<...>::iterator()(/mnt/d/docs/work/cangjie/projects/fountain/f_net/src/client/MultiClient.cj: 218)
        at fountain::f_rpc.client.RPCClient::static.init::lambda.0()(/mnt/d/docs/work/cangjie/projects/fountain/f_rpc/src/client/RPCClient.cj.macrocall: 65)
[WARN-rpc]2026/09/06,13:32:02.139106642|25;error on RPCClient init
An exception has occured:
NoneValueException
        at std.collection.TreeMap<...>::forward(T0, Bool)(std/collection/tree_map.cj: 0)
        at fountain::f_concurrent.LoadBalance<...>::iterator()(/mnt/d/docs/work/cangjie/projects/fountain/f_concurrent/src/LoadBalance.cj: 114)
        at fountain::f_net.client.MultiClient<...>::iterator()(/mnt/d/docs/work/cangjie/projects/fountain/f_net/src/client/MultiClient.cj: 218)
        at fountain::f_rpc.client.RPCClient::static.init::lambda.0()(/mnt/d/docs/work/cangjie/projects/fountain/f_rpc/src/client/RPCClient.cj.macrocall: 65)
[WARN-rpc]2026/09/06,13:32:03.141756795|25;error on RPCClient init
An exception has occured:
NoneValueException
        at std.collection.TreeMap<...>::forward(T0, Bool)(std/collection/tree_map.cj: 0)
        at fountain::f_concurrent.LoadBalance<...>::iterator()(/mnt/d/docs/work/cangjie/projects/fountain/f_concurrent/src/LoadBalance.cj: 114)
        at fountain::f_net.client.MultiClient<...>::iterator()(/mnt/d/docs/work/cangjie/projects/fountain/f_net/src/client/MultiClient.cj: 218)
        at fountain::f_rpc.client.RPCClient::static.init::lambda.0()(/mnt/d/docs/work/cangjie/projects/fountain/f_rpc/src/client/RPCClient.cj.macrocall: 65)
[WARN-rpc]2026/09/06,13:32:04.145763167|25;error on RPCClient init
An exception has occured:
NoneValueException
        at std.collection.TreeMap<...>::forward(T0, Bool)(std/collection/tree_map.cj: 0)
        at fountain::f_concurrent.LoadBalance<...>::iterator()(/mnt/d/docs/work/cangjie/projects/fountain/f_concurrent/src/LoadBalance.cj: 114)
        at fountain::f_net.client.MultiClient<...>::iterator()(/mnt/d/docs/work/cangjie/projects/fountain/f_net/src/client/MultiClient.cj: 218)
        at fountain::f_rpc.client.RPCClient::static.init::lambda.0()(/mnt/d/docs/work/cangjie/projects/fountain/f_rpc/src/client/RPCClient.cj.macrocall: 65)
[WARN-rpc]2026/09/06,13:32:05.147406112|25;error on RPCClient init
An exception has occured:
NoneValueException
        at std.collection.TreeMap<...>::forward(T0, Bool)(std/collection/tree_map.cj: 0)
        at fountain::f_concurrent.LoadBalance<...>::iterator()(/mnt/d/docs/work/cangjie/projects/fountain/f_concurrent/src/LoadBalance.cj: 114)
        at fountain::f_net.client.MultiClient<...>::iterator()(/mnt/d/docs/work/cangjie/projects/fountain/f_net/src/client/MultiClient.cj: 218)
        at fountain::f_rpc.client.RPCClient::static.init::lambda.0()(/mnt/d/docs/work/cangjie/projects/fountain/f_rpc/src/client/RPCClient.cj.macrocall: 65)
[WARN-rpc]2026/09/06,13:32:06.151119744|25;error on RPCClient init
An exception has occured:
NoneValueException
        at std.collection.TreeMap<...>::forward(T0, Bool)(std/collection/tree_map.cj: 0)
        at fountain::f_concurrent.LoadBalance<...>::iterator()(/mnt/d/docs/work/cangjie/projects/fountain/f_concurrent/src/LoadBalance.cj: 114)
        at fountain::f_net.client.MultiClient<...>::iterator()(/mnt/d/docs/work/cangjie/projects/fountain/f_net/src/client/MultiClient.cj: 218)
        at fountain::f_rpc.client.RPCClient::static.init::lambda.0()(/mnt/d/docs/work/cangjie/projects/fountain/f_rpc/src/client/RPCClient.cj.macrocall: 65)
[WARN-rpc]2026/09/06,13:32:07.154448879|25;error on RPCClient init
An exception has occured:
NoneValueException
        at std.collection.TreeMap<...>::forward(T0, Bool)(std/collection/tree_map.cj: 0)
        at fountain::f_concurrent.LoadBalance<...>::iterator()(/mnt/d/docs/work/cangjie/projects/fountain/f_concurrent/src/LoadBalance.cj: 114)
        at fountain::f_net.client.MultiClient<...>::iterator()(/mnt/d/docs/work/cangjie/projects/fountain/f_net/src/client/MultiClient.cj: 218)
        at fountain::f_rpc.client.RPCClient::static.init::lambda.0()(/mnt/d/docs/work/cangjie/projects/fountain/f_rpc/src/client/RPCClient.cj.macrocall: 65)
[WARN-rpc]2026/09/06,13:32:08.155880135|25;error on RPCClient init
An exception has occured:
NoneValueException
        at std.collection.TreeMap<...>::forward(T0, Bool)(std/collection/tree_map.cj: 0)
        at fountain::f_concurrent.LoadBalance<...>::iterator()(/mnt/d/docs/work/cangjie/projects/fountain/f_concurrent/src/LoadBalance.cj: 114)
        at fountain::f_net.client.MultiClient<...>::iterator()(/mnt/d/docs/work/cangjie/projects/fountain/f_net/src/client/MultiClient.cj: 218)
        at fountain::f_rpc.client.RPCClient::static.init::lambda.0()(/mnt/d/docs/work/cangjie/projects/fountain/f_rpc/src/client/RPCClient.cj.macrocall: 65)
[WARN-rpc]2026/09/06,13:32:09.160065740|25;error on RPCClient init
An exception has occured:
NoneValueException
        at std.collection.TreeMap<...>::forward(T0, Bool)(std/collection/tree_map.cj: 0)
        at fountain::f_concurrent.LoadBalance<...>::iterator()(/mnt/d/docs/work/cangjie/projects/fountain/f_concurrent/src/LoadBalance.cj: 114)
        at fountain::f_net.client.MultiClient<...>::iterator()(/mnt/d/docs/work/cangjie/projects/fountain/f_net/src/client/MultiClient.cj: 218)
        at fountain::f_rpc.client.RPCClient::static.init::lambda.0()(/mnt/d/docs/work/cangjie/projects/fountain/f_rpc/src/client/RPCClient.cj.macrocall: 65)
[WARN-rpc]2026/09/06,13:32:10.169794779|25;error on RPCClient init
An exception has occured:
NoneValueException
        at std.collection.TreeMap<...>::forward(T0, Bool)(std/collection/tree_map.cj: 0)
        at fountain::f_concurrent.LoadBalance<...>::iterator()(/mnt/d/docs/work/cangjie/projects/fountain/f_concurrent/src/LoadBalance.cj: 114)
        at fountain::f_net.client.MultiClient<...>::iterator()(/mnt/d/docs/work/cangjie/projects/fountain/f_net/src/client/MultiClient.cj: 218)
        at fountain::f_rpc.client.RPCClient::static.init::lambda.0()(/mnt/d/docs/work/cangjie/projects/fountain/f_rpc/src/client/RPCClient.cj.macrocall: 65)
[WARN-rpc]2026/09/06,13:32:11.179192121|25;error on RPCClient init
An exception has occured:
NoneValueException
        at std.collection.TreeMap<...>::forward(T0, Bool)(std/collection/tree_map.cj: 0)
        at fountain::f_concurrent.LoadBalance<...>::iterator()(/mnt/d/docs/work/cangjie/projects/fountain/f_concurrent/src/LoadBalance.cj: 114)
        at fountain::f_net.client.MultiClient<...>::iterator()(/mnt/d/docs/work/cangjie/projects/fountain/f_net/src/client/MultiClient.cj: 218)
        at fountain::f_rpc.client.RPCClient::static.init::lambda.0()(/mnt/d/docs/work/cangjie/projects/fountain/f_rpc/src/client/RPCClient.cj.macrocall: 65)
